problem,benchmark,effort,solver,run,energy,best_found,time_s,ops
Maxcut,G1,0,bSB,0,-11623.0,-11624.0,0.012257814407348633,643603000.0
Maxcut,G1,0,bSB,1,-11585.0,-11624.0,0.012287139892578125,643603000.0
Maxcut,G1,0,bSB,2,-11570.0,-11624.0,0.01222538948059082,643603000.0
Maxcut,G1,0,bSB,3,-11623.0,-11624.0,0.012742996215820312,643603000.0
Maxcut,G1,0,bSB,4,-11586.0,-11624.0,0.012697696685791016,643603000.0
Maxcut,G1,0,bSB,5,-11587.0,-11624.0,0.012918472290039062,643603000.0
Maxcut,G1,0,bSB,6,-11593.0,-11624.0,0.012919902801513672,643603000.0
Maxcut,G1,0,bSB,7,-11585.0,-11624.0,0.01292109489440918,643603000.0
Maxcut,G1,0,bSB,8,-11589.0,-11624.0,0.012956857681274414,643603000.0
Maxcut,G1,0,bSB,9,-11602.0,-11624.0,0.012669563293457031,643603000.0
Maxcut,G1,0,dSB,0,-11525.0,-11624.0,0.014843463897705078,643602500.0
Maxcut,G1,0,dSB,1,-11606.0,-11624.0,0.015494823455810547,643602500.0
Maxcut,G1,0,dSB,2,-11543.0,-11624.0,0.015046358108520508,643602500.0
Maxcut,G1,0,dSB,3,-11484.0,-11624.0,0.014858007431030273,643602500.0
Maxcut,G1,0,dSB,4,-11569.0,-11624.0,0.014948129653930664,643602500.0
Maxcut,G1,0,dSB,5,-11561.0,-11624.0,0.01485133171081543,643602500.0
Maxcut,G1,0,dSB,6,-11542.0,-11624.0,0.014918327331542969,643602500.0
Maxcut,G1,0,dSB,7,-11500.0,-11624.0,0.01483607292175293,643602500.0
Maxcut,G1,0,dSB,8,-11544.0,-11624.0,0.015038728713989258,643602500.0
Maxcut,G1,0,dSB,9,-11545.0,-11624.0,0.015456914901733398,643602500.0
Maxcut,G1,0,SA,0,-10639.0,-11624.0,0.008830785751342773,1284491200.0
Maxcut,G1,0,SA,1,-10620.0,-11624.0,0.009256601333618164,1284491200.0
Maxcut,G1,0,SA,2,-10584.0,-11624.0,0.008835315704345703,1284491200.0
Maxcut,G1,0,SA,3,-10535.0,-11624.0,0.008646726608276367,1284491200.0
Maxcut,G1,0,SA,4,-10625.0,-11624.0,0.008569717407226562,1284491200.0
Maxcut,G1,0,SA,5,-10603.0,-11624.0,0.008861780166625977,1284491200.0
Maxcut,G1,0,SA,6,-10523.0,-11624.0,0.008629322052001953,1284491200.0
Maxcut,G1,0,SA,7,-10599.0,-11624.0,0.00942850112915039,1284491200.0
Maxcut,G1,0,SA,8,-10559.0,-11624.0,0.00864553451538086,1284491200.0
Maxcut,G1,0,SA,9,-10594.0,-11624.0,0.0092010498046875,1284491200.0
Maxcut,G1,0,inSituSA,0,-10376.0,-11624.0,0.032538652420043945,2800500.0
Maxcut,G1,0,inSituSA,1,-10293.0,-11624.0,0.02863621711730957,2800500.0
Maxcut,G1,0,inSituSA,2,-10309.0,-11624.0,0.030833721160888672,2800500.0
Maxcut,G1,0,inSituSA,3,-10203.0,-11624.0,0.0298001766204834,2800500.0
Maxcut,G1,0,inSituSA,4,-10364.0,-11624.0,0.029250144958496094,2800500.0
Maxcut,G1,0,inSituSA,5,-10416.0,-11624.0,0.02915358543395996,2800500.0
Maxcut,G1,0,inSituSA,6,-10213.0,-11624.0,0.029349088668823242,2800500.0
Maxcut,G1,0,inSituSA,7,-10285.0,-11624.0,0.029417037963867188,2800500.0
Maxcut,G1,0,inSituSA,8,-10274.0,-11624.0,0.029432058334350586,2800500.0
Maxcut,G1,0,inSituSA,9,-10323.0,-11624.0,0.028800487518310547,2800500.0
Maxcut,G1,0,SCA,0,-11080.0,-11624.0,0.07836413383483887,128680200.0
Maxcut,G1,0,SCA,1,-11021.0,-11624.0,0.06817150115966797,128680200.0
Maxcut,G1,0,SCA,2,-11044.0,-11624.0,0.06822919845581055,128680200.0
Maxcut,G1,0,SCA,3,-11014.0,-11624.0,0.0676736831665039,128680200.0
Maxcut,G1,0,SCA,4,-11039.0,-11624.0,0.07124614715576172,128680200.0
Maxcut,G1,0,SCA,5,-10951.0,-11624.0,0.0676732063293457,128680200.0
Maxcut,G1,0,SCA,6,-11061.0,-11624.0,0.06782245635986328,128680200.0
Maxcut,G1,0,SCA,7,-11050.0,-11624.0,0.06806039810180664,128680200.0
Maxcut,G1,0,SCA,8,-11045.0,-11624.0,0.068572998046875,128680200.0
Maxcut,G1,0,SCA,9,-11094.0,-11624.0,0.06774258613586426,128680200.0
Maxcut,K2000,0,bSB,0,-33266.0,-33337.0,0.02158522605895996,4009003000.0
Maxcut,K2000,0,bSB,1,-32870.0,-33337.0,0.019854068756103516,4009003000.0
Maxcut,K2000,0,bSB,2,-33026.0,-33337.0,0.019719839096069336,4009003000.0
Maxcut,K2000,0,bSB,3,-33055.0,-33337.0,0.01988077163696289,4009003000.0
Maxcut,K2000,0,bSB,4,-33171.0,-33337.0,0.0198056697845459,4009003000.0
Maxcut,K2000,0,bSB,5,-33140.0,-33337.0,0.019947052001953125,4009003000.0
Maxcut,K2000,0,bSB,6,-33179.0,-33337.0,0.019740581512451172,4009003000.0
Maxcut,K2000,0,bSB,7,-32786.0,-33337.0,0.023204803466796875,4009003000.0
Maxcut,K2000,0,bSB,8,-32816.0,-33337.0,0.04377317428588867,4009003000.0
Maxcut,K2000,0,bSB,9,-32866.0,-33337.0,0.02001190185546875,4009003000.0
Maxcut,K2000,0,dSB,0,-32807.0,-33337.0,0.023248672485351562,4009002500.0
Maxcut,K2000,0,dSB,1,-32820.0,-33337.0,0.023237943649291992,4009002500.0
Maxcut,K2000,0,dSB,2,-32319.0,-33337.0,0.022829055786132812,4009002500.0
Maxcut,K2000,0,dSB,3,-32549.0,-33337.0,0.023165464401245117,4009002500.0
Maxcut,K2000,0,dSB,4,-32553.0,-33337.0,0.022824764251708984,4009002500.0
Maxcut,K2000,0,dSB,5,-32644.0,-33337.0,0.02349710464477539,4009002500.0
Maxcut,K2000,0,dSB,6,-32773.0,-33337.0,0.024927139282226562,4009002500.0
Maxcut,K2000,0,dSB,7,-32871.0,-33337.0,0.02343273162841797,4009002500.0
Maxcut,K2000,0,dSB,8,-32846.0,-33337.0,0.025573015213012695,4009002500.0
Maxcut,K2000,0,dSB,9,-32895.0,-33337.0,0.023433446884155273,4009002500.0
Maxcut,K2000,0,SA,0,-11845.0,-33337.0,0.0172274112701416,8016016000.0
Maxcut,K2000,0,SA,1,-10455.0,-33337.0,0.020171642303466797,8016016000.0
Maxcut,K2000,0,SA,2,-10989.0,-33337.0,0.01743030548095703,8016016000.0
Maxcut,K2000,0,SA,3,-11114.0,-33337.0,0.0175168514251709,8016016000.0
Maxcut,K2000,0,SA,4,-10178.0,-33337.0,0.01721787452697754,8016016000.0
Maxcut,K2000,0,SA,5,-11784.0,-33337.0,0.017818927764892578,8016016000.0
Maxcut,K2000,0,SA,6,-11960.0,-33337.0,0.02171802520751953,8016016000.0
Maxcut,K2000,0,SA,7,-10972.0,-33337.0,0.023099422454833984,8016016000.0
Maxcut,K2000,0,SA,8,-10655.0,-33337.0,0.025255680084228516,8016016000.0
Maxcut,K2000,0,SA,9,-10357.0,-33337.0,0.01751995086669922,8016016000.0
Maxcut,K2000,0,inSituSA,0,-4552.0,-33337.0,0.05620121955871582,7000500.0
Maxcut,K2000,0,inSituSA,1,-4766.0,-33337.0,0.05533242225646973,7000500.0
Maxcut,K2000,0,inSituSA,2,-5261.0,-33337.0,0.05563664436340332,7000500.0
Maxcut,K2000,0,inSituSA,3,-5080.0,-33337.0,0.10381937026977539,7000500.0
Maxcut,K2000,0,inSituSA,4,-4015.0,-33337.0,0.057051897048950195,7000500.0
Maxcut,K2000,0,inSituSA,5,-4479.0,-33337.0,0.054798126220703125,7000500.0
Maxcut,K2000,0,inSituSA,6,-4818.0,-33337.0,0.059352874755859375,7000500.0
Maxcut,K2000,0,inSituSA,7,-4024.0,-33337.0,0.07307624816894531,7000500.0
Maxcut,K2000,0,inSituSA,8,-4318.0,-33337.0,0.05848193168640137,7000500.0
Maxcut,K2000,0,inSituSA,9,-4458.0,-33337.0,0.09214448928833008,7000500.0
Maxcut,K2000,0,SCA,0,-30159.0,-33337.0,0.2642824649810791,801700200.0
Maxcut,K2000,0,SCA,1,-30761.0,-33337.0,0.26197123527526855,801700200.0
Maxcut,K2000,0,SCA,2,-30590.0,-33337.0,0.2660191059112549,801700200.0
Maxcut,K2000,0,SCA,3,-30591.0,-33337.0,0.2652313709259033,801700200.0
Maxcut,K2000,0,SCA,4,-31001.0,-33337.0,0.26865625381469727,801700200.0
Maxcut,K2000,0,SCA,5,-30091.0,-33337.0,0.26560521125793457,801700200.0
Maxcut,K2000,0,SCA,6,-30970.0,-33337.0,0.2944300174713135,801700200.0
Maxcut,K2000,0,SCA,7,-30248.0,-33337.0,0.2843656539916992,801700200.0
Maxcut,K2000,0,SCA,8,-30011.0,-33337.0,0.2817850112915039,801700200.0
Maxcut,K2000,0,SCA,9,-31201.0,-33337.0,0.2722914218902588,801700200.0
Maxcut,G1,1,bSB,0,-11623.0,-11624.0,0.02573227882385254,1287206000.0
Maxcut,G1,1,bSB,1,-11589.0,-11624.0,0.02562856674194336,1287206000.0
Maxcut,G1,1,bSB,2,-11584.0,-11624.0,0.025516748428344727,1287206000.0
Maxcut,G1,1,bSB,3,-11623.0,-11624.0,0.028126001358032227,1287206000.0
Maxcut,G1,1,bSB,4,-11582.0,-11624.0,0.02452540397644043,1287206000.0
Maxcut,G1,1,bSB,5,-11593.0,-11624.0,0.025412797927856445,1287206000.0
Maxcut,G1,1,bSB,6,-11623.0,-11624.0,0.02602410316467285,1287206000.0
Maxcut,G1,1,bSB,7,-11579.0,-11624.0,0.025437116622924805,1287206000.0
Maxcut,G1,1,bSB,8,-11590.0,-11624.0,0.026845455169677734,1287206000.0
Maxcut,G1,1,bSB,9,-11599.0,-11624.0,0.025365114212036133,1287206000.0
Maxcut,G1,1,dSB,0,-11572.0,-11624.0,0.08454251289367676,1287205000.0
Maxcut,G1,1,dSB,1,-11558.0,-11624.0,0.031418561935424805,1287205000.0
Maxcut,G1,1,dSB,2,-11514.0,-11624.0,0.03142380714416504,1287205000.0
Maxcut,G1,1,dSB,3,-11547.0,-11624.0,0.03681826591491699,1287205000.0
Maxcut,G1,1,dSB,4,-11537.0,-11624.0,0.031319379806518555,1287205000.0
Maxcut,G1,1,dSB,5,-11532.0,-11624.0,0.03095555305480957,1287205000.0
Maxcut,G1,1,dSB,6,-11541.0,-11624.0,0.030141592025756836,1287205000.0
Maxcut,G1,1,dSB,7,-11543.0,-11624.0,0.0308840274810791,1287205000.0
Maxcut,G1,1,dSB,8,-11540.0,-11624.0,0.030162811279296875,1287205000.0
Maxcut,G1,1,dSB,9,-11557.0,-11624.0,0.03030681610107422,1287205000.0
Maxcut,G1,1,SA,0,-11235.0,-11624.0,0.050946712493896484,6417323200.0
Maxcut,G1,1,SA,1,-11232.0,-11624.0,0.0471348762512207,6417323200.0
Maxcut,G1,1,SA,2,-11207.0,-11624.0,0.04781317710876465,6417323200.0
Maxcut,G1,1,SA,3,-11187.0,-11624.0,0.04864645004272461,6417323200.0
Maxcut,G1,1,SA,4,-11226.0,-11624.0,0.0475916862487793,6417323200.0
Maxcut,G1,1,SA,5,-11209.0,-11624.0,0.04616379737854004,6417323200.0
Maxcut,G1,1,SA,6,-11158.0,-11624.0,0.046410322189331055,6417323200.0
Maxcut,G1,1,SA,7,-11219.0,-11624.0,0.045861244201660156,6417323200.0
Maxcut,G1,1,SA,8,-11249.0,-11624.0,0.046904802322387695,6417323200.0
Maxcut,G1,1,SA,9,-11206.0,-11624.0,0.0465855598449707,6417323200.0
Maxcut,G1,1,inSituSA,0,-10678.0,-11624.0,0.057990074157714844,5601000.0
Maxcut,G1,1,inSituSA,1,-10657.0,-11624.0,0.06218314170837402,5601000.0
Maxcut,G1,1,inSituSA,2,-10614.0,-11624.0,0.05772113800048828,5601000.0
Maxcut,G1,1,inSituSA,3,-10601.0,-11624.0,0.05809283256530762,5601000.0
Maxcut,G1,1,inSituSA,4,-10689.0,-11624.0,0.057782888412475586,5601000.0
Maxcut,G1,1,inSituSA,5,-10715.0,-11624.0,0.05808234214782715,5601000.0
Maxcut,G1,1,inSituSA,6,-10709.0,-11624.0,0.05782270431518555,5601000.0
Maxcut,G1,1,inSituSA,7,-10620.0,-11624.0,0.05792593955993652,5601000.0
Maxcut,G1,1,inSituSA,8,-10635.0,-11624.0,0.05786561965942383,5601000.0
Maxcut,G1,1,inSituSA,9,-10635.0,-11624.0,0.05823683738708496,5601000.0
Maxcut,G1,1,SCA,0,-11299.0,-11624.0,0.3566892147064209,643401000.0
Maxcut,G1,1,SCA,1,-11348.0,-11624.0,0.3485095500946045,643401000.0
Maxcut,G1,1,SCA,2,-11349.0,-11624.0,0.34708571434020996,643401000.0
Maxcut,G1,1,SCA,3,-11323.0,-11624.0,0.4047431945800781,643401000.0
Maxcut,G1,1,SCA,4,-11366.0,-11624.0,0.3465268611907959,643401000.0
Maxcut,G1,1,SCA,5,-11245.0,-11624.0,0.3479728698730469,643401000.0
Maxcut,G1,1,SCA,6,-11358.0,-11624.0,0.376514196395874,643401000.0
Maxcut,G1,1,SCA,7,-11303.0,-11624.0,0.38583922386169434,643401000.0
Maxcut,G1,1,SCA,8,-11359.0,-11624.0,0.34469103813171387,643401000.0
Maxcut,G1,1,SCA,9,-11308.0,-11624.0,0.44346046447753906,643401000.0
Maxcut,K2000,1,bSB,0,-33271.0,-33337.0,0.03897523880004883,8018006000.0
Maxcut,K2000,1,bSB,1,-32884.0,-33337.0,0.03760409355163574,8018006000.0
Maxcut,K2000,1,bSB,2,-32952.0,-33337.0,0.038924455642700195,8018006000.0
Maxcut,K2000,1,bSB,3,-33085.0,-33337.0,0.038336753845214844,8018006000.0
Maxcut,K2000,1,bSB,4,-33208.0,-33337.0,0.03901505470275879,8018006000.0
Maxcut,K2000,1,bSB,5,-33138.0,-33337.0,0.038567304611206055,8018006000.0
Maxcut,K2000,1,bSB,6,-33214.0,-33337.0,0.04033851623535156,8018006000.0
Maxcut,K2000,1,bSB,7,-32828.0,-33337.0,0.03865623474121094,8018006000.0
Maxcut,K2000,1,bSB,8,-32942.0,-33337.0,0.048004865646362305,8018006000.0
Maxcut,K2000,1,bSB,9,-32951.0,-33337.0,0.03862905502319336,8018006000.0
Maxcut,K2000,1,dSB,0,-32927.0,-33337.0,0.04500174522399902,8018005000.0
Maxcut,K2000,1,dSB,1,-32849.0,-33337.0,0.044861555099487305,8018005000.0
Maxcut,K2000,1,dSB,2,-32831.0,-33337.0,0.04587602615356445,8018005000.0
Maxcut,K2000,1,dSB,3,-33050.0,-33337.0,0.045668601989746094,8018005000.0
Maxcut,K2000,1,dSB,4,-32845.0,-33337.0,0.046285152435302734,8018005000.0
Maxcut,K2000,1,dSB,5,-32838.0,-33337.0,0.04601764678955078,8018005000.0
Maxcut,K2000,1,dSB,6,-33050.0,-33337.0,0.04597115516662598,8018005000.0
Maxcut,K2000,1,dSB,7,-32863.0,-33337.0,0.046086788177490234,8018005000.0
Maxcut,K2000,1,dSB,8,-32931.0,-33337.0,0.05175042152404785,8018005000.0
Maxcut,K2000,1,dSB,9,-32995.0,-33337.0,0.05243730545043945,8018005000.0
Maxcut,K2000,1,SA,0,-23379.0,-33337.0,0.08817911148071289,40048048000.0
Maxcut,K2000,1,SA,1,-22775.0,-33337.0,0.08833074569702148,40048048000.0
Maxcut,K2000,1,SA,2,-24115.0,-33337.0,0.08836030960083008,40048048000.0
Maxcut,K2000,1,SA,3,-23428.0,-33337.0,0.08876752853393555,40048048000.0
Maxcut,K2000,1,SA,4,-23436.0,-33337.0,0.08875918388366699,40048048000.0
Maxcut,K2000,1,SA,5,-23427.0,-33337.0,0.09028410911560059,40048048000.0
Maxcut,K2000,1,SA,6,-23166.0,-33337.0,0.08900833129882812,40048048000.0
Maxcut,K2000,1,SA,7,-23004.0,-33337.0,0.09068036079406738,40048048000.0
Maxcut,K2000,1,SA,8,-23482.0,-33337.0,0.11030006408691406,40048048000.0
Maxcut,K2000,1,SA,9,-23970.0,-33337.0,0.13578414916992188,40048048000.0
Maxcut,K2000,1,inSituSA,0,-8991.0,-33337.0,0.26256752014160156,14001000.0
Maxcut,K2000,1,inSituSA,1,-8200.0,-33337.0,0.11179137229919434,14001000.0
Maxcut,K2000,1,inSituSA,2,-8505.0,-33337.0,0.10857200622558594,14001000.0
Maxcut,K2000,1,inSituSA,3,-8156.0,-33337.0,0.10748457908630371,14001000.0
Maxcut,K2000,1,inSituSA,4,-7138.0,-33337.0,0.11164093017578125,14001000.0
Maxcut,K2000,1,inSituSA,5,-7489.0,-33337.0,0.10931134223937988,14001000.0
Maxcut,K2000,1,inSituSA,6,-7449.0,-33337.0,0.10889315605163574,14001000.0
Maxcut,K2000,1,inSituSA,7,-7423.0,-33337.0,0.10957121849060059,14001000.0
Maxcut,K2000,1,inSituSA,8,-8602.0,-33337.0,0.1134498119354248,14001000.0
Maxcut,K2000,1,inSituSA,9,-8305.0,-33337.0,0.1123204231262207,14001000.0
Maxcut,K2000,1,SCA,0,-32309.0,-33337.0,1.3443224430084229,4008501000.0
Maxcut,K2000,1,SCA,1,-32282.0,-33337.0,1.3541021347045898,4008501000.0
Maxcut,K2000,1,SCA,2,-32335.0,-33337.0,1.3572649955749512,4008501000.0
Maxcut,K2000,1,SCA,3,-31930.0,-33337.0,1.3596203327178955,4008501000.0
Maxcut,K2000,1,SCA,4,-32241.0,-33337.0,1.3648028373718262,4008501000.0
Maxcut,K2000,1,SCA,5,-32357.0,-33337.0,1.364699363708496,4008501000.0
Maxcut,K2000,1,SCA,6,-31659.0,-33337.0,1.4109511375427246,4008501000.0
Maxcut,K2000,1,SCA,7,-32471.0,-33337.0,1.3306117057800293,4008501000.0
Maxcut,K2000,1,SCA,8,-32266.0,-33337.0,1.333695650100708,4008501000.0
Maxcut,K2000,1,SCA,9,-32334.0,-33337.0,1.3175318241119385,4008501000.0
Maxcut,G1,2,bSB,0,-11623.0,-11624.0,0.12222528457641602,6436030000.0
Maxcut,G1,2,bSB,1,-11586.0,-11624.0,0.12304043769836426,6436030000.0
Maxcut,G1,2,bSB,2,-11585.0,-11624.0,0.12173104286193848,6436030000.0
Maxcut,G1,2,bSB,3,-11623.0,-11624.0,0.12579131126403809,6436030000.0
Maxcut,G1,2,bSB,4,-11582.0,-11624.0,0.12228012084960938,6436030000.0
Maxcut,G1,2,bSB,5,-11569.0,-11624.0,0.12208104133605957,6436030000.0
Maxcut,G1,2,bSB,6,-11623.0,-11624.0,0.12160372734069824,6436030000.0
Maxcut,G1,2,bSB,7,-11596.0,-11624.0,0.12312936782836914,6436030000.0
Maxcut,G1,2,bSB,8,-11590.0,-11624.0,0.12966084480285645,6436030000.0
Maxcut,G1,2,bSB,9,-11623.0,-11624.0,0.1222386360168457,6436030000.0
Maxcut,G1,2,dSB,0,-11596.0,-11624.0,0.15391182899475098,6436025000.0
Maxcut,G1,2,dSB,1,-11605.0,-11624.0,0.1497187614440918,6436025000.0
Maxcut,G1,2,dSB,2,-11558.0,-11624.0,0.14963030815124512,6436025000.0
Maxcut,G1,2,dSB,3,-11573.0,-11624.0,0.15020322799682617,6436025000.0
Maxcut,G1,2,dSB,4,-11574.0,-11624.0,0.14913702011108398,6436025000.0
Maxcut,G1,2,dSB,5,-11574.0,-11624.0,0.14826226234436035,6436025000.0
Maxcut,G1,2,dSB,6,-11595.0,-11624.0,0.15044522285461426,6436025000.0
Maxcut,G1,2,dSB,7,-11590.0,-11624.0,0.14947080612182617,6436025000.0
Maxcut,G1,2,dSB,8,-11581.0,-11624.0,0.15054750442504883,6436025000.0
Maxcut,G1,2,dSB,9,-11572.0,-11624.0,0.19519925117492676,6436025000.0
Maxcut,G1,2,SA,0,-11346.0,-11624.0,0.09103155136108398,12833363200.0
Maxcut,G1,2,SA,1,-11371.0,-11624.0,0.09168314933776855,12833363200.0
Maxcut,G1,2,SA,2,-11336.0,-11624.0,0.09151840209960938,12833363200.0
Maxcut,G1,2,SA,3,-11358.0,-11624.0,0.0910196304321289,12833363200.0
Maxcut,G1,2,SA,4,-11374.0,-11624.0,0.09194493293762207,12833363200.0
Maxcut,G1,2,SA,5,-11400.0,-11624.0,0.09474468231201172,12833363200.0
Maxcut,G1,2,SA,6,-11349.0,-11624.0,0.14559698104858398,12833363200.0
Maxcut,G1,2,SA,7,-11394.0,-11624.0,0.09210920333862305,12833363200.0
Maxcut,G1,2,SA,8,-11384.0,-11624.0,0.09195232391357422,12833363200.0
Maxcut,G1,2,SA,9,-11331.0,-11624.0,0.09163045883178711,12833363200.0
Maxcut,G1,2,inSituSA,0,-11259.0,-11624.0,0.3465757369995117,28005000.0
Maxcut,G1,2,inSituSA,1,-11220.0,-11624.0,0.3003249168395996,28005000.0
Maxcut,G1,2,inSituSA,2,-11247.0,-11624.0,0.29502010345458984,28005000.0
Maxcut,G1,2,inSituSA,3,-11268.0,-11624.0,0.35055971145629883,28005000.0
Maxcut,G1,2,inSituSA,4,-11229.0,-11624.0,0.29959821701049805,28005000.0
Maxcut,G1,2,inSituSA,5,-11184.0,-11624.0,0.29877638816833496,28005000.0
Maxcut,G1,2,inSituSA,6,-11207.0,-11624.0,0.2999131679534912,28005000.0
Maxcut,G1,2,inSituSA,7,-11210.0,-11624.0,0.29944539070129395,28005000.0
Maxcut,G1,2,inSituSA,8,-11245.0,-11624.0,0.30093884468078613,28005000.0
Maxcut,G1,2,inSituSA,9,-11251.0,-11624.0,0.3013286590576172,28005000.0
Maxcut,G1,2,SCA,0,-11398.0,-11624.0,0.6857097148895264,1286802000.0
Maxcut,G1,2,SCA,1,-11473.0,-11624.0,0.724027156829834,1286802000.0
Maxcut,G1,2,SCA,2,-11460.0,-11624.0,0.67923903465271,1286802000.0
Maxcut,G1,2,SCA,3,-11412.0,-11624.0,0.6794354915618896,1286802000.0
Maxcut,G1,2,SCA,4,-11438.0,-11624.0,0.7248237133026123,1286802000.0
Maxcut,G1,2,SCA,5,-11443.0,-11624.0,0.6856865882873535,1286802000.0
Maxcut,G1,2,SCA,6,-11433.0,-11624.0,0.6852757930755615,1286802000.0
Maxcut,G1,2,SCA,7,-11428.0,-11624.0,0.7957043647766113,1286802000.0
Maxcut,G1,2,SCA,8,-11401.0,-11624.0,0.682305097579956,1286802000.0
Maxcut,G1,2,SCA,9,-11433.0,-11624.0,0.6751773357391357,1286802000.0
Maxcut,K2000,2,bSB,0,-33070.0,-33337.0,0.1972520351409912,40090030000.0
Maxcut,K2000,2,bSB,1,-32940.0,-33337.0,0.19519853591918945,40090030000.0
Maxcut,K2000,2,bSB,2,-33081.0,-33337.0,0.1894385814666748,40090030000.0
Maxcut,K2000,2,bSB,3,-33117.0,-33337.0,0.19155311584472656,40090030000.0
Maxcut,K2000,2,bSB,4,-33209.0,-33337.0,0.19057583808898926,40090030000.0
Maxcut,K2000,2,bSB,5,-33138.0,-33337.0,0.18990635871887207,40090030000.0
Maxcut,K2000,2,bSB,6,-33212.0,-33337.0,0.1911928653717041,40090030000.0
Maxcut,K2000,2,bSB,7,-33081.0,-33337.0,0.2089674472808838,40090030000.0
Maxcut,K2000,2,bSB,8,-32988.0,-33337.0,0.1906130313873291,40090030000.0
Maxcut,K2000,2,bSB,9,-33194.0,-33337.0,0.19161725044250488,40090030000.0
Maxcut,K2000,2,dSB,0,-33252.0,-33337.0,0.283980131149292,40090025000.0
Maxcut,K2000,2,dSB,1,-33036.0,-33337.0,0.27725720405578613,40090025000.0
Maxcut,K2000,2,dSB,2,-33259.0,-33337.0,0.28473615646362305,40090025000.0
Maxcut,K2000,2,dSB,3,-33160.0,-33337.0,0.2833902835845947,40090025000.0
Maxcut,K2000,2,dSB,4,-33201.0,-33337.0,0.2801530361175537,40090025000.0
Maxcut,K2000,2,dSB,5,-33028.0,-33337.0,0.2755765914916992,40090025000.0
Maxcut,K2000,2,dSB,6,-33038.0,-33337.0,0.2880537509918213,40090025000.0
Maxcut,K2000,2,dSB,7,-33242.0,-33337.0,0.2885012626647949,40090025000.0
Maxcut,K2000,2,dSB,8,-33110.0,-33337.0,0.2871091365814209,40090025000.0
Maxcut,K2000,2,dSB,9,-33266.0,-33337.0,0.23381924629211426,40090025000.0
Maxcut,K2000,2,SA,0,-26970.0,-33337.0,0.17902040481567383,80088088000.0
Maxcut,K2000,2,SA,1,-27248.0,-33337.0,0.17899489402770996,80088088000.0
Maxcut,K2000,2,SA,2,-27081.0,-33337.0,0.18064427375793457,80088088000.0
Maxcut,K2000,2,SA,3,-27133.0,-33337.0,0.17764663696289062,80088088000.0
Maxcut,K2000,2,SA,4,-26927.0,-33337.0,0.18242788314819336,80088088000.0
Maxcut,K2000,2,SA,5,-26289.0,-33337.0,0.17810535430908203,80088088000.0
Maxcut,K2000,2,SA,6,-27489.0,-33337.0,0.18238449096679688,80088088000.0
Maxcut,K2000,2,SA,7,-27405.0,-33337.0,0.18025875091552734,80088088000.0
Maxcut,K2000,2,SA,8,-26890.0,-33337.0,0.18105721473693848,80088088000.0
Maxcut,K2000,2,SA,9,-26616.0,-33337.0,0.23675012588500977,80088088000.0
Maxcut,K2000,2,inSituSA,0,-19306.0,-33337.0,0.5783448219299316,70005000.0
Maxcut,K2000,2,inSituSA,1,-19890.0,-33337.0,0.5822827816009521,70005000.0
Maxcut,K2000,2,inSituSA,2,-19602.0,-33337.0,0.5684370994567871,70005000.0
Maxcut,K2000,2,inSituSA,3,-20194.0,-33337.0,0.5774011611938477,70005000.0
Maxcut,K2000,2,inSituSA,4,-20159.0,-33337.0,0.5830326080322266,70005000.0
Maxcut,K2000,2,inSituSA,5,-19762.0,-33337.0,0.578484058380127,70005000.0
Maxcut,K2000,2,inSituSA,6,-19276.0,-33337.0,0.5690932273864746,70005000.0
Maxcut,K2000,2,inSituSA,7,-19451.0,-33337.0,0.5676686763763428,70005000.0
Maxcut,K2000,2,inSituSA,8,-19371.0,-33337.0,0.5724751949310303,70005000.0
Maxcut,K2000,2,inSituSA,9,-19658.0,-33337.0,0.5619428157806396,70005000.0
Maxcut,K2000,2,SCA,0,-32310.0,-33337.0,2.7164385318756104,8017002000.0
Maxcut,K2000,2,SCA,1,-32468.0,-33337.0,2.7069602012634277,8017002000.0
Maxcut,K2000,2,SCA,2,-32667.0,-33337.0,2.7819130420684814,8017002000.0
Maxcut,K2000,2,SCA,3,-32605.0,-33337.0,2.736527442932129,8017002000.0
Maxcut,K2000,2,SCA,4,-32483.0,-33337.0,2.7085328102111816,8017002000.0
Maxcut,K2000,2,SCA,5,-32639.0,-33337.0,2.6801950931549072,8017002000.0
Maxcut,K2000,2,SCA,6,-32580.0,-33337.0,2.7014193534851074,8017002000.0
Maxcut,K2000,2,SCA,7,-32654.0,-33337.0,2.675337076187134,8017002000.0
Maxcut,K2000,2,SCA,8,-32592.0,-33337.0,2.6662964820861816,8017002000.0
Maxcut,K2000,2,SCA,9,-32310.0,-33337.0,2.685650110244751,8017002000.0
Maxcut,G1,3,bSB,0,-11623.0,-11624.0,0.24702930450439453,12872060000.0
Maxcut,G1,3,bSB,1,-11586.0,-11624.0,0.24981951713562012,12872060000.0
Maxcut,G1,3,bSB,2,-11586.0,-11624.0,0.2686471939086914,12872060000.0
Maxcut,G1,3,bSB,3,-11623.0,-11624.0,0.24442124366760254,12872060000.0
Maxcut,G1,3,bSB,4,-11586.0,-11624.0,0.2487468719482422,12872060000.0
Maxcut,G1,3,bSB,5,-11623.0,-11624.0,0.24922943115234375,12872060000.0
Maxcut,G1,3,bSB,6,-11623.0,-11624.0,0.26365184783935547,12872060000.0
Maxcut,G1,3,bSB,7,-11596.0,-11624.0,0.24467253684997559,12872060000.0
Maxcut,G1,3,bSB,8,-11590.0,-11624.0,0.24495887756347656,12872060000.0
Maxcut,G1,3,bSB,9,-11623.0,-11624.0,0.25339174270629883,12872060000.0
Maxcut,G1,3,dSB,0,-11601.0,-11624.0,0.30757784843444824,12872050000.0
Maxcut,G1,3,dSB,1,-11591.0,-11624.0,0.30148839950561523,12872050000.0
Maxcut,G1,3,dSB,2,-11556.0,-11624.0,0.30689454078674316,12872050000.0
Maxcut,G1,3,dSB,3,-11624.0,-11624.0,0.30418896675109863,12872050000.0
Maxcut,G1,3,dSB,4,-11563.0,-11624.0,0.3044450283050537,12872050000.0
Maxcut,G1,3,dSB,5,-11602.0,-11624.0,0.3032212257385254,12872050000.0
Maxcut,G1,3,dSB,6,-11591.0,-11624.0,0.3131098747253418,12872050000.0
Maxcut,G1,3,dSB,7,-11587.0,-11624.0,0.3026702404022217,12872050000.0
Maxcut,G1,3,dSB,8,-11577.0,-11624.0,0.3057541847229004,12872050000.0
Maxcut,G1,3,dSB,9,-11613.0,-11624.0,0.30308985710144043,12872050000.0
Maxcut,G1,3,SA,0,-11465.0,-11624.0,0.5236842632293701,64161683200.0
Maxcut,G1,3,SA,1,-11501.0,-11624.0,0.4650537967681885,64161683200.0
Maxcut,G1,3,SA,2,-11531.0,-11624.0,0.5312879085540771,64161683200.0
Maxcut,G1,3,SA,3,-11451.0,-11624.0,0.47112083435058594,64161683200.0
Maxcut,G1,3,SA,4,-11475.0,-11624.0,0.5321381092071533,64161683200.0
Maxcut,G1,3,SA,5,-11463.0,-11624.0,0.47521328926086426,64161683200.0
Maxcut,G1,3,SA,6,-11438.0,-11624.0,0.5262997150421143,64161683200.0
Maxcut,G1,3,SA,7,-11516.0,-11624.0,0.46901941299438477,64161683200.0
Maxcut,G1,3,SA,8,-11517.0,-11624.0,0.6231577396392822,64161683200.0
Maxcut,G1,3,SA,9,-11487.0,-11624.0,0.5110323429107666,64161683200.0
Maxcut,G1,3,inSituSA,0,-11321.0,-11624.0,0.6291053295135498,56010000.0
Maxcut,G1,3,inSituSA,1,-11341.0,-11624.0,0.5919435024261475,56010000.0
Maxcut,G1,3,inSituSA,2,-11381.0,-11624.0,0.6042649745941162,56010000.0
Maxcut,G1,3,inSituSA,3,-11391.0,-11624.0,0.5946879386901855,56010000.0
Maxcut,G1,3,inSituSA,4,-11320.0,-11624.0,0.5969350337982178,56010000.0
Maxcut,G1,3,inSituSA,5,-11336.0,-11624.0,0.6025726795196533,56010000.0
Maxcut,G1,3,inSituSA,6,-11388.0,-11624.0,0.5947651863098145,56010000.0
Maxcut,G1,3,inSituSA,7,-11344.0,-11624.0,0.6024143695831299,56010000.0
Maxcut,G1,3,inSituSA,8,-11350.0,-11624.0,0.589435338973999,56010000.0
Maxcut,G1,3,inSituSA,9,-11357.0,-11624.0,0.595181941986084,56010000.0
Maxcut,G1,3,SCA,0,-11535.0,-11624.0,3.5813324451446533,6434010000.0
Maxcut,G1,3,SCA,1,-11552.0,-11624.0,3.5012001991271973,6434010000.0
Maxcut,G1,3,SCA,2,-11529.0,-11624.0,3.514493703842163,6434010000.0
Maxcut,G1,3,SCA,3,-11503.0,-11624.0,3.53017520904541,6434010000.0
Maxcut,G1,3,SCA,4,-11521.0,-11624.0,3.5924410820007324,6434010000.0
Maxcut,G1,3,SCA,5,-11533.0,-11624.0,3.503002882003784,6434010000.0
Maxcut,G1,3,SCA,6,-11537.0,-11624.0,3.5407397747039795,6434010000.0
Maxcut,G1,3,SCA,7,-11543.0,-11624.0,3.5410101413726807,6434010000.0
Maxcut,G1,3,SCA,8,-11519.0,-11624.0,3.5015957355499268,6434010000.0
Maxcut,G1,3,SCA,9,-11538.0,-11624.0,3.512336254119873,6434010000.0
Maxcut,K2000,3,bSB,0,-33070.0,-33337.0,0.4253664016723633,80180060000.0
Maxcut,K2000,3,bSB,1,-32999.0,-33337.0,0.42124080657958984,80180060000.0
Maxcut,K2000,3,bSB,2,-33166.0,-33337.0,0.4268467426300049,80180060000.0
Maxcut,K2000,3,bSB,3,-33023.0,-33337.0,0.3897378444671631,80180060000.0
Maxcut,K2000,3,bSB,4,-33209.0,-33337.0,0.38083648681640625,80180060000.0
Maxcut,K2000,3,bSB,5,-33138.0,-33337.0,0.44064784049987793,80180060000.0
Maxcut,K2000,3,bSB,6,-33212.0,-33337.0,0.44234371185302734,80180060000.0
Maxcut,K2000,3,bSB,7,-33081.0,-33337.0,0.3925180435180664,80180060000.0
Maxcut,K2000,3,bSB,8,-32988.0,-33337.0,0.3902442455291748,80180060000.0
Maxcut,K2000,3,bSB,9,-33194.0,-33337.0,0.3884155750274658,80180060000.0
Maxcut,K2000,3,dSB,0,-33221.0,-33337.0,0.4577929973602295,80180050000.0
Maxcut,K2000,3,dSB,1,-33244.0,-33337.0,0.46683597564697266,80180050000.0
Maxcut,K2000,3,dSB,2,-33177.0,-33337.0,0.45690298080444336,80180050000.0
Maxcut,K2000,3,dSB,3,-33176.0,-33337.0,0.45868468284606934,80180050000.0
Maxcut,K2000,3,dSB,4,-33259.0,-33337.0,0.45775842666625977,80180050000.0
Maxcut,K2000,3,dSB,5,-33182.0,-33337.0,0.47844958305358887,80180050000.0
Maxcut,K2000,3,dSB,6,-33296.0,-33337.0,0.46184754371643066,80180050000.0
Maxcut,K2000,3,dSB,7,-33243.0,-33337.0,0.47658729553222656,80180050000.0
Maxcut,K2000,3,dSB,8,-33128.0,-33337.0,0.46445512771606445,80180050000.0
Maxcut,K2000,3,dSB,9,-33155.0,-33337.0,0.4683253765106201,80180050000.0
Maxcut,K2000,3,SA,0,-30810.0,-33337.0,0.8915970325469971,400408408000.0
Maxcut,K2000,3,SA,1,-30510.0,-33337.0,0.8929722309112549,400408408000.0
Maxcut,K2000,3,SA,2,-30284.0,-33337.0,0.9014453887939453,400408408000.0
Maxcut,K2000,3,SA,3,-30430.0,-33337.0,0.9544699192047119,400408408000.0
Maxcut,K2000,3,SA,4,-30421.0,-33337.0,0.9407792091369629,400408408000.0
Maxcut,K2000,3,SA,5,-30358.0,-33337.0,0.894190788269043,400408408000.0
Maxcut,K2000,3,SA,6,-31227.0,-33337.0,0.9140148162841797,400408408000.0
Maxcut,K2000,3,SA,7,-30816.0,-33337.0,0.8921844959259033,400408408000.0
Maxcut,K2000,3,SA,8,-30067.0,-33337.0,0.9555652141571045,400408408000.0
Maxcut,K2000,3,SA,9,-30807.0,-33337.0,0.960989236831665,400408408000.0
Maxcut,K2000,3,inSituSA,0,-23930.0,-33337.0,1.2007277011871338,140010000.0
Maxcut,K2000,3,inSituSA,1,-23666.0,-33337.0,1.2208213806152344,140010000.0
Maxcut,K2000,3,inSituSA,2,-23338.0,-33337.0,1.1800823211669922,140010000.0
Maxcut,K2000,3,inSituSA,3,-23807.0,-33337.0,1.1345090866088867,140010000.0
Maxcut,K2000,3,inSituSA,4,-24365.0,-33337.0,1.1530611515045166,140010000.0
Maxcut,K2000,3,inSituSA,5,-23533.0,-33337.0,1.278984785079956,140010000.0
Maxcut,K2000,3,inSituSA,6,-23115.0,-33337.0,1.1834673881530762,140010000.0
Maxcut,K2000,3,inSituSA,7,-23418.0,-33337.0,1.1958568096160889,140010000.0
Maxcut,K2000,3,inSituSA,8,-22810.0,-33337.0,1.1377997398376465,140010000.0
Maxcut,K2000,3,inSituSA,9,-22939.0,-33337.0,1.1302592754364014,140010000.0
Maxcut,K2000,3,SCA,0,-32895.0,-33337.0,13.601955890655518,40085010000.0
Maxcut,K2000,3,SCA,1,-33262.0,-33337.0,13.678897142410278,40085010000.0
Maxcut,K2000,3,SCA,2,-33097.0,-33337.0,13.941510915756226,40085010000.0
Maxcut,K2000,3,SCA,3,-33041.0,-33337.0,13.683419704437256,40085010000.0
Maxcut,K2000,3,SCA,4,-33036.0,-33337.0,13.716659545898438,40085010000.0
Maxcut,K2000,3,SCA,5,-33154.0,-33337.0,13.503361701965332,40085010000.0
Maxcut,K2000,3,SCA,6,-33183.0,-33337.0,13.76401948928833,40085010000.0
Maxcut,K2000,3,SCA,7,-33075.0,-33337.0,13.691985845565796,40085010000.0
Maxcut,K2000,3,SCA,8,-32940.0,-33337.0,13.691590070724487,40085010000.0
Maxcut,K2000,3,SCA,9,-33013.0,-33337.0,13.63756775856018,40085010000.0
Maxcut,G1,4,bSB,0,-11623.0,-11624.0,0.4208970069885254,19308090000.0
Maxcut,G1,4,bSB,1,-11586.0,-11624.0,0.38220977783203125,19308090000.0
Maxcut,G1,4,bSB,2,-11602.0,-11624.0,0.38287782669067383,19308090000.0
Maxcut,G1,4,bSB,3,-11623.0,-11624.0,0.3814065456390381,19308090000.0
Maxcut,G1,4,bSB,4,-11586.0,-11624.0,0.37984800338745117,19308090000.0
Maxcut,G1,4,bSB,5,-11569.0,-11624.0,0.40453410148620605,19308090000.0
Maxcut,G1,4,bSB,6,-11623.0,-11624.0,0.43675661087036133,19308090000.0
Maxcut,G1,4,bSB,7,-11596.0,-11624.0,0.3676939010620117,19308090000.0
Maxcut,G1,4,bSB,8,-11590.0,-11624.0,0.3743157386779785,19308090000.0
Maxcut,G1,4,bSB,9,-11623.0,-11624.0,0.3721160888671875,19308090000.0
Maxcut,G1,4,dSB,0,-11571.0,-11624.0,0.48972320556640625,19308075000.0
Maxcut,G1,4,dSB,1,-11624.0,-11624.0,0.5082578659057617,19308075000.0
Maxcut,G1,4,dSB,2,-11580.0,-11624.0,0.4577364921569824,19308075000.0
Maxcut,G1,4,dSB,3,-11584.0,-11624.0,0.45525479316711426,19308075000.0
Maxcut,G1,4,dSB,4,-11581.0,-11624.0,0.45888662338256836,19308075000.0
Maxcut,G1,4,dSB,5,-11594.0,-11624.0,0.4551968574523926,19308075000.0
Maxcut,G1,4,dSB,6,-11602.0,-11624.0,0.4610583782196045,19308075000.0
Maxcut,G1,4,dSB,7,-11590.0,-11624.0,0.5178079605102539,19308075000.0
Maxcut,G1,4,dSB,8,-11590.0,-11624.0,0.46155595779418945,19308075000.0
Maxcut,G1,4,dSB,9,-11564.0,-11624.0,0.4658949375152588,19308075000.0
Maxcut,G1,4,SA,0,-11552.0,-11624.0,0.9809167385101318,128322083200.0
Maxcut,G1,4,SA,1,-11488.0,-11624.0,0.9610326290130615,128322083200.0
Maxcut,G1,4,SA,2,-11493.0,-11624.0,1.0135085582733154,128322083200.0
Maxcut,G1,4,SA,3,-11518.0,-11624.0,1.0121912956237793,128322083200.0
Maxcut,G1,4,SA,4,-11506.0,-11624.0,1.01780104637146,128322083200.0
Maxcut,G1,4,SA,5,-11553.0,-11624.0,0.9574193954467773,128322083200.0
Maxcut,G1,4,SA,6,-11546.0,-11624.0,0.9698121547698975,128322083200.0
Maxcut,G1,4,SA,7,-11564.0,-11624.0,0.9701077938079834,128322083200.0
Maxcut,G1,4,SA,8,-11517.0,-11624.0,1.0444540977478027,128322083200.0
Maxcut,G1,4,SA,9,-11490.0,-11624.0,1.0241172313690186,128322083200.0
Maxcut,G1,4,inSituSA,0,-11524.0,-11624.0,3.144885540008545,280050000.0
Maxcut,G1,4,inSituSA,1,-11524.0,-11624.0,3.217283010482788,280050000.0
Maxcut,G1,4,inSituSA,2,-11516.0,-11624.0,3.105470895767212,280050000.0
Maxcut,G1,4,inSituSA,3,-11453.0,-11624.0,3.0839290618896484,280050000.0
Maxcut,G1,4,inSituSA,4,-11520.0,-11624.0,3.086796522140503,280050000.0
Maxcut,G1,4,inSituSA,5,-11472.0,-11624.0,3.115283966064453,280050000.0
Maxcut,G1,4,inSituSA,6,-11489.0,-11624.0,3.1798157691955566,280050000.0
Maxcut,G1,4,inSituSA,7,-11520.0,-11624.0,3.169613838195801,280050000.0
Maxcut,G1,4,inSituSA,8,-11507.0,-11624.0,3.1144657135009766,280050000.0
Maxcut,G1,4,inSituSA,9,-11528.0,-11624.0,3.0832159519195557,280050000.0
Maxcut,G1,4,SCA,0,-11536.0,-11624.0,7.074952125549316,12868020000.0
Maxcut,G1,4,SCA,1,-11593.0,-11624.0,7.04184627532959,12868020000.0
Maxcut,G1,4,SCA,2,-11546.0,-11624.0,7.076413154602051,12868020000.0
Maxcut,G1,4,SCA,3,-11562.0,-11624.0,7.044373512268066,12868020000.0
Maxcut,G1,4,SCA,4,-11587.0,-11624.0,7.147837400436401,12868020000.0
Maxcut,G1,4,SCA,5,-11545.0,-11624.0,7.056671142578125,12868020000.0
Maxcut,G1,4,SCA,6,-11574.0,-11624.0,7.082090139389038,12868020000.0
Maxcut,G1,4,SCA,7,-11548.0,-11624.0,7.2419373989105225,12868020000.0
Maxcut,G1,4,SCA,8,-11564.0,-11624.0,7.129134893417358,12868020000.0
Maxcut,G1,4,SCA,9,-11557.0,-11624.0,7.216988563537598,12868020000.0
Maxcut,K2000,4,bSB,0,-33070.0,-33337.0,0.5645253658294678,120270090000.0
Maxcut,K2000,4,bSB,1,-32975.0,-33337.0,0.6384332180023193,120270090000.0
Maxcut,K2000,4,bSB,2,-33166.0,-33337.0,0.5649042129516602,120270090000.0
Maxcut,K2000,4,bSB,3,-33023.0,-33337.0,0.6379239559173584,120270090000.0
Maxcut,K2000,4,bSB,4,-33209.0,-33337.0,0.5714519023895264,120270090000.0
Maxcut,K2000,4,bSB,5,-33138.0,-33337.0,0.5877022743225098,120270090000.0
Maxcut,K2000,4,bSB,6,-33212.0,-33337.0,0.5650568008422852,120270090000.0
Maxcut,K2000,4,bSB,7,-33081.0,-33337.0,0.6026744842529297,120270090000.0
Maxcut,K2000,4,bSB,8,-32988.0,-33337.0,0.6398158073425293,120270090000.0
Maxcut,K2000,4,bSB,9,-33194.0,-33337.0,0.6016006469726562,120270090000.0
Maxcut,K2000,4,dSB,0,-33278.0,-33337.0,0.7457804679870605,120270075000.0
Maxcut,K2000,4,dSB,1,-33095.0,-33337.0,0.686591625213623,120270075000.0
Maxcut,K2000,4,dSB,2,-33238.0,-33337.0,0.7461352348327637,120270075000.0
Maxcut,K2000,4,dSB,3,-33232.0,-33337.0,0.6923582553863525,120270075000.0
Maxcut,K2000,4,dSB,4,-33185.0,-33337.0,0.7435827255249023,120270075000.0
Maxcut,K2000,4,dSB,5,-33194.0,-33337.0,0.6922428607940674,120270075000.0
Maxcut,K2000,4,dSB,6,-33217.0,-33337.0,0.8181381225585938,120270075000.0
Maxcut,K2000,4,dSB,7,-33195.0,-33337.0,0.7155928611755371,120270075000.0
Maxcut,K2000,4,dSB,8,-33129.0,-33337.0,0.7243881225585938,120270075000.0
Maxcut,K2000,4,dSB,9,-33241.0,-33337.0,0.6942203044891357,120270075000.0
Maxcut,K2000,4,SA,0,-31534.0,-33337.0,1.895662546157837,800808808000.0
Maxcut,K2000,4,SA,1,-31818.0,-33337.0,1.8447492122650146,800808808000.0
Maxcut,K2000,4,SA,2,-30655.0,-33337.0,1.8461556434631348,800808808000.0
Maxcut,K2000,4,SA,3,-31214.0,-33337.0,1.8638129234313965,800808808000.0
Maxcut,K2000,4,SA,4,-31253.0,-33337.0,1.8457486629486084,800808808000.0
Maxcut,K2000,4,SA,5,-31278.0,-33337.0,1.8658792972564697,800808808000.0
Maxcut,K2000,4,SA,6,-31547.0,-33337.0,1.8524055480957031,800808808000.0
Maxcut,K2000,4,SA,7,-31055.0,-33337.0,1.861170768737793,800808808000.0
Maxcut,K2000,4,SA,8,-31263.0,-33337.0,1.8616983890533447,800808808000.0
Maxcut,K2000,4,SA,9,-30910.0,-33337.0,1.8721826076507568,800808808000.0
Maxcut,K2000,4,inSituSA,0,-28799.0,-33337.0,5.8697943687438965,700050000.0
Maxcut,K2000,4,inSituSA,1,-29253.0,-33337.0,5.865292549133301,700050000.0
Maxcut,K2000,4,inSituSA,2,-28440.0,-33337.0,5.79459285736084,700050000.0
Maxcut,K2000,4,inSituSA,3,-28901.0,-33337.0,6.065044641494751,700050000.0
Maxcut,K2000,4,inSituSA,4,-28929.0,-33337.0,5.9162819385528564,700050000.0
Maxcut,K2000,4,inSituSA,5,-28806.0,-33337.0,5.91952919960022,700050000.0
Maxcut,K2000,4,inSituSA,6,-28695.0,-33337.0,5.995009422302246,700050000.0
Maxcut,K2000,4,inSituSA,7,-28735.0,-33337.0,5.943135023117065,700050000.0
Maxcut,K2000,4,inSituSA,8,-29110.0,-33337.0,5.8662848472595215,700050000.0
Maxcut,K2000,4,inSituSA,9,-28853.0,-33337.0,5.867763996124268,700050000.0
Maxcut,K2000,4,SCA,0,-33247.0,-33337.0,27.26485824584961,80170020000.0
Maxcut,K2000,4,SCA,1,-33232.0,-33337.0,27.36781358718872,80170020000.0
Maxcut,K2000,4,SCA,2,-33239.0,-33337.0,27.061912536621094,80170020000.0
Maxcut,K2000,4,SCA,3,-33089.0,-33337.0,27.25166606903076,80170020000.0
Maxcut,K2000,4,SCA,4,-33197.0,-33337.0,27.311913013458252,80170020000.0
Maxcut,K2000,4,SCA,5,-33043.0,-33337.0,27.315131902694702,80170020000.0
Maxcut,K2000,4,SCA,6,-33063.0,-33337.0,27.206703424453735,80170020000.0
Maxcut,K2000,4,SCA,7,-33255.0,-33337.0,27.431260347366333,80170020000.0
Maxcut,K2000,4,SCA,8,-33233.0,-33337.0,26.68605637550354,80170020000.0
Maxcut,K2000,4,SCA,9,-33238.0,-33337.0,27.297303438186646,80170020000.0
TSP,burma14,0,bSB,0,3932.0,3323.0,0.020235538482666016,78602000.0
TSP,burma14,0,bSB,1,3413.0,3323.0,0.018491268157958984,78602000.0
TSP,burma14,0,bSB,2,3623.0,3323.0,0.019678592681884766,78602000.0
TSP,burma14,0,bSB,3,3346.0,3323.0,0.02000594139099121,78602000.0
TSP,burma14,0,bSB,4,3448.0,3323.0,0.01926279067993164,78602000.0
TSP,burma14,0,bSB,5,3413.0,3323.0,0.01911306381225586,78602000.0
TSP,burma14,0,bSB,6,3409.0,3323.0,0.01864337921142578,78602000.0
TSP,burma14,0,bSB,7,3404.0,3323.0,0.0191042423248291,78602000.0
TSP,burma14,0,bSB,8,3346.0,3323.0,0.01911187171936035,78602000.0
TSP,burma14,0,bSB,9,3323.0,3323.0,0.018785715103149414,78602000.0
TSP,burma14,0,dSB,0,5862.0,3323.0,0.027550458908081055,78601000.0
TSP,burma14,0,dSB,1,5469.0,3323.0,0.0245516300201416,78601000.0
TSP,burma14,0,dSB,2,6174.0,3323.0,0.024093151092529297,78601000.0
TSP,burma14,0,dSB,3,5547.0,3323.0,0.054206132888793945,78601000.0
TSP,burma14,0,dSB,4,5569.0,3323.0,0.0241701602935791,78601000.0
TSP,burma14,0,dSB,5,5714.0,3323.0,0.024102449417114258,78601000.0
TSP,burma14,0,dSB,6,5295.0,3323.0,0.024132728576660156,78601000.0
TSP,burma14,0,dSB,7,6373.0,3323.0,0.02781963348388672,78601000.0
TSP,burma14,0,dSB,8,5851.0,3323.0,0.024033069610595703,78601000.0
TSP,burma14,0,dSB,9,6754.0,3323.0,0.02427530288696289,78601000.0
TSP,burma14,0,SA,0,6238.0,3323.0,0.008755207061767578,77701616.0
TSP,burma14,0,SA,1,7081.0,3323.0,0.007993698120117188,77701616.0
TSP,burma14,0,SA,2,6406.0,3323.0,0.007910013198852539,77701616.0
TSP,burma14,0,SA,3,6828.0,3323.0,0.01332545280456543,77701616.0
TSP,burma14,0,SA,4,5469.0,3323.0,0.007904291152954102,77701616.0
TSP,burma14,0,SA,5,6385.0,3323.0,0.007858514785766602,77701616.0
TSP,burma14,0,SA,6,6060.0,3323.0,0.007988929748535156,77701616.0
TSP,burma14,0,SA,7,6778.0,3323.0,0.007998466491699219,77701616.0
TSP,burma14,0,SA,8,6764.0,3323.0,0.007906436920166016,77701616.0
TSP,burma14,0,SA,9,8100.0,3323.0,0.008016347885131836,77701616.0
TSP,burma14,0,inSituSA,0,1511501.0,3323.0,0.02149224281311035,686500.0
TSP,burma14,0,inSituSA,1,1794711.0,3323.0,0.02134871482849121,686500.0
TSP,burma14,0,inSituSA,2,1487505.0,3323.0,0.021822690963745117,686500.0
TSP,burma14,0,inSituSA,3,1524978.0,3323.0,0.041173458099365234,686500.0
TSP,burma14,0,inSituSA,4,1928337.0,3323.0,0.022181272506713867,686500.0
TSP,burma14,0,inSituSA,5,1515103.0,3323.0,0.022322416305541992,686500.0
TSP,burma14,0,inSituSA,6,1522846.0,3323.0,0.022165536880493164,686500.0
TSP,burma14,0,inSituSA,7,1495270.0,3323.0,0.02206563949584961,686500.0
TSP,burma14,0,inSituSA,8,2016354.0,3323.0,0.022073030471801758,686500.0
TSP,burma14,0,inSituSA,9,1842706.0,3323.0,0.022154569625854492,686500.0
TSP,burma14,0,SCA,0,32786.0,3323.0,0.06953167915344238,39250000.0
TSP,burma14,0,SCA,1,35308.0,3323.0,0.05841398239135742,39250000.0
TSP,burma14,0,SCA,2,35308.0,3323.0,0.05721545219421387,39250000.0
TSP,burma14,0,SCA,3,30264.0,3323.0,0.05672597885131836,39250000.0
TSP,burma14,0,SCA,4,30264.0,3323.0,0.05672430992126465,39250000.0
TSP,burma14,0,SCA,5,35308.0,3323.0,0.05692243576049805,39250000.0
TSP,burma14,0,SCA,6,35308.0,3323.0,0.056802988052368164,39250000.0
TSP,burma14,0,SCA,7,35308.0,3323.0,0.05647706985473633,39250000.0
TSP,burma14,0,SCA,8,32786.0,3323.0,0.05806422233581543,39250000.0
TSP,burma14,0,SCA,9,35308.0,3323.0,0.057506561279296875,39250000.0
TSP,bayg29,0,bSB,0,1651.0,1610.0,0.025839805603027344,1422137000.0
TSP,bayg29,0,bSB,1,1651.0,1610.0,0.025573253631591797,1422137000.0
TSP,bayg29,0,bSB,2,1651.0,1610.0,0.02688884735107422,1422137000.0
TSP,bayg29,0,bSB,3,1651.0,1610.0,0.02624225616455078,1422137000.0
TSP,bayg29,0,bSB,4,1651.0,1610.0,0.026180028915405273,1422137000.0
TSP,bayg29,0,bSB,5,1651.0,1610.0,0.025847196578979492,1422137000.0
TSP,bayg29,0,bSB,6,1651.0,1610.0,0.026476144790649414,1422137000.0
TSP,bayg29,0,bSB,7,1651.0,1610.0,0.02584075927734375,1422137000.0
TSP,bayg29,0,bSB,8,1651.0,1610.0,0.02574610710144043,1422137000.0
TSP,bayg29,0,bSB,9,1651.0,1610.0,0.02572917938232422,1422137000.0
TSP,bayg29,0,dSB,0,3421.0,1610.0,0.03150439262390137,1422136000.0
TSP,bayg29,0,dSB,1,3556.0,1610.0,0.03163266181945801,1422136000.0
TSP,bayg29,0,dSB,2,3694.0,1610.0,0.03156280517578125,1422136000.0
TSP,bayg29,0,dSB,3,3861.0,1610.0,0.03170466423034668,1422136000.0
TSP,bayg29,0,dSB,4,3657.0,1610.0,0.03173232078552246,1422136000.0
TSP,bayg29,0,dSB,5,3422.0,1610.0,0.03227972984313965,1422136000.0
TSP,bayg29,0,dSB,6,3534.0,1610.0,0.03124403953552246,1422136000.0
TSP,bayg29,0,dSB,7,3060.0,1610.0,0.03176546096801758,1422136000.0
TSP,bayg29,0,dSB,8,4090.0,1610.0,0.031572580337524414,1422136000.0
TSP,bayg29,0,dSB,9,3212.0,1610.0,0.03159165382385254,1422136000.0
TSP,bayg29,0,SA,0,463050.0,1610.0,0.00959920883178711,1419351926.0
TSP,bayg29,0,SA,1,481914.0,1610.0,0.009537696838378906,1419351926.0
TSP,bayg29,0,SA,2,434297.0,1610.0,0.009628057479858398,1419351926.0
TSP,bayg29,0,SA,3,307624.0,1610.0,0.009627103805541992,1419351926.0
TSP,bayg29,0,SA,4,375619.0,1610.0,0.009702444076538086,1419351926.0
TSP,bayg29,0,SA,5,417814.0,1610.0,0.009527921676635742,1419351926.0
TSP,bayg29,0,SA,6,344055.0,1610.0,0.009792566299438477,1419351926.0
TSP,bayg29,0,SA,7,397435.0,1610.0,0.01322174072265625,1419351926.0
TSP,bayg29,0,SA,8,356539.0,1610.0,0.009875059127807617,1419351926.0
TSP,bayg29,0,SA,9,390469.0,1610.0,0.009737730026245117,1419351926.0
TSP,bayg29,0,inSituSA,0,5030109.0,1610.0,0.030806303024291992,2944000.0
TSP,bayg29,0,inSituSA,1,5316747.0,1610.0,0.03072834014892578,2944000.0
TSP,bayg29,0,inSituSA,2,5305980.0,1610.0,0.078369140625,2944000.0
TSP,bayg29,0,inSituSA,3,5299344.0,1610.0,0.034537315368652344,2944000.0
TSP,bayg29,0,inSituSA,4,5052017.0,1610.0,0.030687570571899414,2944000.0
TSP,bayg29,0,inSituSA,5,5092472.0,1610.0,0.03135967254638672,2944000.0
TSP,bayg29,0,inSituSA,6,5092177.0,1610.0,0.031193256378173828,2944000.0
TSP,bayg29,0,inSituSA,7,4745255.0,1610.0,0.0316462516784668,2944000.0
TSP,bayg29,0,inSituSA,8,5256258.0,1610.0,0.0312504768371582,2944000.0
TSP,bayg29,0,inSituSA,9,5338313.0,1610.0,0.03461146354675293,2944000.0
TSP,bayg29,0,SCA,0,22388.0,1610.0,0.356952428817749,710856250.0
TSP,bayg29,0,SCA,1,22388.0,1610.0,0.36786913871765137,710856250.0
TSP,bayg29,0,SCA,2,22388.0,1610.0,0.356809139251709,710856250.0
TSP,bayg29,0,SCA,3,22388.0,1610.0,0.3585989475250244,710856250.0
TSP,bayg29,0,SCA,4,22388.0,1610.0,0.3616149425506592,710856250.0
TSP,bayg29,0,SCA,5,22388.0,1610.0,0.4012446403503418,710856250.0
TSP,bayg29,0,SCA,6,22388.0,1610.0,0.39792394638061523,710856250.0
TSP,bayg29,0,SCA,7,22388.0,1610.0,0.35891246795654297,710856250.0
TSP,bayg29,0,SCA,8,22388.0,1610.0,0.3576829433441162,710856250.0
TSP,bayg29,0,SCA,9,22388.0,1610.0,0.36921000480651855,710856250.0
TSP,burma14,1,bSB,0,3346.0,3323.0,0.09372210502624512,393010000.0
TSP,burma14,1,bSB,1,3346.0,3323.0,0.09371185302734375,393010000.0
TSP,burma14,1,bSB,2,3346.0,3323.0,0.09274697303771973,393010000.0
TSP,burma14,1,bSB,3,3346.0,3323.0,0.09628963470458984,393010000.0
TSP,burma14,1,bSB,4,3323.0,3323.0,0.09246611595153809,393010000.0
TSP,burma14,1,bSB,5,3346.0,3323.0,0.09672737121582031,393010000.0
TSP,burma14,1,bSB,6,3346.0,3323.0,0.09680366516113281,393010000.0
TSP,burma14,1,bSB,7,4648.0,3323.0,0.09261703491210938,393010000.0
TSP,burma14,1,bSB,8,3346.0,3323.0,0.09325981140136719,393010000.0
TSP,burma14,1,bSB,9,3636.0,3323.0,0.0935964584350586,393010000.0
TSP,burma14,1,dSB,0,6068.0,3323.0,0.1714494228363037,393005000.0
TSP,burma14,1,dSB,1,5217.0,3323.0,0.12367606163024902,393005000.0
TSP,burma14,1,dSB,2,6772.0,3323.0,0.12015700340270996,393005000.0
TSP,burma14,1,dSB,3,6506.0,3323.0,0.11970138549804688,393005000.0
TSP,burma14,1,dSB,4,4677.0,3323.0,0.11984086036682129,393005000.0
TSP,burma14,1,dSB,5,4361.0,3323.0,0.17098379135131836,393005000.0
TSP,burma14,1,dSB,6,5619.0,3323.0,0.12923598289489746,393005000.0
TSP,burma14,1,dSB,7,5110.0,3323.0,0.12017178535461426,393005000.0
TSP,burma14,1,dSB,8,5897.0,3323.0,0.1375741958618164,393005000.0
TSP,burma14,1,dSB,9,5565.0,3323.0,0.12038254737854004,393005000.0
TSP,burma14,1,SA,0,6238.0,3323.0,0.04020118713378906,388197616.0
TSP,burma14,1,SA,1,7081.0,3323.0,0.040166378021240234,388197616.0
TSP,burma14,1,SA,2,6406.0,3323.0,0.04045748710632324,388197616.0
TSP,burma14,1,SA,3,6828.0,3323.0,0.039682865142822266,388197616.0
TSP,burma14,1,SA,4,5469.0,3323.0,0.040184736251831055,388197616.0
TSP,burma14,1,SA,5,6385.0,3323.0,0.04010725021362305,388197616.0
TSP,burma14,1,SA,6,6060.0,3323.0,0.039782047271728516,388197616.0
TSP,burma14,1,SA,7,6778.0,3323.0,0.03992772102355957,388197616.0
TSP,burma14,1,SA,8,7914.0,3323.0,0.04001164436340332,388197616.0
TSP,burma14,1,SA,9,6443.0,3323.0,0.04018068313598633,388197616.0
TSP,burma14,1,inSituSA,0,1757150.0,3323.0,0.042383670806884766,1373000.0
TSP,burma14,1,inSituSA,1,1581772.0,3323.0,0.042288780212402344,1373000.0
TSP,burma14,1,inSituSA,2,1523946.0,3323.0,0.04194927215576172,1373000.0
TSP,burma14,1,inSituSA,3,1990261.0,3323.0,0.0420079231262207,1373000.0
TSP,burma14,1,inSituSA,4,1678734.0,3323.0,0.04197955131530762,1373000.0
TSP,burma14,1,inSituSA,5,1577094.0,3323.0,0.04207134246826172,1373000.0
TSP,burma14,1,inSituSA,6,1942613.0,3323.0,0.042723655700683594,1373000.0
TSP,burma14,1,inSituSA,7,1602857.0,3323.0,0.042263031005859375,1373000.0
TSP,burma14,1,inSituSA,8,1931464.0,3323.0,0.04192018508911133,1373000.0
TSP,burma14,1,inSituSA,9,1798006.0,3323.0,0.04252195358276367,1373000.0
TSP,burma14,1,SCA,0,32786.0,3323.0,0.11409950256347656,78500000.0
TSP,burma14,1,SCA,1,35308.0,3323.0,0.11716866493225098,78500000.0
TSP,burma14,1,SCA,2,35308.0,3323.0,0.11368656158447266,78500000.0
TSP,burma14,1,SCA,3,30264.0,3323.0,0.1263577938079834,78500000.0
TSP,burma14,1,SCA,4,30264.0,3323.0,0.11513257026672363,78500000.0
TSP,burma14,1,SCA,5,35308.0,3323.0,0.11448788642883301,78500000.0
TSP,burma14,1,SCA,6,35308.0,3323.0,0.11390900611877441,78500000.0
TSP,burma14,1,SCA,7,35308.0,3323.0,0.11368608474731445,78500000.0
TSP,burma14,1,SCA,8,32786.0,3323.0,0.1142890453338623,78500000.0
TSP,burma14,1,SCA,9,35308.0,3323.0,0.11454391479492188,78500000.0
TSP,bayg29,1,bSB,0,1657.0,1610.0,0.16977334022521973,7110685000.0
TSP,bayg29,1,bSB,1,1657.0,1610.0,0.14592862129211426,7110685000.0
TSP,bayg29,1,bSB,2,1657.0,1610.0,0.13362956047058105,7110685000.0
TSP,bayg29,1,bSB,3,1657.0,1610.0,0.12830448150634766,7110685000.0
TSP,bayg29,1,bSB,4,1657.0,1610.0,0.21992206573486328,7110685000.0
TSP,bayg29,1,bSB,5,1657.0,1610.0,0.13173246383666992,7110685000.0
TSP,bayg29,1,bSB,6,1657.0,1610.0,0.1388998031616211,7110685000.0
TSP,bayg29,1,bSB,7,1657.0,1610.0,0.1853945255279541,7110685000.0
TSP,bayg29,1,bSB,8,1657.0,1610.0,0.13105082511901855,7110685000.0
TSP,bayg29,1,bSB,9,1657.0,1610.0,0.13277053833007812,7110685000.0
TSP,bayg29,1,dSB,0,2962.0,1610.0,0.15785956382751465,7110680000.0
TSP,bayg29,1,dSB,1,2853.0,1610.0,0.15323257446289062,7110680000.0
TSP,bayg29,1,dSB,2,2821.0,1610.0,0.15276670455932617,7110680000.0
TSP,bayg29,1,dSB,3,2923.0,1610.0,0.15562748908996582,7110680000.0
TSP,bayg29,1,dSB,4,3013.0,1610.0,0.15249037742614746,7110680000.0
TSP,bayg29,1,dSB,5,3244.0,1610.0,0.20671820640563965,7110680000.0
TSP,bayg29,1,dSB,6,3060.0,1610.0,0.15913891792297363,7110680000.0
TSP,bayg29,1,dSB,7,3076.0,1610.0,0.15494942665100098,7110680000.0
TSP,bayg29,1,dSB,8,2971.0,1610.0,0.15428495407104492,7110680000.0
TSP,bayg29,1,dSB,9,3321.0,1610.0,0.15398764610290527,7110680000.0
TSP,bayg29,1,SA,0,4391.0,1610.0,0.08359956741333008,7091087926.0
TSP,bayg29,1,SA,1,5117.0,1610.0,0.04947090148925781,7091087926.0
TSP,bayg29,1,SA,2,4594.0,1610.0,0.04967546463012695,7091087926.0
TSP,bayg29,1,SA,3,5170.0,1610.0,0.05008339881896973,7091087926.0
TSP,bayg29,1,SA,4,4850.0,1610.0,0.04979062080383301,7091087926.0
TSP,bayg29,1,SA,5,4805.0,1610.0,0.05311703681945801,7091087926.0
TSP,bayg29,1,SA,6,4408.0,1610.0,0.04991507530212402,7091087926.0
TSP,bayg29,1,SA,7,4367.0,1610.0,0.0495147705078125,7091087926.0
TSP,bayg29,1,SA,8,4940.0,1610.0,0.049603939056396484,7091087926.0
TSP,bayg29,1,SA,9,5232.0,1610.0,0.049637556076049805,7091087926.0
TSP,bayg29,1,inSituSA,0,4917502.0,1610.0,0.06283760070800781,5888000.0
TSP,bayg29,1,inSituSA,1,5078148.0,1610.0,0.06085920333862305,5888000.0
TSP,bayg29,1,inSituSA,2,5128868.0,1610.0,0.06068301200866699,5888000.0
TSP,bayg29,1,inSituSA,3,5152038.0,1610.0,0.06142544746398926,5888000.0
TSP,bayg29,1,inSituSA,4,5246193.0,1610.0,0.061989784240722656,5888000.0
TSP,bayg29,1,inSituSA,5,5006833.0,1610.0,0.0605008602142334,5888000.0
TSP,bayg29,1,inSituSA,6,5112218.0,1610.0,0.06173849105834961,5888000.0
TSP,bayg29,1,inSituSA,7,4929372.0,1610.0,0.060302019119262695,5888000.0
TSP,bayg29,1,inSituSA,8,5143338.0,1610.0,0.0610814094543457,5888000.0
TSP,bayg29,1,inSituSA,9,4948624.0,1610.0,0.060827016830444336,5888000.0
TSP,bayg29,1,SCA,0,22388.0,1610.0,0.7102487087249756,1421712500.0
TSP,bayg29,1,SCA,1,22388.0,1610.0,0.7504055500030518,1421712500.0
TSP,bayg29,1,SCA,2,22388.0,1610.0,0.7267422676086426,1421712500.0
TSP,bayg29,1,SCA,3,22388.0,1610.0,0.7483761310577393,1421712500.0
TSP,bayg29,1,SCA,4,22388.0,1610.0,0.7363259792327881,1421712500.0
TSP,bayg29,1,SCA,5,22388.0,1610.0,0.7144794464111328,1421712500.0
TSP,bayg29,1,SCA,6,22388.0,1610.0,0.7102766036987305,1421712500.0
TSP,bayg29,1,SCA,7,22388.0,1610.0,0.7250680923461914,1421712500.0
TSP,bayg29,1,SCA,8,22388.0,1610.0,0.7668132781982422,1421712500.0
TSP,bayg29,1,SCA,9,22388.0,1610.0,0.7231161594390869,1421712500.0
TSP,burma14,2,bSB,0,3346.0,3323.0,0.18986034393310547,786020000.0
TSP,burma14,2,bSB,1,3346.0,3323.0,0.2031404972076416,786020000.0
TSP,burma14,2,bSB,2,3346.0,3323.0,0.24395227432250977,786020000.0
TSP,burma14,2,bSB,3,3346.0,3323.0,0.18854141235351562,786020000.0
TSP,burma14,2,bSB,4,3346.0,3323.0,0.19274187088012695,786020000.0
TSP,burma14,2,bSB,5,3346.0,3323.0,0.18660283088684082,786020000.0
TSP,burma14,2,bSB,6,3346.0,3323.0,0.19230198860168457,786020000.0
TSP,burma14,2,bSB,7,3346.0,3323.0,0.1997373104095459,786020000.0
TSP,burma14,2,bSB,8,3346.0,3323.0,0.18732094764709473,786020000.0
TSP,burma14,2,bSB,9,3346.0,3323.0,0.1896522045135498,786020000.0
TSP,burma14,2,dSB,0,4645.0,3323.0,0.24121761322021484,786010000.0
TSP,burma14,2,dSB,1,4465.0,3323.0,0.238572359085083,786010000.0
TSP,burma14,2,dSB,2,5931.0,3323.0,0.23767852783203125,786010000.0
TSP,burma14,2,dSB,3,5015.0,3323.0,0.23857760429382324,786010000.0
TSP,burma14,2,dSB,4,5072.0,3323.0,0.23664093017578125,786010000.0
TSP,burma14,2,dSB,5,4546.0,3323.0,0.29775357246398926,786010000.0
TSP,burma14,2,dSB,6,5271.0,3323.0,0.23812580108642578,786010000.0
TSP,burma14,2,dSB,7,4585.0,3323.0,0.23907089233398438,786010000.0
TSP,burma14,2,dSB,8,5802.0,3323.0,0.29031944274902344,786010000.0
TSP,burma14,2,dSB,9,4318.0,3323.0,0.23789572715759277,786010000.0
TSP,burma14,2,SA,0,6238.0,3323.0,0.0804586410522461,776317616.0
TSP,burma14,2,SA,1,7081.0,3323.0,0.08040618896484375,776317616.0
TSP,burma14,2,SA,2,6406.0,3323.0,0.07992768287658691,776317616.0
TSP,burma14,2,SA,3,6828.0,3323.0,0.08028078079223633,776317616.0
TSP,burma14,2,SA,4,5469.0,3323.0,0.08167433738708496,776317616.0
TSP,burma14,2,SA,5,5385.0,3323.0,0.08208799362182617,776317616.0
TSP,burma14,2,SA,6,6060.0,3323.0,0.0824439525604248,776317616.0
TSP,burma14,2,SA,7,6778.0,3323.0,0.08249831199645996,776317616.0
TSP,burma14,2,SA,8,7914.0,3323.0,0.08256292343139648,776317616.0
TSP,burma14,2,SA,9,6443.0,3323.0,0.08266305923461914,776317616.0
TSP,burma14,2,inSituSA,0,1607376.0,3323.0,0.26787900924682617,6865000.0
TSP,burma14,2,inSituSA,1,1604939.0,3323.0,0.2124643325805664,6865000.0
TSP,burma14,2,inSituSA,2,1902550.0,3323.0,0.21607637405395508,6865000.0
TSP,burma14,2,inSituSA,3,1559093.0,3323.0,0.21447110176086426,6865000.0
TSP,burma14,2,inSituSA,4,2003891.0,3323.0,0.20796656608581543,6865000.0
TSP,burma14,2,inSituSA,5,1601921.0,3323.0,0.2213888168334961,6865000.0
TSP,burma14,2,inSituSA,6,1767890.0,3323.0,0.21175169944763184,6865000.0
TSP,burma14,2,inSituSA,7,1411499.0,3323.0,0.2094557285308838,6865000.0
TSP,burma14,2,inSituSA,8,1420667.0,3323.0,0.22279882431030273,6865000.0
TSP,burma14,2,inSituSA,9,1640137.0,3323.0,0.21263337135314941,6865000.0
TSP,burma14,2,SCA,0,32786.0,3323.0,0.5708174705505371,392500000.0
TSP,burma14,2,SCA,1,35308.0,3323.0,0.5842223167419434,392500000.0
TSP,burma14,2,SCA,2,35308.0,3323.0,0.584874153137207,392500000.0
TSP,burma14,2,SCA,3,30264.0,3323.0,0.6216003894805908,392500000.0
TSP,burma14,2,SCA,4,30264.0,3323.0,0.5737640857696533,392500000.0
TSP,burma14,2,SCA,5,35308.0,3323.0,0.5707101821899414,392500000.0
TSP,burma14,2,SCA,6,35308.0,3323.0,0.6225464344024658,392500000.0
TSP,burma14,2,SCA,7,35308.0,3323.0,0.5778450965881348,392500000.0
TSP,burma14,2,SCA,8,32786.0,3323.0,0.5718388557434082,392500000.0
TSP,burma14,2,SCA,9,35308.0,3323.0,0.6244778633117676,392500000.0
TSP,bayg29,2,bSB,0,1644.0,1610.0,0.25833773612976074,14221370000.0
TSP,bayg29,2,bSB,1,1644.0,1610.0,0.2542731761932373,14221370000.0
TSP,bayg29,2,bSB,2,1644.0,1610.0,0.2503626346588135,14221370000.0
TSP,bayg29,2,bSB,3,1644.0,1610.0,0.27833032608032227,14221370000.0
TSP,bayg29,2,bSB,4,1644.0,1610.0,0.2554621696472168,14221370000.0
TSP,bayg29,2,bSB,5,1644.0,1610.0,0.2524271011352539,14221370000.0
TSP,bayg29,2,bSB,6,1644.0,1610.0,0.25937652587890625,14221370000.0
TSP,bayg29,2,bSB,7,1644.0,1610.0,0.29925060272216797,14221370000.0
TSP,bayg29,2,bSB,8,1644.0,1610.0,0.24991464614868164,14221370000.0
TSP,bayg29,2,bSB,9,1644.0,1610.0,0.26599693298339844,14221370000.0
TSP,bayg29,2,dSB,0,2771.0,1610.0,0.3047327995300293,14221360000.0
TSP,bayg29,2,dSB,1,2766.0,1610.0,0.3092374801635742,14221360000.0
TSP,bayg29,2,dSB,2,3061.0,1610.0,0.31038379669189453,14221360000.0
TSP,bayg29,2,dSB,3,3011.0,1610.0,0.30678534507751465,14221360000.0
TSP,bayg29,2,dSB,4,2769.0,1610.0,0.30763936042785645,14221360000.0
TSP,bayg29,2,dSB,5,3112.0,1610.0,0.3107297420501709,14221360000.0
TSP,bayg29,2,dSB,6,3378.0,1610.0,0.3051002025604248,14221360000.0
TSP,bayg29,2,dSB,7,3233.0,1610.0,0.30883026123046875,14221360000.0
TSP,bayg29,2,dSB,8,2854.0,1610.0,0.30440664291381836,14221360000.0
TSP,bayg29,2,dSB,9,3085.0,1610.0,0.3035304546356201,14221360000.0
TSP,bayg29,2,SA,0,3889.0,1610.0,0.1007535457611084,14180757926.0
TSP,bayg29,2,SA,1,5283.0,1610.0,0.1010594367980957,14180757926.0
TSP,bayg29,2,SA,2,4594.0,1610.0,0.159531831741333,14180757926.0
TSP,bayg29,2,SA,3,4554.0,1610.0,0.10044479370117188,14180757926.0
TSP,bayg29,2,SA,4,4850.0,1610.0,0.10000896453857422,14180757926.0
TSP,bayg29,2,SA,5,4754.0,1610.0,0.11194157600402832,14180757926.0
TSP,bayg29,2,SA,6,4003.0,1610.0,0.15538454055786133,14180757926.0
TSP,bayg29,2,SA,7,4367.0,1610.0,0.10070586204528809,14180757926.0
TSP,bayg29,2,SA,8,4940.0,1610.0,0.10332822799682617,14180757926.0
TSP,bayg29,2,SA,9,4454.0,1610.0,0.10036921501159668,14180757926.0
TSP,bayg29,2,inSituSA,0,5091174.0,1610.0,0.304187536239624,29440000.0
TSP,bayg29,2,inSituSA,1,5062483.0,1610.0,0.3036956787109375,29440000.0
TSP,bayg29,2,inSituSA,2,5209028.0,1610.0,0.3017587661743164,29440000.0
TSP,bayg29,2,inSituSA,3,4979489.0,1610.0,0.3035757541656494,29440000.0
TSP,bayg29,2,inSituSA,4,5067254.0,1610.0,0.3010225296020508,29440000.0
TSP,bayg29,2,inSituSA,5,5193038.0,1610.0,0.3010118007659912,29440000.0
TSP,bayg29,2,inSituSA,6,4914728.0,1610.0,0.30167579650878906,29440000.0
TSP,bayg29,2,inSituSA,7,4982193.0,1610.0,0.29756712913513184,29440000.0
TSP,bayg29,2,inSituSA,8,5040296.0,1610.0,0.31041431427001953,29440000.0
TSP,bayg29,2,inSituSA,9,5171311.0,1610.0,0.2994241714477539,29440000.0
TSP,bayg29,2,SCA,0,22388.0,1610.0,3.6607115268707275,7108562500.0
TSP,bayg29,2,SCA,1,22388.0,1610.0,3.669189214706421,7108562500.0
TSP,bayg29,2,SCA,2,22388.0,1610.0,3.6264758110046387,7108562500.0
TSP,bayg29,2,SCA,3,22388.0,1610.0,3.69863224029541,7108562500.0
TSP,bayg29,2,SCA,4,22388.0,1610.0,3.672856569290161,7108562500.0
TSP,bayg29,2,SCA,5,22388.0,1610.0,3.6260008811950684,7108562500.0
TSP,bayg29,2,SCA,6,22388.0,1610.0,3.6234817504882812,7108562500.0
TSP,bayg29,2,SCA,7,22388.0,1610.0,3.633106231689453,7108562500.0
TSP,bayg29,2,SCA,8,22388.0,1610.0,3.6286256313323975,7108562500.0
TSP,bayg29,2,SCA,9,22388.0,1610.0,3.62864351272583,7108562500.0
TSP,burma14,3,bSB,0,3346.0,3323.0,0.2773749828338623,1179030000.0
TSP,burma14,3,bSB,1,3346.0,3323.0,0.3286874294281006,1179030000.0
TSP,burma14,3,bSB,2,3346.0,3323.0,0.28808021545410156,1179030000.0
TSP,burma14,3,bSB,3,3346.0,3323.0,0.2778029441833496,1179030000.0
TSP,burma14,3,bSB,4,3346.0,3323.0,0.3332829475402832,1179030000.0
TSP,burma14,3,bSB,5,3346.0,3323.0,0.2786214351654053,1179030000.0
TSP,burma14,3,bSB,6,3346.0,3323.0,0.28127288818359375,1179030000.0
TSP,burma14,3,bSB,7,3346.0,3323.0,0.2824380397796631,1179030000.0
TSP,burma14,3,bSB,8,3346.0,3323.0,0.2771470546722412,1179030000.0
TSP,burma14,3,bSB,9,3346.0,3323.0,0.27660560607910156,1179030000.0
TSP,burma14,3,dSB,0,4240.0,3323.0,0.3889122009277344,1179015000.0
TSP,burma14,3,dSB,1,4333.0,3323.0,0.35581135749816895,1179015000.0
TSP,burma14,3,dSB,2,4547.0,3323.0,0.3581252098083496,1179015000.0
TSP,burma14,3,dSB,3,5653.0,3323.0,0.35817933082580566,1179015000.0
TSP,burma14,3,dSB,4,5315.0,3323.0,0.36748433113098145,1179015000.0
TSP,burma14,3,dSB,5,5154.0,3323.0,0.3594353199005127,1179015000.0
TSP,burma14,3,dSB,6,5858.0,3323.0,0.3615274429321289,1179015000.0
TSP,burma14,3,dSB,7,4496.0,3323.0,0.4203784465789795,1179015000.0
TSP,burma14,3,dSB,8,4596.0,3323.0,0.35704827308654785,1179015000.0
TSP,burma14,3,dSB,9,5995.0,3323.0,0.3573486804962158,1179015000.0
TSP,burma14,3,SA,0,6238.0,3323.0,0.4401428699493408,3881277616.0
TSP,burma14,3,SA,1,7081.0,3323.0,0.43060922622680664,3881277616.0
TSP,burma14,3,SA,2,6406.0,3323.0,0.4166839122772217,3881277616.0
TSP,burma14,3,SA,3,6828.0,3323.0,0.4776191711425781,3881277616.0
TSP,burma14,3,SA,4,5469.0,3323.0,0.4129931926727295,3881277616.0
TSP,burma14,3,SA,5,5385.0,3323.0,0.4371604919433594,3881277616.0
TSP,burma14,3,SA,6,6060.0,3323.0,0.47806239128112793,3881277616.0
TSP,burma14,3,SA,7,6778.0,3323.0,0.4153165817260742,3881277616.0
TSP,burma14,3,SA,8,7192.0,3323.0,0.41461849212646484,3881277616.0
TSP,burma14,3,SA,9,6443.0,3323.0,0.4173421859741211,3881277616.0
TSP,burma14,3,inSituSA,0,1884212.0,3323.0,0.43167972564697266,13730000.0
TSP,burma14,3,inSituSA,1,1691579.0,3323.0,0.4157137870788574,13730000.0
TSP,burma14,3,inSituSA,2,1609578.0,3323.0,0.46784400939941406,13730000.0
TSP,burma14,3,inSituSA,3,1365482.0,3323.0,0.4291508197784424,13730000.0
TSP,burma14,3,inSituSA,4,1648435.0,3323.0,0.4180178642272949,13730000.0
TSP,burma14,3,inSituSA,5,1528327.0,3323.0,0.4200551509857178,13730000.0
TSP,burma14,3,inSituSA,6,1640813.0,3323.0,0.4303772449493408,13730000.0
TSP,burma14,3,inSituSA,7,1791092.0,3323.0,0.4217402935028076,13730000.0
TSP,burma14,3,inSituSA,8,1932775.0,3323.0,0.41802358627319336,13730000.0
TSP,burma14,3,inSituSA,9,1645383.0,3323.0,0.47493720054626465,13730000.0
TSP,burma14,3,SCA,0,32786.0,3323.0,1.1549603939056396,785000000.0
TSP,burma14,3,SCA,1,35308.0,3323.0,1.1880841255187988,785000000.0
TSP,burma14,3,SCA,2,35308.0,3323.0,1.1476142406463623,785000000.0
TSP,burma14,3,SCA,3,30264.0,3323.0,1.1394195556640625,785000000.0
TSP,burma14,3,SCA,4,30264.0,3323.0,1.1972012519836426,785000000.0
TSP,burma14,3,SCA,5,35308.0,3323.0,1.21616530418396,785000000.0
TSP,burma14,3,SCA,6,35308.0,3323.0,1.1430087089538574,785000000.0
TSP,burma14,3,SCA,7,35308.0,3323.0,1.2026352882385254,785000000.0
TSP,burma14,3,SCA,8,32786.0,3323.0,1.1897938251495361,785000000.0
TSP,burma14,3,SCA,9,35308.0,3323.0,1.1394994258880615,785000000.0
TSP,bayg29,3,bSB,0,1644.0,1610.0,0.3764674663543701,21332055000.0
TSP,bayg29,3,bSB,1,1644.0,1610.0,0.37985897064208984,21332055000.0
TSP,bayg29,3,bSB,2,1644.0,1610.0,0.37247419357299805,21332055000.0
TSP,bayg29,3,bSB,3,1644.0,1610.0,0.3758575916290283,21332055000.0
TSP,bayg29,3,bSB,4,1644.0,1610.0,0.37294816970825195,21332055000.0
TSP,bayg29,3,bSB,5,1644.0,1610.0,0.3763716220855713,21332055000.0
TSP,bayg29,3,bSB,6,1644.0,1610.0,0.37229180335998535,21332055000.0
TSP,bayg29,3,bSB,7,1644.0,1610.0,0.37802791595458984,21332055000.0
TSP,bayg29,3,bSB,8,1644.0,1610.0,0.3868541717529297,21332055000.0
TSP,bayg29,3,bSB,9,1644.0,1610.0,0.3802647590637207,21332055000.0
TSP,bayg29,3,dSB,0,2715.0,1610.0,0.5173087120056152,21332040000.0
TSP,bayg29,3,dSB,1,2778.0,1610.0,0.45821142196655273,21332040000.0
TSP,bayg29,3,dSB,2,2739.0,1610.0,0.5106348991394043,21332040000.0
TSP,bayg29,3,dSB,3,2868.0,1610.0,0.46907830238342285,21332040000.0
TSP,bayg29,3,dSB,4,3156.0,1610.0,0.5151727199554443,21332040000.0
TSP,bayg29,3,dSB,5,2901.0,1610.0,0.4611375331878662,21332040000.0
TSP,bayg29,3,dSB,6,2830.0,1610.0,0.515148401260376,21332040000.0
TSP,bayg29,3,dSB,7,2666.0,1610.0,0.46071910858154297,21332040000.0
TSP,bayg29,3,dSB,8,3406.0,1610.0,0.5106797218322754,21332040000.0
TSP,bayg29,3,dSB,9,2966.0,1610.0,0.4751279354095459,21332040000.0
TSP,bayg29,3,SA,0,3889.0,1610.0,0.5086631774902344,70898117926.0
TSP,bayg29,3,SA,1,4237.0,1610.0,0.5198545455932617,70898117926.0
TSP,bayg29,3,SA,2,4594.0,1610.0,0.5243315696716309,70898117926.0
TSP,bayg29,3,SA,3,4849.0,1610.0,0.5066843032836914,70898117926.0
TSP,bayg29,3,SA,4,4850.0,1610.0,0.5177872180938721,70898117926.0
TSP,bayg29,3,SA,5,4845.0,1610.0,0.5117616653442383,70898117926.0
TSP,bayg29,3,SA,6,4003.0,1610.0,0.508805513381958,70898117926.0
TSP,bayg29,3,SA,7,4919.0,1610.0,0.5122122764587402,70898117926.0
TSP,bayg29,3,SA,8,4848.0,1610.0,0.5036423206329346,70898117926.0
TSP,bayg29,3,SA,9,4324.0,1610.0,0.5094339847564697,70898117926.0
TSP,bayg29,3,inSituSA,0,5047674.0,1610.0,0.6016597747802734,58880000.0
TSP,bayg29,3,inSituSA,1,5001040.0,1610.0,0.6559929847717285,58880000.0
TSP,bayg29,3,inSituSA,2,5081220.0,1610.0,0.6170439720153809,58880000.0
TSP,bayg29,3,inSituSA,3,5079688.0,1610.0,0.6596732139587402,58880000.0
TSP,bayg29,3,inSituSA,4,4955316.0,1610.0,0.5989265441894531,58880000.0
TSP,bayg29,3,inSituSA,5,4899403.0,1610.0,0.6654319763183594,58880000.0
TSP,bayg29,3,inSituSA,6,5104540.0,1610.0,0.6010036468505859,58880000.0
TSP,bayg29,3,inSituSA,7,4931034.0,1610.0,0.6584336757659912,58880000.0
TSP,bayg29,3,inSituSA,8,5074139.0,1610.0,0.5982010364532471,58880000.0
TSP,bayg29,3,inSituSA,9,5052699.0,1610.0,0.6536636352539062,58880000.0
TSP,bayg29,3,SCA,0,22388.0,1610.0,7.305445671081543,14217125000.0
TSP,bayg29,3,SCA,1,22388.0,1610.0,7.187067985534668,14217125000.0
TSP,bayg29,3,SCA,2,22388.0,1610.0,7.3187925815582275,14217125000.0
TSP,bayg29,3,SCA,3,22388.0,1610.0,7.171760320663452,14217125000.0
TSP,bayg29,3,SCA,4,22388.0,1610.0,7.323752403259277,14217125000.0
TSP,bayg29,3,SCA,5,22388.0,1610.0,7.21795129776001,14217125000.0
TSP,bayg29,3,SCA,6,22388.0,1610.0,7.29643440246582,14217125000.0
TSP,bayg29,3,SCA,7,22388.0,1610.0,7.266022443771362,14217125000.0
TSP,bayg29,3,SCA,8,22388.0,1610.0,7.340567588806152,14217125000.0
TSP,bayg29,3,SCA,9,22388.0,1610.0,7.283056974411011,14217125000.0
TSP,burma14,4,bSB,0,3346.0,3323.0,1.0607733726501465,3930100000.0
TSP,burma14,4,bSB,1,3346.0,3323.0,0.9500479698181152,3930100000.0
TSP,burma14,4,bSB,2,3346.0,3323.0,1.0034205913543701,3930100000.0
TSP,burma14,4,bSB,3,3346.0,3323.0,0.9338066577911377,3930100000.0
TSP,burma14,4,bSB,4,3346.0,3323.0,0.9975790977478027,3930100000.0
TSP,burma14,4,bSB,5,3346.0,3323.0,0.9350543022155762,3930100000.0
TSP,burma14,4,bSB,6,3346.0,3323.0,0.9382619857788086,3930100000.0
TSP,burma14,4,bSB,7,3346.0,3323.0,1.0927386283874512,3930100000.0
TSP,burma14,4,bSB,8,3346.0,3323.0,0.9337279796600342,3930100000.0
TSP,burma14,4,bSB,9,3346.0,3323.0,0.9854247570037842,3930100000.0
TSP,burma14,4,dSB,0,4682.0,3323.0,1.2110891342163086,3930050000.0
TSP,burma14,4,dSB,1,4623.0,3323.0,1.2747678756713867,3930050000.0
TSP,burma14,4,dSB,2,5087.0,3323.0,1.2012269496917725,3930050000.0
TSP,burma14,4,dSB,3,4599.0,3323.0,1.2635796070098877,3930050000.0
TSP,burma14,4,dSB,4,5189.0,3323.0,1.2195873260498047,3930050000.0
TSP,burma14,4,dSB,5,4651.0,3323.0,1.3771719932556152,3930050000.0
TSP,burma14,4,dSB,6,4628.0,3323.0,1.2411808967590332,3930050000.0
TSP,burma14,4,dSB,7,5341.0,3323.0,1.198681354522705,3930050000.0
TSP,burma14,4,dSB,8,4678.0,3323.0,1.2462522983551025,3930050000.0
TSP,burma14,4,dSB,9,4441.0,3323.0,1.1926426887512207,3930050000.0
TSP,burma14,4,SA,0,6238.0,3323.0,0.8964376449584961,7762477616.0
TSP,burma14,4,SA,1,7081.0,3323.0,0.8350868225097656,7762477616.0
TSP,burma14,4,SA,2,6406.0,3323.0,0.8986954689025879,7762477616.0
TSP,burma14,4,SA,3,6828.0,3323.0,0.8409953117370605,7762477616.0
TSP,burma14,4,SA,4,5469.0,3323.0,0.8925127983093262,7762477616.0
TSP,burma14,4,SA,5,5385.0,3323.0,0.8496849536895752,7762477616.0
TSP,burma14,4,SA,6,6060.0,3323.0,0.8270401954650879,7762477616.0
TSP,burma14,4,SA,7,6778.0,3323.0,0.8890559673309326,7762477616.0
TSP,burma14,4,SA,8,7192.0,3323.0,0.83394455909729,7762477616.0
TSP,burma14,4,SA,9,6443.0,3323.0,0.8813796043395996,7762477616.0
TSP,burma14,4,inSituSA,0,1791128.0,3323.0,2.1773946285247803,68650000.0
TSP,burma14,4,inSituSA,1,1704725.0,3323.0,2.1852548122406006,68650000.0
TSP,burma14,4,inSituSA,2,1658616.0,3323.0,2.175055980682373,68650000.0
TSP,burma14,4,inSituSA,3,1611341.0,3323.0,2.1797232627868652,68650000.0
TSP,burma14,4,inSituSA,4,1529989.0,3323.0,2.168290615081787,68650000.0
TSP,burma14,4,inSituSA,5,1840232.0,3323.0,2.169857978820801,68650000.0
TSP,burma14,4,inSituSA,6,1415415.0,3323.0,2.196692705154419,68650000.0
TSP,burma14,4,inSituSA,7,1515477.0,3323.0,2.1551923751831055,68650000.0
TSP,burma14,4,inSituSA,8,1592652.0,3323.0,2.1343774795532227,68650000.0
TSP,burma14,4,inSituSA,9,1698252.0,3323.0,2.167083263397217,68650000.0
TSP,burma14,4,SCA,0,32786.0,3323.0,5.948307991027832,3925000000.0
TSP,burma14,4,SCA,1,35308.0,3323.0,6.050140619277954,3925000000.0
TSP,burma14,4,SCA,2,35308.0,3323.0,6.003534555435181,3925000000.0
TSP,burma14,4,SCA,3,30264.0,3323.0,6.138627529144287,3925000000.0
TSP,burma14,4,SCA,4,30264.0,3323.0,5.974510192871094,3925000000.0
TSP,burma14,4,SCA,5,35308.0,3323.0,6.008813858032227,3925000000.0
TSP,burma14,4,SCA,6,35308.0,3323.0,5.832414150238037,3925000000.0
TSP,burma14,4,SCA,7,35308.0,3323.0,5.887387275695801,3925000000.0
TSP,burma14,4,SCA,8,32786.0,3323.0,6.015951156616211,3925000000.0
TSP,burma14,4,SCA,9,35308.0,3323.0,5.910019397735596,3925000000.0
TSP,bayg29,4,bSB,0,1644.0,1610.0,1.24586820602417,71106850000.0
TSP,bayg29,4,bSB,1,1644.0,1610.0,1.2484374046325684,71106850000.0
TSP,bayg29,4,bSB,2,1644.0,1610.0,1.2636210918426514,71106850000.0
TSP,bayg29,4,bSB,3,1644.0,1610.0,1.2636687755584717,71106850000.0
TSP,bayg29,4,bSB,4,1644.0,1610.0,1.3573310375213623,71106850000.0
TSP,bayg29,4,bSB,5,1644.0,1610.0,1.2493317127227783,71106850000.0
TSP,bayg29,4,bSB,6,1644.0,1610.0,1.2689974308013916,71106850000.0
TSP,bayg29,4,bSB,7,1644.0,1610.0,1.274500846862793,71106850000.0
TSP,bayg29,4,bSB,8,1644.0,1610.0,1.2770183086395264,71106850000.0
TSP,bayg29,4,bSB,9,1644.0,1610.0,1.2402300834655762,71106850000.0
TSP,bayg29,4,dSB,0,2841.0,1610.0,1.5933992862701416,71106800000.0
TSP,bayg29,4,dSB,1,2582.0,1610.0,1.5854597091674805,71106800000.0
TSP,bayg29,4,dSB,2,2601.0,1610.0,1.5879244804382324,71106800000.0
TSP,bayg29,4,dSB,3,2966.0,1610.0,1.6208255290985107,71106800000.0
TSP,bayg29,4,dSB,4,2911.0,1610.0,1.5782999992370605,71106800000.0
TSP,bayg29,4,dSB,5,2784.0,1610.0,1.5642807483673096,71106800000.0
TSP,bayg29,4,dSB,6,2623.0,1610.0,1.6019585132598877,71106800000.0
TSP,bayg29,4,dSB,7,3284.0,1610.0,1.593916893005371,71106800000.0
TSP,bayg29,4,dSB,8,3102.0,1610.0,1.5794498920440674,71106800000.0
TSP,bayg29,4,dSB,9,2658.0,1610.0,1.6507182121276855,71106800000.0
TSP,bayg29,4,SA,0,3889.0,1610.0,1.019822597503662,141794817926.0
TSP,bayg29,4,SA,1,4982.0,1610.0,1.0978128910064697,141794817926.0
TSP,bayg29,4,SA,2,4642.0,1610.0,1.072854995727539,141794817926.0
TSP,bayg29,4,SA,3,4506.0,1610.0,1.0626444816589355,141794817926.0
TSP,bayg29,4,SA,4,4850.0,1610.0,1.0809950828552246,141794817926.0
TSP,bayg29,4,SA,5,4845.0,1610.0,1.0890181064605713,141794817926.0
TSP,bayg29,4,SA,6,4003.0,1610.0,1.0794658660888672,141794817926.0
TSP,bayg29,4,SA,7,4919.0,1610.0,1.06358003616333,141794817926.0
TSP,bayg29,4,SA,8,4767.0,1610.0,1.1766314506530762,141794817926.0
TSP,bayg29,4,SA,9,4324.0,1610.0,1.0688257217407227,141794817926.0
TSP,bayg29,4,inSituSA,0,5082348.0,1610.0,3.1610450744628906,294400000.0
TSP,bayg29,4,inSituSA,1,4910379.0,1610.0,3.11521315574646,294400000.0
TSP,bayg29,4,inSituSA,2,5144713.0,1610.0,3.0644283294677734,294400000.0
TSP,bayg29,4,inSituSA,3,5078119.0,1610.0,3.1176977157592773,294400000.0
TSP,bayg29,4,inSituSA,4,5054153.0,1610.0,3.076747417449951,294400000.0
TSP,bayg29,4,inSituSA,5,5064943.0,1610.0,3.0783755779266357,294400000.0
TSP,bayg29,4,inSituSA,6,5138524.0,1610.0,3.155057430267334,294400000.0
TSP,bayg29,4,inSituSA,7,5034485.0,1610.0,3.2434046268463135,294400000.0
TSP,bayg29,4,inSituSA,8,5139075.0,1610.0,3.102816343307495,294400000.0
TSP,bayg29,4,inSituSA,9,4955141.0,1610.0,3.090768337249756,294400000.0
TSP,bayg29,4,SCA,0,22388.0,1610.0,36.721333265304565,71085625000.0
TSP,bayg29,4,SCA,1,22388.0,1610.0,36.38713216781616,71085625000.0
TSP,bayg29,4,SCA,2,22388.0,1610.0,36.49133348464966,71085625000.0
TSP,bayg29,4,SCA,3,22388.0,1610.0,36.212942600250244,71085625000.0
TSP,bayg29,4,SCA,4,22388.0,1610.0,36.431406021118164,71085625000.0
TSP,bayg29,4,SCA,5,22388.0,1610.0,36.592533588409424,71085625000.0
TSP,bayg29,4,SCA,6,22388.0,1610.0,36.45800447463989,71085625000.0
TSP,bayg29,4,SCA,7,22388.0,1610.0,36.36965847015381,71085625000.0
TSP,bayg29,4,SCA,8,22388.0,1610.0,36.432525396347046,71085625000.0
TSP,bayg29,4,SCA,9,22388.0,1610.0,36.528234243392944,71085625000.0
QKP,jeu_100_25_1,0,bSB,0,168672.0,-18558.0,0.009079217910766602,12598000.0
QKP,jeu_100_25_1,0,bSB,1,468880.0,-18558.0,0.008878946304321289,12598000.0
QKP,jeu_100_25_1,0,bSB,2,-7216.0,-18558.0,0.009562969207763672,12598000.0
QKP,jeu_100_25_1,0,bSB,3,-944.0,-18558.0,0.00892019271850586,12598000.0
QKP,jeu_100_25_1,0,bSB,4,71872.0,-18558.0,0.00952768325805664,12598000.0
QKP,jeu_100_25_1,0,bSB,5,11824.0,-18558.0,0.008968353271484375,12598000.0
QKP,jeu_100_25_1,0,bSB,6,365712.0,-18558.0,0.008887052536010742,12598000.0
QKP,jeu_100_25_1,0,bSB,7,875152.0,-18558.0,0.009001970291137695,12598000.0
QKP,jeu_100_25_1,0,bSB,8,93936.0,-18558.0,0.009105682373046875,12598000.0
QKP,jeu_100_25_1,0,bSB,9,1709040.0,-18558.0,0.00897526741027832,12598000.0
QKP,jeu_100_25_1,0,dSB,0,980080.0,-18558.0,0.011673927307128906,12597500.0
QKP,jeu_100_25_1,0,dSB,1,2402464.0,-18558.0,0.011668920516967773,12597500.0
QKP,jeu_100_25_1,0,dSB,2,1040416.0,-18558.0,0.011681556701660156,12597500.0
QKP,jeu_100_25_1,0,dSB,3,2495920.0,-18558.0,0.01186060905456543,12597500.0
QKP,jeu_100_25_1,0,dSB,4,591488.0,-18558.0,0.011873722076416016,12597500.0
QKP,jeu_100_25_1,0,dSB,5,980080.0,-18558.0,0.011931657791137695,12597500.0
QKP,jeu_100_25_1,0,dSB,6,95632.0,-18558.0,0.011711359024047852,12597500.0
QKP,jeu_100_25_1,0,dSB,7,78384.0,-18558.0,0.01160120964050293,12597500.0
QKP,jeu_100_25_1,0,dSB,8,3606096.0,-18558.0,0.011667013168334961,12597500.0
QKP,jeu_100_25_1,0,dSB,9,31584144.0,-18558.0,0.011776924133300781,12597500.0
QKP,jeu_100_25_1,0,SA,0,-7536.0,-18558.0,0.00038933753967285156,1257040.0
QKP,jeu_100_25_1,0,SA,1,73095310.0,-18558.0,0.0003662109375,1257040.0
QKP,jeu_100_25_1,0,SA,2,1734224.0,-18558.0,0.0003650188446044922,1257040.0
QKP,jeu_100_25_1,0,SA,3,2683248.0,-18558.0,0.00038123130798339844,1257040.0
QKP,jeu_100_25_1,0,SA,4,1434224.0,-18558.0,0.00038909912109375,1257040.0
QKP,jeu_100_25_1,0,SA,5,5846648.0,-18558.0,0.0003619194030761719,1257040.0
QKP,jeu_100_25_1,0,SA,6,17634288.0,-18558.0,0.0003726482391357422,1257040.0
QKP,jeu_100_25_1,0,SA,7,75854720.0,-18558.0,0.0003528594970703125,1257040.0
QKP,jeu_100_25_1,0,SA,8,1316240.0,-18558.0,0.0003533363342285156,1257040.0
QKP,jeu_100_25_1,0,SA,9,33173296.0,-18558.0,0.0003638267517089844,1257040.0
QKP,jeu_100_25_1,0,inSituSA,0,40054210.0,-18558.0,0.0022017955780029297,43950.0
QKP,jeu_100_25_1,0,inSituSA,1,78122104.0,-18558.0,0.0021212100982666016,43950.0
QKP,jeu_100_25_1,0,inSituSA,2,112979460.0,-18558.0,0.0020856857299804688,43950.0
QKP,jeu_100_25_1,0,inSituSA,3,115548240.0,-18558.0,0.0021202564239501953,43950.0
QKP,jeu_100_25_1,0,inSituSA,4,235294450.0,-18558.0,0.002179384231567383,43950.0
QKP,jeu_100_25_1,0,inSituSA,5,210522880.0,-18558.0,0.0020775794982910156,43950.0
QKP,jeu_100_25_1,0,inSituSA,6,131547910.0,-18558.0,0.0020818710327148438,43950.0
QKP,jeu_100_25_1,0,inSituSA,7,175797580.0,-18558.0,0.002195596694946289,43950.0
QKP,jeu_100_25_1,0,inSituSA,8,229199740.0,-18558.0,0.0020821094512939453,43950.0
QKP,jeu_100_25_1,0,inSituSA,9,169504860.0,-18558.0,0.0020732879638671875,43950.0
QKP,jeu_100_25_1,0,SCA,0,31682728.0,-18558.0,0.036667585372924805,12568500.0
QKP,jeu_100_25_1,0,SCA,1,54445880.0,-18558.0,0.0345458984375,12568500.0
QKP,jeu_100_25_1,0,SCA,2,43409216.0,-18558.0,0.044486045837402344,12568500.0
QKP,jeu_100_25_1,0,SCA,3,27337448.0,-18558.0,0.03885650634765625,12568500.0
QKP,jeu_100_25_1,0,SCA,4,20691472.0,-18558.0,0.03448033332824707,12568500.0
QKP,jeu_100_25_1,0,SCA,5,55930750.0,-18558.0,0.0346369743347168,12568500.0
QKP,jeu_100_25_1,0,SCA,6,22836040.0,-18558.0,0.034317970275878906,12568500.0
QKP,jeu_100_25_1,0,SCA,7,17456720.0,-18558.0,0.03454470634460449,12568500.0
QKP,jeu_100_25_1,0,SCA,8,59734624.0,-18558.0,0.03442811965942383,12568500.0
QKP,jeu_100_25_1,0,SCA,9,41330910.0,-18558.0,0.03467273712158203,12568500.0
QKP,jeu_300_25_1,0,bSB,0,3053824.0,-29140.0,0.011388301849365234,96874500.0
QKP,jeu_300_25_1,0,bSB,1,6045568.0,-29140.0,0.010417938232421875,96874500.0
QKP,jeu_300_25_1,0,bSB,2,2393472.0,-29140.0,0.01105642318725586,96874500.0
QKP,jeu_300_25_1,0,bSB,3,2747392.0,-29140.0,0.011303424835205078,96874500.0
QKP,jeu_300_25_1,0,bSB,4,2121984.0,-29140.0,0.010561466217041016,96874500.0
QKP,jeu_300_25_1,0,bSB,5,6194432.0,-29140.0,0.010482072830200195,96874500.0
QKP,jeu_300_25_1,0,bSB,6,1812224.0,-29140.0,0.011538028717041016,96874500.0
QKP,jeu_300_25_1,0,bSB,7,3088896.0,-29140.0,0.010519742965698242,96874500.0
QKP,jeu_300_25_1,0,bSB,8,1895424.0,-29140.0,0.010461807250976562,96874500.0
QKP,jeu_300_25_1,0,bSB,9,2301568.0,-29140.0,0.01048588752746582,96874500.0
QKP,jeu_300_25_1,0,dSB,0,6400.0,-29140.0,0.014128923416137695,96874000.0
QKP,jeu_300_25_1,0,dSB,1,409240320.0,-29140.0,0.013117074966430664,96874000.0
QKP,jeu_300_25_1,0,dSB,2,1440000.0,-29140.0,0.014548540115356445,96874000.0
QKP,jeu_300_25_1,0,dSB,3,6400.0,-29140.0,0.01384878158569336,96874000.0
QKP,jeu_300_25_1,0,dSB,4,6400.0,-29140.0,0.014045000076293945,96874000.0
QKP,jeu_300_25_1,0,dSB,5,409240320.0,-29140.0,0.013180255889892578,96874000.0
QKP,jeu_300_25_1,0,dSB,6,409240320.0,-29140.0,0.013741731643676758,96874000.0
QKP,jeu_300_25_1,0,dSB,7,409240320.0,-29140.0,0.01318049430847168,96874000.0
QKP,jeu_300_25_1,0,dSB,8,409240320.0,-29140.0,0.01357412338256836,96874000.0
QKP,jeu_300_25_1,0,dSB,9,409240320.0,-29140.0,0.014597892761230469,96874000.0
QKP,jeu_300_25_1,0,SA,0,1154515700.0,-29140.0,0.00044345855712890625,9802498.0
QKP,jeu_300_25_1,0,SA,1,901690500.0,-29140.0,0.0004220008850097656,9802498.0
QKP,jeu_300_25_1,0,SA,2,952234240.0,-29140.0,0.00043511390686035156,9802498.0
QKP,jeu_300_25_1,0,SA,3,1112102900.0,-29140.0,0.0004391670227050781,9802498.0
QKP,jeu_300_25_1,0,SA,4,592841540.0,-29140.0,0.00041675567626953125,9802498.0
QKP,jeu_300_25_1,0,SA,5,1082286500.0,-29140.0,0.0004374980926513672,9802498.0
QKP,jeu_300_25_1,0,SA,6,839748030.0,-29140.0,0.00043892860412597656,9802498.0
QKP,jeu_300_25_1,0,SA,7,1124816100.0,-29140.0,0.00042629241943359375,9802498.0
QKP,jeu_300_25_1,0,SA,8,835696400.0,-29140.0,0.0004172325134277344,9802498.0
QKP,jeu_300_25_1,0,SA,9,791198800.0,-29140.0,0.0004184246063232422,9802498.0
QKP,jeu_300_25_1,0,inSituSA,0,1093493900.0,-29140.0,0.002500295639038086,123550.0
QKP,jeu_300_25_1,0,inSituSA,1,1126796800.0,-29140.0,0.0024509429931640625,123550.0
QKP,jeu_300_25_1,0,inSituSA,2,1164723600.0,-29140.0,0.0024619102478027344,123550.0
QKP,jeu_300_25_1,0,inSituSA,3,1437008100.0,-29140.0,0.0025627613067626953,123550.0
QKP,jeu_300_25_1,0,inSituSA,4,1249480000.0,-29140.0,0.002478361129760742,123550.0
QKP,jeu_300_25_1,0,inSituSA,5,1312461800.0,-29140.0,0.0024518966674804688,123550.0
QKP,jeu_300_25_1,0,inSituSA,6,1096810800.0,-29140.0,0.002613544464111328,123550.0
QKP,jeu_300_25_1,0,inSituSA,7,1311025900.0,-29140.0,0.0024640560150146484,123550.0
QKP,jeu_300_25_1,0,inSituSA,8,971445250.0,-29140.0,0.002424478530883789,123550.0
QKP,jeu_300_25_1,0,inSituSA,9,1082272800.0,-29140.0,0.0024302005767822266,123550.0
QKP,jeu_300_25_1,0,SCA,0,7538560.0,-29140.0,0.09392142295837402,96795250.0
QKP,jeu_300_25_1,0,SCA,1,17438080.0,-29140.0,0.09846782684326172,96795250.0
QKP,jeu_300_25_1,0,SCA,2,20312320.0,-29140.0,0.09561371803283691,96795250.0
QKP,jeu_300_25_1,0,SCA,3,13734144.0,-29140.0,0.15039277076721191,96795250.0
QKP,jeu_300_25_1,0,SCA,4,20224000.0,-29140.0,0.09750056266784668,96795250.0
QKP,jeu_300_25_1,0,SCA,5,8673536.0,-29140.0,0.09658312797546387,96795250.0
QKP,jeu_300_25_1,0,SCA,6,25373952.0,-29140.0,0.09810853004455566,96795250.0
QKP,jeu_300_25_1,0,SCA,7,8912000.0,-29140.0,0.11563491821289062,96795250.0
QKP,jeu_300_25_1,0,SCA,8,31885568.0,-29140.0,0.09853291511535645,96795250.0
QKP,jeu_300_25_1,0,SCA,9,18116096.0,-29140.0,0.09783315658569336,96795250.0
QKP,jeu_100_25_1,1,bSB,0,137680.0,-18558.0,0.019018173217773438,25196000.0
QKP,jeu_100_25_1,1,bSB,1,378560.0,-18558.0,0.01806473731994629,25196000.0
QKP,jeu_100_25_1,1,bSB,2,172144.0,-18558.0,0.01769423484802246,25196000.0
QKP,jeu_100_25_1,1,bSB,3,402032.0,-18558.0,0.017674922943115234,25196000.0
QKP,jeu_100_25_1,1,bSB,4,-4080.0,-18558.0,0.017782211303710938,25196000.0
QKP,jeu_100_25_1,1,bSB,5,-8608.0,-18558.0,0.017749309539794922,25196000.0
QKP,jeu_100_25_1,1,bSB,6,43376.0,-18558.0,0.017835140228271484,25196000.0
QKP,jeu_100_25_1,1,bSB,7,696544.0,-18558.0,0.01779627799987793,25196000.0
QKP,jeu_100_25_1,1,bSB,8,583696.0,-18558.0,0.017767667770385742,25196000.0
QKP,jeu_100_25_1,1,bSB,9,427168.0,-18558.0,0.017862796783447266,25196000.0
QKP,jeu_100_25_1,1,dSB,0,980080.0,-18558.0,0.02508711814880371,25195000.0
QKP,jeu_100_25_1,1,dSB,1,47264.0,-18558.0,0.02339315414428711,25195000.0
QKP,jeu_100_25_1,1,dSB,2,606656.0,-18558.0,0.023198366165161133,25195000.0
QKP,jeu_100_25_1,1,dSB,3,980080.0,-18558.0,0.023183345794677734,25195000.0
QKP,jeu_100_25_1,1,dSB,4,376720.0,-18558.0,0.02315807342529297,25195000.0
QKP,jeu_100_25_1,1,dSB,5,980080.0,-18558.0,0.023284912109375,25195000.0
QKP,jeu_100_25_1,1,dSB,6,980080.0,-18558.0,0.02333664894104004,25195000.0
QKP,jeu_100_25_1,1,dSB,7,15523136.0,-18558.0,0.0234072208404541,25195000.0
QKP,jeu_100_25_1,1,dSB,8,4450160.0,-18558.0,0.023214340209960938,25195000.0
QKP,jeu_100_25_1,1,dSB,9,13314104.0,-18558.0,0.023386478424072266,25195000.0
QKP,jeu_100_25_1,1,SA,0,-8512.0,-18558.0,0.0007848739624023438,2489440.0
QKP,jeu_100_25_1,1,SA,1,32829560.0,-18558.0,0.0007352828979492188,2489440.0
QKP,jeu_100_25_1,1,SA,2,-1840.0,-18558.0,0.0007336139678955078,2489440.0
QKP,jeu_100_25_1,1,SA,3,-4176.0,-18558.0,0.0007355213165283203,2489440.0
QKP,jeu_100_25_1,1,SA,4,-4144.0,-18558.0,0.0007567405700683594,2489440.0
QKP,jeu_100_25_1,1,SA,5,-5232.0,-18558.0,0.0007290840148925781,2489440.0
QKP,jeu_100_25_1,1,SA,6,-4368.0,-18558.0,0.0007426738739013672,2489440.0
QKP,jeu_100_25_1,1,SA,7,29698608.0,-18558.0,0.0007078647613525391,2489440.0
QKP,jeu_100_25_1,1,SA,8,-3584.0,-18558.0,0.0007281303405761719,2489440.0
QKP,jeu_100_25_1,1,SA,9,8701168.0,-18558.0,0.0007395744323730469,2489440.0
QKP,jeu_100_25_1,1,inSituSA,0,104026680.0,-18558.0,0.004125118255615234,87900.0
QKP,jeu_100_25_1,1,inSituSA,1,112129280.0,-18558.0,0.00406193733215332,87900.0
QKP,jeu_100_25_1,1,inSituSA,2,272891700.0,-18558.0,0.00406193733215332,87900.0
QKP,jeu_100_25_1,1,inSituSA,3,121861730.0,-18558.0,0.004054546356201172,87900.0
QKP,jeu_100_25_1,1,inSituSA,4,40306910.0,-18558.0,0.004056453704833984,87900.0
QKP,jeu_100_25_1,1,inSituSA,5,178468030.0,-18558.0,0.004061698913574219,87900.0
QKP,jeu_100_25_1,1,inSituSA,6,32247880.0,-18558.0,0.004105091094970703,87900.0
QKP,jeu_100_25_1,1,inSituSA,7,84073710.0,-18558.0,0.0040607452392578125,87900.0
QKP,jeu_100_25_1,1,inSituSA,8,65272464.0,-18558.0,0.0040624141693115234,87900.0
QKP,jeu_100_25_1,1,inSituSA,9,291367300.0,-18558.0,0.004075288772583008,87900.0
QKP,jeu_100_25_1,1,SCA,0,31682728.0,-18558.0,0.07152366638183594,25137000.0
QKP,jeu_100_25_1,1,SCA,1,54445880.0,-18558.0,0.06849455833435059,25137000.0
QKP,jeu_100_25_1,1,SCA,2,43409216.0,-18558.0,0.06863760948181152,25137000.0
QKP,jeu_100_25_1,1,SCA,3,27337448.0,-18558.0,0.06853938102722168,25137000.0
QKP,jeu_100_25_1,1,SCA,4,20691472.0,-18558.0,0.06860470771789551,25137000.0
QKP,jeu_100_25_1,1,SCA,5,55930750.0,-18558.0,0.06894183158874512,25137000.0
QKP,jeu_100_25_1,1,SCA,6,22836040.0,-18558.0,0.06862592697143555,25137000.0
QKP,jeu_100_25_1,1,SCA,7,17456720.0,-18558.0,0.06839156150817871,25137000.0
QKP,jeu_100_25_1,1,SCA,8,59734624.0,-18558.0,0.06891441345214844,25137000.0
QKP,jeu_100_25_1,1,SCA,9,41330910.0,-18558.0,0.06841516494750977,25137000.0
QKP,jeu_300_25_1,1,bSB,0,35584.0,-29140.0,0.01992034912109375,193749000.0
QKP,jeu_300_25_1,1,bSB,1,108416.0,-29140.0,0.036798954010009766,193749000.0
QKP,jeu_300_25_1,1,bSB,2,52352.0,-29140.0,0.02175164222717285,193749000.0
QKP,jeu_300_25_1,1,bSB,3,-1920.0,-29140.0,0.021409273147583008,193749000.0
QKP,jeu_300_25_1,1,bSB,4,-4480.0,-29140.0,0.021198272705078125,193749000.0
QKP,jeu_300_25_1,1,bSB,5,1139712.0,-29140.0,0.02130436897277832,193749000.0
QKP,jeu_300_25_1,1,bSB,6,57472.0,-29140.0,0.021352767944335938,193749000.0
QKP,jeu_300_25_1,1,bSB,7,19968.0,-29140.0,0.021466970443725586,193749000.0
QKP,jeu_300_25_1,1,bSB,8,-3456.0,-29140.0,0.021292448043823242,193749000.0
QKP,jeu_300_25_1,1,bSB,9,108288.0,-29140.0,0.021221637725830078,193749000.0
QKP,jeu_300_25_1,1,dSB,0,409240320.0,-29140.0,0.026270389556884766,193748000.0
QKP,jeu_300_25_1,1,dSB,1,1440000.0,-29140.0,0.027253150939941406,193748000.0
QKP,jeu_300_25_1,1,dSB,2,1440000.0,-29140.0,0.02614617347717285,193748000.0
QKP,jeu_300_25_1,1,dSB,3,6400.0,-29140.0,0.025971174240112305,193748000.0
QKP,jeu_300_25_1,1,dSB,4,6400.0,-29140.0,0.026078462600708008,193748000.0
QKP,jeu_300_25_1,1,dSB,5,1440000.0,-29140.0,0.025989770889282227,193748000.0
QKP,jeu_300_25_1,1,dSB,6,6400.0,-29140.0,0.02613544464111328,193748000.0
QKP,jeu_300_25_1,1,dSB,7,6400.0,-29140.0,0.025992870330810547,193748000.0
QKP,jeu_300_25_1,1,dSB,8,14137600.0,-29140.0,0.026026010513305664,193748000.0
QKP,jeu_300_25_1,1,dSB,9,409240320.0,-29140.0,0.026005029678344727,193748000.0
QKP,jeu_300_25_1,1,SA,0,860146600.0,-29140.0,0.0008878707885742188,19412798.0
QKP,jeu_300_25_1,1,SA,1,611495200.0,-29140.0,0.0008172988891601562,19412798.0
QKP,jeu_300_25_1,1,SA,2,730001100.0,-29140.0,0.0008409023284912109,19412798.0
QKP,jeu_300_25_1,1,SA,3,818443500.0,-29140.0,0.0008497238159179688,19412798.0
QKP,jeu_300_25_1,1,SA,4,403146880.0,-29140.0,0.0008318424224853516,19412798.0
QKP,jeu_300_25_1,1,SA,5,687917200.0,-29140.0,0.0008490085601806641,19412798.0
QKP,jeu_300_25_1,1,SA,6,577373700.0,-29140.0,0.0008509159088134766,19412798.0
QKP,jeu_300_25_1,1,SA,7,759473000.0,-29140.0,0.0008244514465332031,19412798.0
QKP,jeu_300_25_1,1,SA,8,634971840.0,-29140.0,0.0008397102355957031,19412798.0
QKP,jeu_300_25_1,1,SA,9,547019500.0,-29140.0,0.0008251667022705078,19412798.0
QKP,jeu_300_25_1,1,inSituSA,0,1770547000.0,-29140.0,0.004789113998413086,247100.0
QKP,jeu_300_25_1,1,inSituSA,1,1775617800.0,-29140.0,0.004807233810424805,247100.0
QKP,jeu_300_25_1,1,inSituSA,2,1058733440.0,-29140.0,0.004813194274902344,247100.0
QKP,jeu_300_25_1,1,inSituSA,3,1332834400.0,-29140.0,0.00484466552734375,247100.0
QKP,jeu_300_25_1,1,inSituSA,4,1198420000.0,-29140.0,0.004803180694580078,247100.0
QKP,jeu_300_25_1,1,inSituSA,5,1132174100.0,-29140.0,0.004923582077026367,247100.0
QKP,jeu_300_25_1,1,inSituSA,6,1372555000.0,-29140.0,0.004825592041015625,247100.0
QKP,jeu_300_25_1,1,inSituSA,7,1256551000.0,-29140.0,0.004878044128417969,247100.0
QKP,jeu_300_25_1,1,inSituSA,8,1015567940.0,-29140.0,0.004815101623535156,247100.0
QKP,jeu_300_25_1,1,inSituSA,9,941136500.0,-29140.0,0.004746437072753906,247100.0
QKP,jeu_300_25_1,1,SCA,0,7538560.0,-29140.0,0.19074106216430664,193590500.0
QKP,jeu_300_25_1,1,SCA,1,17438080.0,-29140.0,0.18978190422058105,193590500.0
QKP,jeu_300_25_1,1,SCA,2,20312320.0,-29140.0,0.19627761840820312,193590500.0
QKP,jeu_300_25_1,1,SCA,3,13734144.0,-29140.0,0.19093990325927734,193590500.0
QKP,jeu_300_25_1,1,SCA,4,20224000.0,-29140.0,0.1937572956085205,193590500.0
QKP,jeu_300_25_1,1,SCA,5,8673536.0,-29140.0,0.1924152374267578,193590500.0
QKP,jeu_300_25_1,1,SCA,6,25373952.0,-29140.0,0.2373812198638916,193590500.0
QKP,jeu_300_25_1,1,SCA,7,8912000.0,-29140.0,0.18926262855529785,193590500.0
QKP,jeu_300_25_1,1,SCA,8,31885568.0,-29140.0,0.20132088661193848,193590500.0
QKP,jeu_300_25_1,1,SCA,9,18116096.0,-29140.0,0.18858981132507324,193590500.0
QKP,jeu_100_25_1,2,bSB,0,40784.0,-18558.0,0.09008240699768066,125980000.0
QKP,jeu_100_25_1,2,bSB,1,-208.0,-18558.0,0.09187507629394531,125980000.0
QKP,jeu_100_25_1,2,bSB,2,181552.0,-18558.0,0.08832621574401855,125980000.0
QKP,jeu_100_25_1,2,bSB,3,43840.0,-18558.0,0.08798933029174805,125980000.0
QKP,jeu_100_25_1,2,bSB,4,21248.0,-18558.0,0.08838486671447754,125980000.0
QKP,jeu_100_25_1,2,bSB,5,9424.0,-18558.0,0.08794212341308594,125980000.0
QKP,jeu_100_25_1,2,bSB,6,-7632.0,-18558.0,0.08764290809631348,125980000.0
QKP,jeu_100_25_1,2,bSB,7,-8928.0,-18558.0,0.0877079963684082,125980000.0
QKP,jeu_100_25_1,2,bSB,8,17648.0,-18558.0,0.08797669410705566,125980000.0
QKP,jeu_100_25_1,2,bSB,9,58640.0,-18558.0,0.08765459060668945,125980000.0
QKP,jeu_100_25_1,2,dSB,0,980080.0,-18558.0,0.11553287506103516,125975000.0
QKP,jeu_100_25_1,2,dSB,1,980080.0,-18558.0,0.11578941345214844,125975000.0
QKP,jeu_100_25_1,2,dSB,2,980080.0,-18558.0,0.11543035507202148,125975000.0
QKP,jeu_100_25_1,2,dSB,3,980080.0,-18558.0,0.11533093452453613,125975000.0
QKP,jeu_100_25_1,2,dSB,4,980080.0,-18558.0,0.11568808555603027,125975000.0
QKP,jeu_100_25_1,2,dSB,5,980080.0,-18558.0,0.1153101921081543,125975000.0
QKP,jeu_100_25_1,2,dSB,6,980080.0,-18558.0,0.1149740219116211,125975000.0
QKP,jeu_100_25_1,2,dSB,7,980080.0,-18558.0,0.1147775650024414,125975000.0
QKP,jeu_100_25_1,2,dSB,8,980080.0,-18558.0,0.1148221492767334,125975000.0
QKP,jeu_100_25_1,2,dSB,9,1508368.0,-18558.0,0.11493849754333496,125975000.0
QKP,jeu_100_25_1,2,SA,0,-10192.0,-18558.0,0.007890939712524414,24672640.0
QKP,jeu_100_25_1,2,SA,1,6384.0,-18558.0,0.007742643356323242,24672640.0
QKP,jeu_100_25_1,2,SA,2,-5664.0,-18558.0,0.0078582763671875,24672640.0
QKP,jeu_100_25_1,2,SA,3,-4864.0,-18558.0,0.007838964462280273,24672640.0
QKP,jeu_100_25_1,2,SA,4,-4688.0,-18558.0,0.00791621208190918,24672640.0
QKP,jeu_100_25_1,2,SA,5,-6192.0,-18558.0,0.007795095443725586,24672640.0
QKP,jeu_100_25_1,2,SA,6,-6224.0,-18558.0,0.007753849029541016,24672640.0
QKP,jeu_100_25_1,2,SA,7,-592.0,-18558.0,0.007714509963989258,24672640.0
QKP,jeu_100_25_1,2,SA,8,-5008.0,-18558.0,0.007726192474365234,24672640.0
QKP,jeu_100_25_1,2,SA,9,-4544.0,-18558.0,0.007738351821899414,24672640.0
QKP,jeu_100_25_1,2,inSituSA,0,138279940.0,-18558.0,0.020641088485717773,439500.0
QKP,jeu_100_25_1,2,inSituSA,1,88719420.0,-18558.0,0.020143985748291016,439500.0
QKP,jeu_100_25_1,2,inSituSA,2,155237780.0,-18558.0,0.020076751708984375,439500.0
QKP,jeu_100_25_1,2,inSituSA,3,64781376.0,-18558.0,0.0200498104095459,439500.0
QKP,jeu_100_25_1,2,inSituSA,4,145662670.0,-18558.0,0.02004075050354004,439500.0
QKP,jeu_100_25_1,2,inSituSA,5,183317070.0,-18558.0,0.020045757293701172,439500.0
QKP,jeu_100_25_1,2,inSituSA,6,216369730.0,-18558.0,0.01996302604675293,439500.0
QKP,jeu_100_25_1,2,inSituSA,7,159245680.0,-18558.0,0.019906997680664062,439500.0
QKP,jeu_100_25_1,2,inSituSA,8,163055840.0,-18558.0,0.01996612548828125,439500.0
QKP,jeu_100_25_1,2,inSituSA,9,147848350.0,-18558.0,0.02001810073852539,439500.0
QKP,jeu_100_25_1,2,SCA,0,31682728.0,-18558.0,0.3405494689941406,125685000.0
QKP,jeu_100_25_1,2,SCA,1,54445880.0,-18558.0,0.34061384201049805,125685000.0
QKP,jeu_100_25_1,2,SCA,2,43409216.0,-18558.0,0.34801697731018066,125685000.0
QKP,jeu_100_25_1,2,SCA,3,27337448.0,-18558.0,0.35149049758911133,125685000.0
QKP,jeu_100_25_1,2,SCA,4,20691472.0,-18558.0,0.3446316719055176,125685000.0
QKP,jeu_100_25_1,2,SCA,5,55930750.0,-18558.0,0.34268975257873535,125685000.0
QKP,jeu_100_25_1,2,SCA,6,22836040.0,-18558.0,0.33970093727111816,125685000.0
QKP,jeu_100_25_1,2,SCA,7,17456720.0,-18558.0,0.3376445770263672,125685000.0
QKP,jeu_100_25_1,2,SCA,8,59734624.0,-18558.0,0.338428258895874,125685000.0
QKP,jeu_100_25_1,2,SCA,9,41330910.0,-18558.0,0.33713793754577637,125685000.0
QKP,jeu_300_25_1,2,bSB,0,196864.0,-29140.0,0.10210275650024414,968745000.0
QKP,jeu_300_25_1,2,bSB,1,70016.0,-29140.0,0.10368824005126953,968745000.0
QKP,jeu_300_25_1,2,bSB,2,13952.0,-29140.0,0.10441184043884277,968745000.0
QKP,jeu_300_25_1,2,bSB,3,91520.0,-29140.0,0.10409212112426758,968745000.0
QKP,jeu_300_25_1,2,bSB,4,149760.0,-29140.0,0.1040809154510498,968745000.0
QKP,jeu_300_25_1,2,bSB,5,-5888.0,-29140.0,0.10424113273620605,968745000.0
QKP,jeu_300_25_1,2,bSB,6,213376.0,-29140.0,0.10393905639648438,968745000.0
QKP,jeu_300_25_1,2,bSB,7,-17408.0,-29140.0,0.1088259220123291,968745000.0
QKP,jeu_300_25_1,2,bSB,8,106752.0,-29140.0,0.10452556610107422,968745000.0
QKP,jeu_300_25_1,2,bSB,9,-16000.0,-29140.0,0.10421109199523926,968745000.0
QKP,jeu_300_25_1,2,dSB,0,409240320.0,-29140.0,0.12968063354492188,968740000.0
QKP,jeu_300_25_1,2,dSB,1,14137600.0,-29140.0,0.178330659866333,968740000.0
QKP,jeu_300_25_1,2,dSB,2,6400.0,-29140.0,0.13191604614257812,968740000.0
QKP,jeu_300_25_1,2,dSB,3,14137600.0,-29140.0,0.13485312461853027,968740000.0
QKP,jeu_300_25_1,2,dSB,4,14137600.0,-29140.0,0.131300687789917,968740000.0
QKP,jeu_300_25_1,2,dSB,5,14137600.0,-29140.0,0.1309812068939209,968740000.0
QKP,jeu_300_25_1,2,dSB,6,14137600.0,-29140.0,0.19249296188354492,968740000.0
QKP,jeu_300_25_1,2,dSB,7,409240320.0,-29140.0,0.1312394142150879,968740000.0
QKP,jeu_300_25_1,2,dSB,8,6400.0,-29140.0,0.13096904754638672,968740000.0
QKP,jeu_300_25_1,2,dSB,9,14137600.0,-29140.0,0.13024425506591797,968740000.0
QKP,jeu_300_25_1,2,SA,0,-1792.0,-29140.0,0.00864863395690918,192398198.0
QKP,jeu_300_25_1,2,SA,1,-1536.0,-29140.0,0.008693695068359375,192398198.0
QKP,jeu_300_25_1,2,SA,2,-1152.0,-29140.0,0.012468576431274414,192398198.0
QKP,jeu_300_25_1,2,SA,3,-1408.0,-29140.0,0.008987188339233398,192398198.0
QKP,jeu_300_25_1,2,SA,4,-1408.0,-29140.0,0.008988142013549805,192398198.0
QKP,jeu_300_25_1,2,SA,5,-1408.0,-29140.0,0.008742094039916992,192398198.0
QKP,jeu_300_25_1,2,SA,6,-1024.0,-29140.0,0.00877523422241211,192398198.0
QKP,jeu_300_25_1,2,SA,7,896.0,-29140.0,0.008698701858520508,192398198.0
QKP,jeu_300_25_1,2,SA,8,-1536.0,-29140.0,0.008733272552490234,192398198.0
QKP,jeu_300_25_1,2,SA,9,-2560.0,-29140.0,0.008835554122924805,192398198.0
QKP,jeu_300_25_1,2,inSituSA,0,1250889100.0,-29140.0,0.023676633834838867,1235500.0
QKP,jeu_300_25_1,2,inSituSA,1,1462920200.0,-29140.0,0.023464441299438477,1235500.0
QKP,jeu_300_25_1,2,inSituSA,2,1330636200.0,-29140.0,0.023572206497192383,1235500.0
QKP,jeu_300_25_1,2,inSituSA,3,1165394000.0,-29140.0,0.023574352264404297,1235500.0
QKP,jeu_300_25_1,2,inSituSA,4,1373284000.0,-29140.0,0.02345728874206543,1235500.0
QKP,jeu_300_25_1,2,inSituSA,5,1536486500.0,-29140.0,0.023586511611938477,1235500.0
QKP,jeu_300_25_1,2,inSituSA,6,1013034000.0,-29140.0,0.023403644561767578,1235500.0
QKP,jeu_300_25_1,2,inSituSA,7,1518502100.0,-29140.0,0.02365899085998535,1235500.0
QKP,jeu_300_25_1,2,inSituSA,8,966451100.0,-29140.0,0.0236208438873291,1235500.0
QKP,jeu_300_25_1,2,inSituSA,9,1433232000.0,-29140.0,0.02349090576171875,1235500.0
QKP,jeu_300_25_1,2,SCA,0,7538560.0,-29140.0,0.9437673091888428,967952500.0
QKP,jeu_300_25_1,2,SCA,1,17438080.0,-29140.0,0.9464111328125,967952500.0
QKP,jeu_300_25_1,2,SCA,2,20312320.0,-29140.0,0.9953525066375732,967952500.0
QKP,jeu_300_25_1,2,SCA,3,13734144.0,-29140.0,0.942737340927124,967952500.0
QKP,jeu_300_25_1,2,SCA,4,20224000.0,-29140.0,0.9948575496673584,967952500.0
QKP,jeu_300_25_1,2,SCA,5,8673536.0,-29140.0,0.9441235065460205,967952500.0
QKP,jeu_300_25_1,2,SCA,6,25373952.0,-29140.0,0.9369733333587646,967952500.0
QKP,jeu_300_25_1,2,SCA,7,8912000.0,-29140.0,0.9920139312744141,967952500.0
QKP,jeu_300_25_1,2,SCA,8,31885568.0,-29140.0,0.9459736347198486,967952500.0
QKP,jeu_300_25_1,2,SCA,9,18116096.0,-29140.0,0.9953100681304932,967952500.0
QKP,jeu_100_25_1,3,bSB,0,30880.0,-18558.0,0.17533230781555176,251960000.0
QKP,jeu_100_25_1,3,bSB,1,41520.0,-18558.0,0.17572474479675293,251960000.0
QKP,jeu_100_25_1,3,bSB,2,95856.0,-18558.0,0.17552947998046875,251960000.0
QKP,jeu_100_25_1,3,bSB,3,6432.0,-18558.0,0.17504000663757324,251960000.0
QKP,jeu_100_25_1,3,bSB,4,15200.0,-18558.0,0.1746222972869873,251960000.0
QKP,jeu_100_25_1,3,bSB,5,13056.0,-18558.0,0.17481398582458496,251960000.0
QKP,jeu_100_25_1,3,bSB,6,17936.0,-18558.0,0.17550086975097656,251960000.0
QKP,jeu_100_25_1,3,bSB,7,24752.0,-18558.0,0.17533254623413086,251960000.0
QKP,jeu_100_25_1,3,bSB,8,-8688.0,-18558.0,0.17488718032836914,251960000.0
QKP,jeu_100_25_1,3,bSB,9,96112.0,-18558.0,0.17514801025390625,251960000.0
QKP,jeu_100_25_1,3,dSB,0,980080.0,-18558.0,0.22956609725952148,251950000.0
QKP,jeu_100_25_1,3,dSB,1,980080.0,-18558.0,0.23417878150939941,251950000.0
QKP,jeu_100_25_1,3,dSB,2,980080.0,-18558.0,0.23121237754821777,251950000.0
QKP,jeu_100_25_1,3,dSB,3,980080.0,-18558.0,0.22831940650939941,251950000.0
QKP,jeu_100_25_1,3,dSB,4,980080.0,-18558.0,0.22867536544799805,251950000.0
QKP,jeu_100_25_1,3,dSB,5,980080.0,-18558.0,0.22890591621398926,251950000.0
QKP,jeu_100_25_1,3,dSB,6,980080.0,-18558.0,0.22901487350463867,251950000.0
QKP,jeu_100_25_1,3,dSB,7,980080.0,-18558.0,0.22867059707641602,251950000.0
QKP,jeu_100_25_1,3,dSB,8,980080.0,-18558.0,0.2292933464050293,251950000.0
QKP,jeu_100_25_1,3,dSB,9,980080.0,-18558.0,0.2293243408203125,251950000.0
QKP,jeu_100_25_1,3,SA,0,-10192.0,-18558.0,0.03899025917053223,123264640.0
QKP,jeu_100_25_1,3,SA,1,6384.0,-18558.0,0.03884720802307129,123264640.0
QKP,jeu_100_25_1,3,SA,2,-6064.0,-18558.0,0.038901329040527344,123264640.0
QKP,jeu_100_25_1,3,SA,3,-4864.0,-18558.0,0.03901219367980957,123264640.0
QKP,jeu_100_25_1,3,SA,4,-4912.0,-18558.0,0.03895688056945801,123264640.0
QKP,jeu_100_25_1,3,SA,5,-6192.0,-18558.0,0.03883767127990723,123264640.0
QKP,jeu_100_25_1,3,SA,6,-6224.0,-18558.0,0.03878068923950195,123264640.0
QKP,jeu_100_25_1,3,SA,7,-896.0,-18558.0,0.03883075714111328,123264640.0
QKP,jeu_100_25_1,3,SA,8,-5008.0,-18558.0,0.03905606269836426,123264640.0
QKP,jeu_100_25_1,3,SA,9,-4544.0,-18558.0,0.038880348205566406,123264640.0
QKP,jeu_100_25_1,3,inSituSA,0,82608530.0,-18558.0,0.039843082427978516,879000.0
QKP,jeu_100_25_1,3,inSituSA,1,163829950.0,-18558.0,0.03987288475036621,879000.0
QKP,jeu_100_25_1,3,inSituSA,2,79725500.0,-18558.0,0.03974628448486328,879000.0
QKP,jeu_100_25_1,3,inSituSA,3,177407540.0,-18558.0,0.039685726165771484,879000.0
QKP,jeu_100_25_1,3,inSituSA,4,242717020.0,-18558.0,0.03980708122253418,879000.0
QKP,jeu_100_25_1,3,inSituSA,5,249937440.0,-18558.0,0.03968405723571777,879000.0
QKP,jeu_100_25_1,3,inSituSA,6,83698340.0,-18558.0,0.03973388671875,879000.0
QKP,jeu_100_25_1,3,inSituSA,7,57440776.0,-18558.0,0.039708614349365234,879000.0
QKP,jeu_100_25_1,3,inSituSA,8,93496950.0,-18558.0,0.039871931076049805,879000.0
QKP,jeu_100_25_1,3,inSituSA,9,138515730.0,-18558.0,0.03975558280944824,879000.0
QKP,jeu_100_25_1,3,SCA,0,31682728.0,-18558.0,0.6767463684082031,251370000.0
QKP,jeu_100_25_1,3,SCA,1,54445880.0,-18558.0,0.6726741790771484,251370000.0
QKP,jeu_100_25_1,3,SCA,2,43409216.0,-18558.0,0.6724371910095215,251370000.0
QKP,jeu_100_25_1,3,SCA,3,27337448.0,-18558.0,0.6740930080413818,251370000.0
QKP,jeu_100_25_1,3,SCA,4,20691472.0,-18558.0,0.6799185276031494,251370000.0
QKP,jeu_100_25_1,3,SCA,5,55930750.0,-18558.0,0.6727235317230225,251370000.0
QKP,jeu_100_25_1,3,SCA,6,22836040.0,-18558.0,0.6732232570648193,251370000.0
QKP,jeu_100_25_1,3,SCA,7,17456720.0,-18558.0,0.6747100353240967,251370000.0
QKP,jeu_100_25_1,3,SCA,8,59734624.0,-18558.0,0.6798689365386963,251370000.0
QKP,jeu_100_25_1,3,SCA,9,41330910.0,-18558.0,0.6803023815155029,251370000.0
QKP,jeu_300_25_1,3,bSB,0,72832.0,-29140.0,0.20331048965454102,1937490000.0
QKP,jeu_300_25_1,3,bSB,1,-17280.0,-29140.0,0.20981669425964355,1937490000.0
QKP,jeu_300_25_1,3,bSB,2,31872.0,-29140.0,0.20782470703125,1937490000.0
QKP,jeu_300_25_1,3,bSB,3,36736.0,-29140.0,0.21145415306091309,1937490000.0
QKP,jeu_300_25_1,3,bSB,4,-18432.0,-29140.0,0.23481321334838867,1937490000.0
QKP,jeu_300_25_1,3,bSB,5,28544.0,-29140.0,0.21024370193481445,1937490000.0
QKP,jeu_300_25_1,3,bSB,6,-22656.0,-29140.0,0.21946430206298828,1937490000.0
QKP,jeu_300_25_1,3,bSB,7,51584.0,-29140.0,0.20664238929748535,1937490000.0
QKP,jeu_300_25_1,3,bSB,8,81152.0,-29140.0,0.21017980575561523,1937490000.0
QKP,jeu_300_25_1,3,bSB,9,46592.0,-29140.0,0.2562265396118164,1937490000.0
QKP,jeu_300_25_1,3,dSB,0,409240320.0,-29140.0,0.2592458724975586,1937480000.0
QKP,jeu_300_25_1,3,dSB,1,6400.0,-29140.0,0.2580893039703369,1937480000.0
QKP,jeu_300_25_1,3,dSB,2,14137600.0,-29140.0,0.27080345153808594,1937480000.0
QKP,jeu_300_25_1,3,dSB,3,1440000.0,-29140.0,0.2599143981933594,1937480000.0
QKP,jeu_300_25_1,3,dSB,4,409240320.0,-29140.0,0.2884519100189209,1937480000.0
QKP,jeu_300_25_1,3,dSB,5,6400.0,-29140.0,0.2581329345703125,1937480000.0
QKP,jeu_300_25_1,3,dSB,6,1440000.0,-29140.0,0.26255130767822266,1937480000.0
QKP,jeu_300_25_1,3,dSB,7,409240320.0,-29140.0,0.25781846046447754,1937480000.0
QKP,jeu_300_25_1,3,dSB,8,14137600.0,-29140.0,0.3208320140838623,1937480000.0
QKP,jeu_300_25_1,3,dSB,9,6400.0,-29140.0,0.25789761543273926,1937480000.0
QKP,jeu_300_25_1,3,SA,0,-2304.0,-29140.0,0.048113107681274414,961222198.0
QKP,jeu_300_25_1,3,SA,1,-1536.0,-29140.0,0.04421186447143555,961222198.0
QKP,jeu_300_25_1,3,SA,2,-1152.0,-29140.0,0.04785966873168945,961222198.0
QKP,jeu_300_25_1,3,SA,3,-1408.0,-29140.0,0.04544258117675781,961222198.0
QKP,jeu_300_25_1,3,SA,4,-1408.0,-29140.0,0.04909825325012207,961222198.0
QKP,jeu_300_25_1,3,SA,5,-2176.0,-29140.0,0.04483604431152344,961222198.0
QKP,jeu_300_25_1,3,SA,6,-1024.0,-29140.0,0.04504060745239258,961222198.0
QKP,jeu_300_25_1,3,SA,7,-2048.0,-29140.0,0.04476428031921387,961222198.0
QKP,jeu_300_25_1,3,SA,8,-2048.0,-29140.0,0.044919490814208984,961222198.0
QKP,jeu_300_25_1,3,SA,9,-2688.0,-29140.0,0.04808950424194336,961222198.0
QKP,jeu_300_25_1,3,inSituSA,0,1092823700.0,-29140.0,0.047391653060913086,2471000.0
QKP,jeu_300_25_1,3,inSituSA,1,1107421700.0,-29140.0,0.0467836856842041,2471000.0
QKP,jeu_300_25_1,3,inSituSA,2,1180476900.0,-29140.0,0.0470123291015625,2471000.0
QKP,jeu_300_25_1,3,inSituSA,3,1257283200.0,-29140.0,0.04697108268737793,2471000.0
QKP,jeu_300_25_1,3,inSituSA,4,1104101900.0,-29140.0,0.04688000679016113,2471000.0
QKP,jeu_300_25_1,3,inSituSA,5,1559318500.0,-29140.0,0.046607017517089844,2471000.0
QKP,jeu_300_25_1,3,inSituSA,6,1229766000.0,-29140.0,0.046823978424072266,2471000.0
QKP,jeu_300_25_1,3,inSituSA,7,1016844400.0,-29140.0,0.04683566093444824,2471000.0
QKP,jeu_300_25_1,3,inSituSA,8,1116752100.0,-29140.0,0.0472259521484375,2471000.0
QKP,jeu_300_25_1,3,inSituSA,9,1234675700.0,-29140.0,0.0504155158996582,2471000.0
QKP,jeu_300_25_1,3,SCA,0,7538560.0,-29140.0,1.934251070022583,1935905000.0
QKP,jeu_300_25_1,3,SCA,1,17438080.0,-29140.0,1.9411416053771973,1935905000.0
QKP,jeu_300_25_1,3,SCA,2,20312320.0,-29140.0,1.9338922500610352,1935905000.0
QKP,jeu_300_25_1,3,SCA,3,13734144.0,-29140.0,1.9200997352600098,1935905000.0
QKP,jeu_300_25_1,3,SCA,4,20224000.0,-29140.0,2.003046989440918,1935905000.0
QKP,jeu_300_25_1,3,SCA,5,8673536.0,-29140.0,1.940718412399292,1935905000.0
QKP,jeu_300_25_1,3,SCA,6,25373952.0,-29140.0,1.950598955154419,1935905000.0
QKP,jeu_300_25_1,3,SCA,7,8912000.0,-29140.0,1.9255397319793701,1935905000.0
QKP,jeu_300_25_1,3,SCA,8,31885568.0,-29140.0,1.8864352703094482,1935905000.0
QKP,jeu_300_25_1,3,SCA,9,18116096.0,-29140.0,1.9128153324127197,1935905000.0
QKP,jeu_100_25_1,4,bSB,0,-5840.0,-18558.0,0.2684516906738281,377940000.0
QKP,jeu_100_25_1,4,bSB,1,-6848.0,-18558.0,0.2630126476287842,377940000.0
QKP,jeu_100_25_1,4,bSB,2,8208.0,-18558.0,0.26439785957336426,377940000.0
QKP,jeu_100_25_1,4,bSB,3,-1360.0,-18558.0,0.2640681266784668,377940000.0
QKP,jeu_100_25_1,4,bSB,4,-9808.0,-18558.0,0.2660059928894043,377940000.0
QKP,jeu_100_25_1,4,bSB,5,15808.0,-18558.0,0.25873303413391113,377940000.0
QKP,jeu_100_25_1,4,bSB,6,42976.0,-18558.0,0.2610299587249756,377940000.0
QKP,jeu_100_25_1,4,bSB,7,11632.0,-18558.0,0.26177096366882324,377940000.0
QKP,jeu_100_25_1,4,bSB,8,-6512.0,-18558.0,0.2611074447631836,377940000.0
QKP,jeu_100_25_1,4,bSB,9,2736.0,-18558.0,0.26187968254089355,377940000.0
QKP,jeu_100_25_1,4,dSB,0,980080.0,-18558.0,0.3424410820007324,377925000.0
QKP,jeu_100_25_1,4,dSB,1,980080.0,-18558.0,0.34417724609375,377925000.0
QKP,jeu_100_25_1,4,dSB,2,980080.0,-18558.0,0.3449831008911133,377925000.0
QKP,jeu_100_25_1,4,dSB,3,980080.0,-18558.0,0.34148097038269043,377925000.0
QKP,jeu_100_25_1,4,dSB,4,980080.0,-18558.0,0.34241724014282227,377925000.0
QKP,jeu_100_25_1,4,dSB,5,980080.0,-18558.0,0.33907246589660645,377925000.0
QKP,jeu_100_25_1,4,dSB,6,980080.0,-18558.0,0.34094810485839844,377925000.0
QKP,jeu_100_25_1,4,dSB,7,980080.0,-18558.0,0.34114646911621094,377925000.0
QKP,jeu_100_25_1,4,dSB,8,980080.0,-18558.0,0.3405332565307617,377925000.0
QKP,jeu_100_25_1,4,dSB,9,980080.0,-18558.0,0.3418545722961426,377925000.0
QKP,jeu_100_25_1,4,SA,0,-10192.0,-18558.0,0.7761054039001465,2464824640.0
QKP,jeu_100_25_1,4,SA,1,6384.0,-18558.0,0.7804105281829834,2464824640.0
QKP,jeu_100_25_1,4,SA,2,-6336.0,-18558.0,0.7793686389923096,2464824640.0
QKP,jeu_100_25_1,4,SA,3,-5104.0,-18558.0,0.7883310317993164,2464824640.0
QKP,jeu_100_25_1,4,SA,4,-4912.0,-18558.0,0.7879467010498047,2464824640.0
QKP,jeu_100_25_1,4,SA,5,-6192.0,-18558.0,0.7786045074462891,2464824640.0
QKP,jeu_100_25_1,4,SA,6,-6224.0,-18558.0,0.780958890914917,2464824640.0
QKP,jeu_100_25_1,4,SA,7,-1200.0,-18558.0,0.7762565612792969,2464824640.0
QKP,jeu_100_25_1,4,SA,8,-5008.0,-18558.0,0.7778022289276123,2464824640.0
QKP,jeu_100_25_1,4,SA,9,-5008.0,-18558.0,0.7787618637084961,2464824640.0
QKP,jeu_100_25_1,4,inSituSA,0,28398272.0,-18558.0,0.1976001262664795,4395000.0
QKP,jeu_100_25_1,4,inSituSA,1,264693120.0,-18558.0,0.2105574607849121,4395000.0
QKP,jeu_100_25_1,4,inSituSA,2,133385230.0,-18558.0,0.19788384437561035,4395000.0
QKP,jeu_100_25_1,4,inSituSA,3,128811100.0,-18558.0,0.2075815200805664,4395000.0
QKP,jeu_100_25_1,4,inSituSA,4,99782170.0,-18558.0,0.20375561714172363,4395000.0
QKP,jeu_100_25_1,4,inSituSA,5,86286850.0,-18558.0,0.19726061820983887,4395000.0
QKP,jeu_100_25_1,4,inSituSA,6,109177190.0,-18558.0,0.19484353065490723,4395000.0
QKP,jeu_100_25_1,4,inSituSA,7,115969680.0,-18558.0,0.19501185417175293,4395000.0
QKP,jeu_100_25_1,4,inSituSA,8,23610184.0,-18558.0,0.19459915161132812,4395000.0
QKP,jeu_100_25_1,4,inSituSA,9,68544520.0,-18558.0,0.19449210166931152,4395000.0
QKP,jeu_100_25_1,4,SCA,0,31682728.0,-18558.0,3.364227533340454,1256850000.0
QKP,jeu_100_25_1,4,SCA,1,54445880.0,-18558.0,3.37656307220459,1256850000.0
QKP,jeu_100_25_1,4,SCA,2,43409216.0,-18558.0,3.4041621685028076,1256850000.0
QKP,jeu_100_25_1,4,SCA,3,27337448.0,-18558.0,3.343924045562744,1256850000.0
QKP,jeu_100_25_1,4,SCA,4,20691472.0,-18558.0,3.329460382461548,1256850000.0
QKP,jeu_100_25_1,4,SCA,5,55930750.0,-18558.0,3.3461480140686035,1256850000.0
QKP,jeu_100_25_1,4,SCA,6,22836040.0,-18558.0,3.30808424949646,1256850000.0
QKP,jeu_100_25_1,4,SCA,7,17456720.0,-18558.0,3.306797504425049,1256850000.0
QKP,jeu_100_25_1,4,SCA,8,59734624.0,-18558.0,3.3158037662506104,1256850000.0
QKP,jeu_100_25_1,4,SCA,9,41330910.0,-18558.0,3.3299031257629395,1256850000.0
QKP,jeu_300_25_1,4,bSB,0,-7936.0,-29140.0,0.303814172744751,2906235000.0
QKP,jeu_300_25_1,4,bSB,1,13696.0,-29140.0,0.3152449131011963,2906235000.0
QKP,jeu_300_25_1,4,bSB,2,3200.0,-29140.0,0.3123927116394043,2906235000.0
QKP,jeu_300_25_1,4,bSB,3,-13184.0,-29140.0,0.3128623962402344,2906235000.0
QKP,jeu_300_25_1,4,bSB,4,9856.0,-29140.0,0.3293132781982422,2906235000.0
QKP,jeu_300_25_1,4,bSB,5,-5760.0,-29140.0,0.309739351272583,2906235000.0
QKP,jeu_300_25_1,4,bSB,6,-14464.0,-29140.0,0.3147428035736084,2906235000.0
QKP,jeu_300_25_1,4,bSB,7,-14336.0,-29140.0,0.3610656261444092,2906235000.0
QKP,jeu_300_25_1,4,bSB,8,-19200.0,-29140.0,0.31011080741882324,2906235000.0
QKP,jeu_300_25_1,4,bSB,9,-7296.0,-29140.0,0.3087961673736572,2906235000.0
QKP,jeu_300_25_1,4,dSB,0,14137600.0,-29140.0,0.3960423469543457,2906220000.0
QKP,jeu_300_25_1,4,dSB,1,14137600.0,-29140.0,0.4423537254333496,2906220000.0
QKP,jeu_300_25_1,4,dSB,2,14137600.0,-29140.0,0.39450955390930176,2906220000.0
QKP,jeu_300_25_1,4,dSB,3,409240320.0,-29140.0,0.4423825740814209,2906220000.0
QKP,jeu_300_25_1,4,dSB,4,409240320.0,-29140.0,0.3967311382293701,2906220000.0
QKP,jeu_300_25_1,4,dSB,5,6400.0,-29140.0,0.5552029609680176,2906220000.0
QKP,jeu_300_25_1,4,dSB,6,14137600.0,-29140.0,0.3907160758972168,2906220000.0
QKP,jeu_300_25_1,4,dSB,7,1440000.0,-29140.0,0.3885188102722168,2906220000.0
QKP,jeu_300_25_1,4,dSB,8,14137600.0,-29140.0,0.38509154319763184,2906220000.0
QKP,jeu_300_25_1,4,dSB,9,6400.0,-29140.0,0.4010305404663086,2906220000.0
QKP,jeu_300_25_1,4,SA,0,-2560.0,-29140.0,0.895524263381958,19220792198.0
QKP,jeu_300_25_1,4,SA,1,-2432.0,-29140.0,0.9142780303955078,19220792198.0
QKP,jeu_300_25_1,4,SA,2,-1152.0,-29140.0,1.0459582805633545,19220792198.0
QKP,jeu_300_25_1,4,SA,3,-1408.0,-29140.0,0.9153153896331787,19220792198.0
QKP,jeu_300_25_1,4,SA,4,-2048.0,-29140.0,0.975665807723999,19220792198.0
QKP,jeu_300_25_1,4,SA,5,-2176.0,-29140.0,0.9034056663513184,19220792198.0
QKP,jeu_300_25_1,4,SA,6,-1024.0,-29140.0,0.9731020927429199,19220792198.0
QKP,jeu_300_25_1,4,SA,7,-2304.0,-29140.0,0.9090676307678223,19220792198.0
QKP,jeu_300_25_1,4,SA,8,-2048.0,-29140.0,0.9447290897369385,19220792198.0
QKP,jeu_300_25_1,4,SA,9,-2688.0,-29140.0,0.8930270671844482,19220792198.0
QKP,jeu_300_25_1,4,inSituSA,0,959628860.0,-29140.0,0.2851908206939697,12355000.0
QKP,jeu_300_25_1,4,inSituSA,1,1254452900.0,-29140.0,0.23218488693237305,12355000.0
QKP,jeu_300_25_1,4,inSituSA,2,1248764400.0,-29140.0,0.2367246150970459,12355000.0
QKP,jeu_300_25_1,4,inSituSA,3,1530998800.0,-29140.0,0.24731016159057617,12355000.0
QKP,jeu_300_25_1,4,inSituSA,4,1413634700.0,-29140.0,0.2349715232849121,12355000.0
QKP,jeu_300_25_1,4,inSituSA,5,1513043200.0,-29140.0,0.23623228073120117,12355000.0
QKP,jeu_300_25_1,4,inSituSA,6,1082934500.0,-29140.0,0.23548603057861328,12355000.0
QKP,jeu_300_25_1,4,inSituSA,7,1385929300.0,-29140.0,0.23032855987548828,12355000.0
QKP,jeu_300_25_1,4,inSituSA,8,1364399700.0,-29140.0,0.25092053413391113,12355000.0
QKP,jeu_300_25_1,4,inSituSA,9,1098127200.0,-29140.0,0.23148703575134277,12355000.0
QKP,jeu_300_25_1,4,SCA,0,7538560.0,-29140.0,9.6893630027771,9679525000.0
QKP,jeu_300_25_1,4,SCA,1,17438080.0,-29140.0,9.65619683265686,9679525000.0
QKP,jeu_300_25_1,4,SCA,2,20312320.0,-29140.0,9.64386510848999,9679525000.0
QKP,jeu_300_25_1,4,SCA,3,13734144.0,-29140.0,9.731196641921997,9679525000.0
QKP,jeu_300_25_1,4,SCA,4,20224000.0,-29140.0,9.583253145217896,9679525000.0
QKP,jeu_300_25_1,4,SCA,5,8673536.0,-29140.0,9.66840410232544,9679525000.0
QKP,jeu_300_25_1,4,SCA,6,25373952.0,-29140.0,9.684152603149414,9679525000.0
QKP,jeu_300_25_1,4,SCA,7,8912000.0,-29140.0,9.675769329071045,9679525000.0
QKP,jeu_300_25_1,4,SCA,8,31885568.0,-29140.0,9.560787200927734,9679525000.0
QKP,jeu_300_25_1,4,SCA,9,18116096.0,-29140.0,9.73235034942627,9679525000.0
