experiment,problem,variant,seed,feasible,gap,steps,time_s
1: constant penalty,burma14,baseline,0,True,0.1357207342762564,346389,0.35665572400102974
1: constant penalty,burma14,baseline,1,True,0.19861570869696057,331918,0.3339663769984327
1: constant penalty,burma14,baseline,2,True,0.09359012940114354,332836,0.34820844199930434
1: constant penalty,burma14,baseline,3,True,0.15979536563346375,365344,0.3701902959983272
1: constant penalty,burma14,baseline,4,True,0.06680710201625037,338660,0.3621016410033917
1: constant penalty,burma14,baseline,5,True,0.095094793860969,354255,0.37309942499996396
1: constant penalty,burma14,baseline,6,True,0.019560637977730964,359167,0.3831211360011366
1: constant penalty,burma14,baseline,7,True,0.08847427023773699,348951,0.37395589199877577
1: constant penalty,burma14,baseline,8,True,0.10833584110743304,330386,0.3365647619975789
1: constant penalty,burma14,baseline,9,True,0.1134517002708396,345831,0.35272378999798093
1: constant penalty,burma14,baseline,10,True,0.10863677399939814,330406,0.3281057590029377
1: constant penalty,burma14,baseline,11,True,0.18296719831477581,340516,0.37106606000088505
1: constant penalty,burma14,baseline,12,True,0.08576587421005116,328162,0.3513532420001866
1: constant penalty,burma14,baseline,13,True,0.1679205537165212,375812,0.37858553800106165
1: constant penalty,burma14,baseline,14,True,0.06861269936804093,328792,0.3576880069995241
1: constant penalty,burma14,baseline,15,True,0.13090580800481494,327479,0.3671387459980906
1: constant penalty,burma14,baseline,16,True,0.08997893469756245,361858,0.381588987998839
1: constant penalty,burma14,baseline,17,True,0.18417092988263617,335405,0.361014272999455
1: constant penalty,burma14,baseline,18,True,0.04664459825458923,353559,0.36957628300297074
1: constant penalty,burma14,baseline,19,True,0.10382184772795666,315424,0.3404453779985488
1: constant penalty,burma14,λ = 0.25,0,False,,1576527,1.0294097609985329
1: constant penalty,burma14,λ = 0.25,1,False,,1738181,1.1387747540029522
1: constant penalty,burma14,λ = 0.25,2,False,,1746377,1.1111151900004188
1: constant penalty,burma14,λ = 0.25,3,False,,1757097,1.0959819330018945
1: constant penalty,burma14,λ = 0.25,4,False,,1701394,1.0808294369999203
1: constant penalty,burma14,λ = 0.25,5,False,,1643184,1.050743487001455
1: constant penalty,burma14,λ = 0.25,6,False,,1646950,1.0282603349987767
1: constant penalty,burma14,λ = 0.25,7,False,,1677631,1.0864811370011012
1: constant penalty,burma14,λ = 0.25,8,False,,1567590,0.9939986939971277
1: constant penalty,burma14,λ = 0.25,9,False,,1603742,1.0281032050006615
1: constant penalty,burma14,λ = 0.25,10,False,,1586968,1.0485997709984076
1: constant penalty,burma14,λ = 0.25,11,False,,1626901,0.9931760239996947
1: constant penalty,burma14,λ = 0.25,12,False,,1618847,1.0710812899997109
1: constant penalty,burma14,λ = 0.25,13,False,,1647062,1.0511768450014642
1: constant penalty,burma14,λ = 0.25,14,False,,1803947,1.1463142309985415
1: constant penalty,burma14,λ = 0.25,15,False,,1622838,1.0559164619990042
1: constant penalty,burma14,λ = 0.25,16,False,,1678079,1.0640877459991316
1: constant penalty,burma14,λ = 0.25,17,False,,1684428,1.0730242429999635
1: constant penalty,burma14,λ = 0.25,18,False,,1652340,1.0894430270018347
1: constant penalty,burma14,λ = 0.25,19,False,,1792574,1.1290980630001286
1: constant penalty,burma14,λ = 0.5,0,True,0.07102016250376166,1084345,0.7287315230023523
1: constant penalty,burma14,λ = 0.5,1,True,0.019560637977730964,960471,0.6606776109983912
1: constant penalty,burma14,λ = 0.5,2,True,0.0659043033403551,1051270,0.7022492790019896
1: constant penalty,burma14,λ = 0.5,3,True,0.12488715016551309,1104870,0.7399980220034195
1: constant penalty,burma14,λ = 0.5,4,True,0.20764369545591332,1104814,0.7295650160012883
1: constant penalty,burma14,λ = 0.5,5,True,0.06108937706891363,1048162,0.7140601979990606
1: constant penalty,burma14,λ = 0.5,6,True,0.06439963888052964,1058710,0.7323069449994364
1: constant penalty,burma14,λ = 0.5,7,True,0.07282575985555222,1038226,0.6692707510010223
1: constant penalty,burma14,λ = 0.5,8,True,0.2302136623532952,1066683,0.7190120400009619
1: constant penalty,burma14,λ = 0.5,9,True,0.1173638278663858,1067906,0.7248440039984416
1: constant penalty,burma14,λ = 0.5,10,True,0.13150767378874512,1094123,0.7402796309979749
1: constant penalty,burma14,λ = 0.5,11,True,0.18146253385495034,1077488,0.7366414690004603
1: constant penalty,burma14,λ = 0.5,12,True,0.018958772193800783,1004597,0.7241058950021397
1: constant penalty,burma14,λ = 0.5,13,True,0.08004814926271442,1115902,0.7780196969979443
1: constant penalty,burma14,λ = 0.5,14,True,0.052061390309960875,1055352,0.7264274999979534
1: constant penalty,burma14,λ = 0.5,15,True,0.05597351790550707,1087816,0.7578658849997737
1: constant penalty,burma14,λ = 0.5,16,True,0.186879325910322,1044650,0.7268567600003735
1: constant penalty,burma14,λ = 0.5,17,True,0.052061390309960875,1091899,0.7790554460007115
1: constant penalty,burma14,λ = 0.5,18,True,0.08155281372253988,1140004,0.7496587530004035
1: constant penalty,burma14,λ = 0.5,19,True,0.024074631357207343,958017,0.7037721289998444
1: constant penalty,burma14,λ = 2,0,True,0.1134517002708396,159936,0.3137950419986737
1: constant penalty,burma14,λ = 2,1,True,0.2750526632560939,166766,0.321531967001647
1: constant penalty,burma14,λ = 2,2,True,0.22449593740595847,162376,0.3246644520004338
1: constant penalty,burma14,λ = 2,3,True,0.06710803490821547,161629,0.3191776179992303
1: constant penalty,burma14,λ = 2,4,True,0.1429431236834186,161164,0.31647026499922504
1: constant penalty,burma14,λ = 2,5,True,0.06560337044839001,175117,0.31048152099901927
1: constant penalty,burma14,λ = 2,6,True,0.0625940415287391,170062,0.3074071660012123
1: constant penalty,burma14,λ = 2,7,True,0.03400541679205537,175505,0.35111723099907977
1: constant penalty,burma14,λ = 2,8,True,0.03761661149563647,169485,0.3230307600024389
1: constant penalty,burma14,λ = 2,9,True,0.17333734577189286,164002,0.3329373699998541
1: constant penalty,burma14,λ = 2,10,True,0.14384592235931387,160151,0.34000442500109784
1: constant penalty,burma14,λ = 2,11,True,0.1910923863978333,170310,0.3151477870014787
1: constant penalty,burma14,λ = 2,12,True,0.27264520012037313,168732,0.37133772900051554
1: constant penalty,burma14,λ = 2,13,True,0.16190189587721937,170262,0.3329358080009115
1: constant penalty,burma14,λ = 2,14,True,0.07583508877520313,161085,0.3521868639982131
1: constant penalty,burma14,λ = 2,15,True,0.0,162248,0.35182558400265407
1: constant penalty,burma14,λ = 2,16,True,0.2618116160096299,152945,0.3922975410023355
1: constant penalty,burma14,λ = 2,17,True,0.08245561239843514,169884,0.3833793390003848
1: constant penalty,burma14,λ = 2,18,True,0.21847727956665663,177787,0.4242437059983786
1: constant penalty,burma14,λ = 2,19,True,0.09238639783328317,160828,0.41442662599729374
1: constant penalty,burma14,λ = 4,0,True,0.12789647908516402,116740,0.41841117099829717
1: constant penalty,burma14,λ = 4,1,True,0.20764369545591332,119278,0.39565765100269346
1: constant penalty,burma14,λ = 4,2,True,0.0550707192296118,113307,0.4264567639984307
1: constant penalty,burma14,λ = 4,3,True,0.2058380981041228,121044,0.3853071830017143
1: constant penalty,burma14,λ = 4,4,True,0.0845621426421908,124338,0.35385815799963893
1: constant penalty,burma14,λ = 4,5,True,0.07914535058681914,118080,0.3827748639996571
1: constant penalty,burma14,λ = 4,6,True,0.1977129100210653,115263,0.4169269740013988
1: constant penalty,burma14,λ = 4,7,True,0.07463135720734276,123865,0.39411140700030955
1: constant penalty,burma14,λ = 4,8,True,0.36081853746614506,119612,0.4211797310017573
1: constant penalty,burma14,λ = 4,9,True,0.1351188684923262,114858,0.37984525600040797
1: constant penalty,burma14,λ = 4,10,True,0.11134517002708395,110202,0.4073316390022228
1: constant penalty,burma14,λ = 4,11,True,0.18176346674691543,124774,0.405659864001791
1: constant penalty,burma14,λ = 4,12,True,0.06921456515197111,112764,0.38645887399979983
1: constant penalty,burma14,λ = 4,13,True,0.2383388504363527,126502,0.3748532460012939
1: constant penalty,burma14,λ = 4,14,True,0.08666867288594643,108962,0.40768969299824676
1: constant penalty,burma14,λ = 4,15,True,0.2482696358712007,120141,0.3978229489985097
1: constant penalty,burma14,λ = 4,16,True,0.14504965392717423,112131,0.37699889700161293
1: constant penalty,burma14,λ = 4,17,True,0.1432440565753837,117333,0.3895318560025771
1: constant penalty,burma14,λ = 4,18,True,0.1721336142040325,114807,0.3867707600002177
1: constant penalty,burma14,λ = 4,19,True,0.11916942521817635,121450,0.3554983319991152
1: constant penalty,ulysses16,baseline,0,True,0.10409680711473976,612930,0.5900425759973587
1: constant penalty,ulysses16,baseline,1,True,0.06006706516984983,549622,0.548753647999547
1: constant penalty,ulysses16,baseline,2,True,0.06619040676483452,588881,0.5911125210004684
1: constant penalty,ulysses16,baseline,3,True,0.13908733051465227,519561,0.5573674389997905
1: constant penalty,ulysses16,baseline,4,True,0.1363172474121592,562510,0.5792200859978038
1: constant penalty,ulysses16,baseline,5,True,0.29654468581425864,543256,0.5533109669995611
1: constant penalty,ulysses16,baseline,6,True,0.17218253389706956,533152,0.5409387949985103
1: constant penalty,ulysses16,baseline,7,True,0.1112407056422219,564449,0.5945103039994137
1: constant penalty,ulysses16,baseline,8,True,0.11255285026971862,557264,0.5450211559982563
1: constant penalty,ulysses16,baseline,9,True,0.07406327452981484,527458,0.5492760870001803
1: constant penalty,ulysses16,baseline,10,True,0.23706079603440736,546762,0.5490971850013011
1: constant penalty,ulysses16,baseline,11,True,0.062399766729844,509172,0.519586734000768
1: constant penalty,ulysses16,baseline,12,True,0.04986149584487535,524683,0.5434083139989525
1: constant penalty,ulysses16,baseline,13,True,0.09709870243475725,513012,0.5050361399989924
1: constant penalty,ulysses16,baseline,14,True,0.16183117072459544,543979,0.5338962979985808
1: constant penalty,ulysses16,baseline,15,True,0.2688438547893279,560447,0.547880049001833
1: constant penalty,ulysses16,baseline,16,True,0.11838460416970403,516520,0.5333353259993601
1: constant penalty,ulysses16,baseline,17,True,0.11896777955970259,542413,0.5520914369990351
1: constant penalty,ulysses16,baseline,18,True,0.17334888467706663,552452,0.5300557890004711
1: constant penalty,ulysses16,baseline,19,True,0.09287068085726782,536912,0.5631681929990009
1: constant penalty,ulysses16,λ = 0.25,0,False,,1770180,1.5023569929981022
1: constant penalty,ulysses16,λ = 0.25,1,False,,1767046,1.5273707909982477
1: constant penalty,ulysses16,λ = 0.25,2,False,,1780372,1.5547265150016756
1: constant penalty,ulysses16,λ = 0.25,3,False,,1789261,1.5040886820024753
1: constant penalty,ulysses16,λ = 0.25,4,False,,1790641,1.492847351000819
1: constant penalty,ulysses16,λ = 0.25,5,False,,1797480,1.545985060998646
1: constant penalty,ulysses16,λ = 0.25,6,False,,1850748,1.5708227930008434
1: constant penalty,ulysses16,λ = 0.25,7,False,,1853860,1.5756364510016283
1: constant penalty,ulysses16,λ = 0.25,8,False,,1731921,1.476112202002696
1: constant penalty,ulysses16,λ = 0.25,9,False,,1763789,1.5242356899980223
1: constant penalty,ulysses16,λ = 0.25,10,False,,1745784,1.4937153099999705
1: constant penalty,ulysses16,λ = 0.25,11,False,,1759777,1.5132892629990238
1: constant penalty,ulysses16,λ = 0.25,12,False,,1790826,1.5277833300024213
1: constant penalty,ulysses16,λ = 0.25,13,False,,1813680,1.5298402099979285
1: constant penalty,ulysses16,λ = 0.25,14,False,,1749644,1.4637240499978361
1: constant penalty,ulysses16,λ = 0.25,15,False,,1771893,1.4890916350013867
1: constant penalty,ulysses16,λ = 0.25,16,False,,1886742,1.5409272650031198
1: constant penalty,ulysses16,λ = 0.25,17,False,,1822507,1.5344662999996217
1: constant penalty,ulysses16,λ = 0.25,18,False,,1797126,1.476009617003001
1: constant penalty,ulysses16,λ = 0.25,19,False,,1847394,1.5261406499994337
1: constant penalty,ulysses16,λ = 0.5,0,False,,983056,0.8681828369990399
1: constant penalty,ulysses16,λ = 0.5,1,True,0.481994459833795,1033794,0.9337474229978397
1: constant penalty,ulysses16,λ = 0.5,2,True,0.22977110365942557,1051061,0.9194960200002242
1: constant penalty,ulysses16,λ = 0.5,3,True,0.357194926374107,981223,0.8838961129986274
1: constant penalty,ulysses16,λ = 0.5,4,True,0.24493366379938766,932053,0.8573801439997624
1: constant penalty,ulysses16,λ = 0.5,5,True,0.2749671963843126,1062387,0.9494678820010449
1: constant penalty,ulysses16,λ = 0.5,6,True,0.34174077853914564,1085890,0.979408756000339
1: constant penalty,ulysses16,λ = 0.5,7,True,0.17932643242455168,987767,0.8703391369999736
1: constant penalty,ulysses16,λ = 0.5,8,True,0.1949263741070127,1030764,0.9230454130010912
1: constant penalty,ulysses16,λ = 0.5,9,True,0.21927394663945182,1008297,0.8943427049998718
1: constant penalty,ulysses16,λ = 0.5,10,True,0.38066773582154834,955007,0.8472828900012246
1: constant penalty,ulysses16,λ = 0.5,11,True,0.13529669047966175,994626,0.8587498119995871
1: constant penalty,ulysses16,λ = 0.5,12,True,0.5995043009185013,1082655,0.8778155830004835
1: constant penalty,ulysses16,λ = 0.5,13,True,0.20761043883948097,1019111,0.9221978329987905
1: constant penalty,ulysses16,λ = 0.5,14,False,,1014697,0.8778142219998699
1: constant penalty,ulysses16,λ = 0.5,15,True,0.26621956553433446,1099410,0.9443602430001192
1: constant penalty,ulysses16,λ = 0.5,16,True,0.206006706516985,1056558,0.9722102099985932
1: constant penalty,ulysses16,λ = 0.5,17,True,0.3872284589590319,1031009,0.8948342650000995
1: constant penalty,ulysses16,λ = 0.5,18,False,,939455,0.864602625999396
1: constant penalty,ulysses16,λ = 0.5,19,True,0.28765126111678085,986080,0.8833634650000022
1: constant penalty,ulysses16,λ = 2,0,True,0.2466831899693833,237522,0.35877437200178974
1: constant penalty,ulysses16,λ = 2,1,True,0.28138212567429655,242416,0.3366603149988805
1: constant penalty,ulysses16,λ = 2,2,True,0.1761189677795597,245887,0.3810119959998701
1: constant penalty,ulysses16,λ = 2,3,True,0.13777518588715557,229710,0.39916682700277306
1: constant penalty,ulysses16,λ = 2,4,True,0.057296982067356755,238525,0.37440472899834276
1: constant penalty,ulysses16,λ = 2,5,True,0.11080332409972299,251390,0.4069571130021359
1: constant penalty,ulysses16,λ = 2,6,True,0.12946493657967634,258296,0.4101454459996603
1: constant penalty,ulysses16,λ = 2,7,True,0.11240705642221899,230817,0.3792722610014607
1: constant penalty,ulysses16,λ = 2,8,True,0.2459542207318851,241417,0.4036404360012966
1: constant penalty,ulysses16,λ = 2,9,True,0.03674004956990815,253332,0.4051865399997041
1: constant penalty,ulysses16,λ = 2,10,True,0.24245516839189385,243210,0.42913201700139325
1: constant penalty,ulysses16,λ = 2,11,True,0.2064440880594839,265386,0.43881204500212334
1: constant penalty,ulysses16,λ = 2,12,True,0.2675317101618312,229742,0.4234158440012834
1: constant penalty,ulysses16,λ = 2,13,True,0.16110220148709725,234347,0.4057763470009377
1: constant penalty,ulysses16,λ = 2,14,True,0.09462020702726345,250918,0.45319233299960615
1: constant penalty,ulysses16,λ = 2,15,True,0.10686689021723283,250780,0.4415074040007312
1: constant penalty,ulysses16,λ = 2,16,True,0.38445837585653886,246440,0.475613817001431
1: constant penalty,ulysses16,λ = 2,17,True,0.04767458813238081,279993,0.5268311170002562
1: constant penalty,ulysses16,λ = 2,18,True,0.1634349030470914,258352,0.49166002000129083
1: constant penalty,ulysses16,λ = 2,19,True,0.15833211838460418,250587,0.5141039369991631
1: constant penalty,ulysses16,λ = 4,0,True,0.08033240997229917,190416,0.4055566870010807
1: constant penalty,ulysses16,λ = 4,1,True,0.0648782621373378,192674,0.47617656299917144
1: constant penalty,ulysses16,λ = 4,2,True,0.25091121154687274,173252,0.4849379539991787
1: constant penalty,ulysses16,λ = 4,3,True,0.07435486222481412,202596,0.49379693300215877
1: constant penalty,ulysses16,λ = 4,4,True,0.15629100451960928,185229,0.48190328599957866
1: constant penalty,ulysses16,λ = 4,5,True,0.04607085580988482,182671,0.47941676499976893
1: constant penalty,ulysses16,λ = 4,6,True,0.20134130339699666,179381,0.47860148700056016
1: constant penalty,ulysses16,λ = 4,7,True,0.17713952471205716,203727,0.5111058479997155
1: constant penalty,ulysses16,λ = 4,8,True,0.2565971715993585,190153,0.5017608810012462
1: constant penalty,ulysses16,λ = 4,9,True,0.23574865140691062,172874,0.515612430001056
1: constant penalty,ulysses16,λ = 4,10,True,0.29785683044175537,193812,0.490838359000918
1: constant penalty,ulysses16,λ = 4,11,True,0.07056422218982358,185234,0.4636387249993277
1: constant penalty,ulysses16,λ = 4,12,True,0.11925936725470185,216875,0.50480147199778
1: constant penalty,ulysses16,λ = 4,13,True,0.17087038926957282,186211,0.4842791650007712
1: constant penalty,ulysses16,λ = 4,14,True,0.2549934392768625,183895,0.48140371200133814
1: constant penalty,ulysses16,λ = 4,15,True,0.08878845312727802,174130,0.44914642200092203
1: constant penalty,ulysses16,λ = 4,16,True,0.21038052194197404,194791,0.4664838509997935
1: constant penalty,ulysses16,λ = 4,17,True,0.08222772998979443,207924,0.49078208200080553
1: constant penalty,ulysses16,λ = 4,18,True,0.1691208630995772,201944,0.5257534169977589
1: constant penalty,ulysses16,λ = 4,19,True,0.18778247557953054,204663,0.5114562980015762
1: constant penalty,ulysses22,baseline,0,True,0.4848139170112648,876931,1.5285197570010496
1: constant penalty,ulysses22,baseline,1,True,0.4136603450734351,897590,1.7007916969996586
1: constant penalty,ulysses22,baseline,2,True,0.4793954085270212,804159,1.4818993209992186
1: constant penalty,ulysses22,baseline,3,True,0.2388421502923143,877512,1.6701136150004459
1: constant penalty,ulysses22,baseline,4,True,0.3440752887494653,800125,1.5005202040010772
1: constant penalty,ulysses22,baseline,5,True,0.20319406815913305,842562,1.5571613370011619
1: constant penalty,ulysses22,baseline,6,True,0.43262512476828746,841813,1.546963731001597
1: constant penalty,ulysses22,baseline,7,True,0.420932553828604,904125,1.6924954030000663
1: constant penalty,ulysses22,baseline,8,True,0.27320690146870097,858331,1.5824686160012789
1: constant penalty,ulysses22,baseline,9,True,0.41465849137316413,859662,1.5859509510009957
1: constant penalty,ulysses22,baseline,10,True,0.3962640809924426,885488,1.604828572999395
1: constant penalty,ulysses22,baseline,11,True,0.4317695707970911,858149,1.514348456999869
1: constant penalty,ulysses22,baseline,12,True,0.18080707257949521,820910,1.5244706500016036
1: constant penalty,ulysses22,baseline,13,True,0.28604021103664623,888868,1.5374657120009942
1: constant penalty,ulysses22,baseline,14,True,0.32682161699700557,858794,1.6072948260007252
1: constant penalty,ulysses22,baseline,15,True,0.2572365606730358,808573,1.4971259070007363
1: constant penalty,ulysses22,baseline,16,True,0.28718094966490804,882526,1.6353774479975982
1: constant penalty,ulysses22,baseline,17,True,0.46100099814629975,889562,1.6433123310016526
1: constant penalty,ulysses22,baseline,18,True,0.479538000855554,943668,1.699519465000776
1: constant penalty,ulysses22,baseline,19,True,0.45258805076286895,828742,1.5294890389995999
1: constant penalty,ulysses22,λ = 0.25,0,False,,1973212,3.4189022179998574
1: constant penalty,ulysses22,λ = 0.25,1,False,,1992441,3.396609297997202
1: constant penalty,ulysses22,λ = 0.25,2,False,,1968438,3.3263710719984374
1: constant penalty,ulysses22,λ = 0.25,3,False,,1972517,3.3907106970000314
1: constant penalty,ulysses22,λ = 0.25,4,False,,1958304,3.293697727000108
1: constant penalty,ulysses22,λ = 0.25,5,False,,1986881,3.4026855689990043
1: constant penalty,ulysses22,λ = 0.25,6,False,,1974996,3.3849232780012244
1: constant penalty,ulysses22,λ = 0.25,7,False,,1946520,3.277093959000922
1: constant penalty,ulysses22,λ = 0.25,8,False,,1958417,3.3408965579983487
1: constant penalty,ulysses22,λ = 0.25,9,False,,1977617,3.3518425849979394
1: constant penalty,ulysses22,λ = 0.25,10,False,,1975171,3.3148333950011875
1: constant penalty,ulysses22,λ = 0.25,11,False,,1966688,3.4161568910021742
1: constant penalty,ulysses22,λ = 0.25,12,False,,1968659,3.34035106599913
1: constant penalty,ulysses22,λ = 0.25,13,False,,1967900,3.319728678998217
1: constant penalty,ulysses22,λ = 0.25,14,False,,1968939,3.302327137997054
1: constant penalty,ulysses22,λ = 0.25,15,False,,1958584,3.2481025509987376
1: constant penalty,ulysses22,λ = 0.25,16,False,,1995412,3.368520494997938
1: constant penalty,ulysses22,λ = 0.25,17,False,,1954905,3.255625185000099
1: constant penalty,ulysses22,λ = 0.25,18,False,,1955563,3.231585008001275
1: constant penalty,ulysses22,λ = 0.25,19,False,,1954969,3.2613871869980358
1: constant penalty,ulysses22,λ = 0.5,0,True,0.4618565521174961,1451925,2.536472485997365
1: constant penalty,ulysses22,λ = 0.5,1,True,0.6513617567374875,1363901,2.405700066999998
1: constant penalty,ulysses22,λ = 0.5,2,True,0.453586197062598,1435824,2.4849466670020774
1: constant penalty,ulysses22,λ = 0.5,3,True,0.24112362754883787,1398641,2.4795921959994303
1: constant penalty,ulysses22,λ = 0.5,4,True,0.83673178383003,1444984,2.520232864000718
1: constant penalty,ulysses22,λ = 0.5,5,True,0.5087694282047626,1425548,2.4881270340010815
1: constant penalty,ulysses22,λ = 0.5,6,False,,1455078,2.532152171002963
1: constant penalty,ulysses22,λ = 0.5,7,True,0.32282903179808925,1479508,2.530635261999123
1: constant penalty,ulysses22,λ = 0.5,8,True,0.3502067588763724,1496617,2.5603873149993888
1: constant penalty,ulysses22,λ = 0.5,9,True,0.5080564665620989,1430821,2.489787267000793
1: constant penalty,ulysses22,λ = 0.5,10,True,0.7182375588193355,1526160,2.5885996049983078
1: constant penalty,ulysses22,λ = 0.5,11,False,,1450940,2.552261297001678
1: constant penalty,ulysses22,λ = 0.5,12,True,0.5006416654783973,1463769,2.3689091639971593
1: constant penalty,ulysses22,λ = 0.5,13,True,0.36746043062883216,1501752,2.392639229001361
1: constant penalty,ulysses22,λ = 0.5,14,True,0.55782118922002,1413727,2.2686317670013523
1: constant penalty,ulysses22,λ = 0.5,15,False,,1390225,2.259172882000712
1: constant penalty,ulysses22,λ = 0.5,16,True,0.7461856552117496,1424338,2.294746909999958
1: constant penalty,ulysses22,λ = 0.5,17,True,0.6543561956366748,1413040,2.2495186039996042
1: constant penalty,ulysses22,λ = 0.5,18,False,,1439680,2.3343767570004275
1: constant penalty,ulysses22,λ = 0.5,19,True,0.8477113931270498,1435809,2.2756650769988482
1: constant penalty,ulysses22,λ = 2,0,True,0.10209610722943106,379791,0.7922434460015211
1: constant penalty,ulysses22,λ = 2,1,True,0.3248253243975474,360677,0.697833690999687
1: constant penalty,ulysses22,λ = 2,2,True,0.43390845572508197,367123,0.7770578380004736
1: constant penalty,ulysses22,λ = 2,3,True,0.466562098959076,356754,0.7372361339985218
1: constant penalty,ulysses22,λ = 2,4,True,0.3579067446171396,392521,0.8701639619976049
1: constant penalty,ulysses22,λ = 2,5,True,0.44403251105090547,391116,0.931904270000814
1: constant penalty,ulysses22,λ = 2,6,True,0.4735491230571795,373695,0.9026349199994002
1: constant penalty,ulysses22,λ = 2,7,True,0.3423641808070726,372962,0.9023510680017353
1: constant penalty,ulysses22,λ = 2,8,True,0.34749750463425066,376716,0.9811631279990252
1: constant penalty,ulysses22,λ = 2,9,True,0.455154712676458,360410,0.9248753589999978
1: constant penalty,ulysses22,λ = 2,10,True,0.47083986881505774,362269,0.8899125999996613
1: constant penalty,ulysses22,λ = 2,11,True,0.3406530728646799,369775,0.9568359919976501
1: constant penalty,ulysses22,λ = 2,12,True,0.5354341936403821,369491,0.9494298600002367
1: constant penalty,ulysses22,λ = 2,13,True,0.3171253386567803,367821,1.0249874609980907
1: constant penalty,ulysses22,λ = 2,14,True,0.4487380578924854,399846,0.9898278549990209
1: constant penalty,ulysses22,λ = 2,15,True,0.321403108512762,351171,0.9363156899999012
1: constant penalty,ulysses22,λ = 2,16,True,0.321403108512762,374579,1.0161045569984708
1: constant penalty,ulysses22,λ = 2,17,True,0.4584343362327107,374906,0.9803126129991142
1: constant penalty,ulysses22,λ = 2,18,True,0.46470839868815056,382991,1.0127687320018595
1: constant penalty,ulysses22,λ = 2,19,True,0.5581063738770854,372384,0.9873340400008601
1: constant penalty,ulysses22,λ = 4,0,True,0.4143733067160987,285450,1.0170417970002745
1: constant penalty,ulysses22,λ = 4,1,True,0.5566804505917582,259269,0.9599816230002034
1: constant penalty,ulysses22,λ = 4,2,True,0.3848566947098246,273957,1.01642762299889
1: constant penalty,ulysses22,λ = 4,3,True,0.27021246256951376,304373,0.999991927001247
1: constant penalty,ulysses22,λ = 4,4,True,0.464993583345216,285864,0.9411342379971757
1: constant penalty,ulysses22,λ = 4,5,True,0.39697704263510625,281622,0.9781904080009554
1: constant penalty,ulysses22,λ = 4,6,True,0.44531584200769997,296178,1.0245891390004545
1: constant penalty,ulysses22,λ = 4,7,True,0.5558248966205618,269198,1.0206628870000714
1: constant penalty,ulysses22,λ = 4,8,True,0.36560673035790675,284642,0.9975651089989697
1: constant penalty,ulysses22,λ = 4,9,True,0.5695137601597035,276076,0.8981731249987206
1: constant penalty,ulysses22,λ = 4,10,True,0.5753600456295451,274994,0.8729307899993728
1: constant penalty,ulysses22,λ = 4,11,True,0.38015114786824467,270819,0.9379767140017066
1: constant penalty,ulysses22,λ = 4,12,True,0.47782689291316127,293515,0.9141938480024692
1: constant penalty,ulysses22,λ = 4,13,True,0.3502067588763724,275942,0.9385292400002072
1: constant penalty,ulysses22,λ = 4,14,True,0.3550548980464851,312835,0.9412726819973614
1: constant penalty,ulysses22,λ = 4,15,True,0.49607871096535006,278950,0.8886832509997475
1: constant penalty,ulysses22,λ = 4,16,True,0.5666619135890489,286758,0.9085737890018208
1: constant penalty,ulysses22,λ = 4,17,True,0.42164551547126766,277781,0.8116141009995772
1: constant penalty,ulysses22,λ = 4,18,True,0.4818194781120776,274894,0.8222926960006589
1: constant penalty,ulysses22,λ = 4,19,True,0.5304434621417368,264733,0.8046749120003369
1: constant penalty,bayg29,baseline,0,True,0.7459627329192546,841393,3.1613803250002093
1: constant penalty,bayg29,baseline,1,True,0.5881987577639751,848872,3.111763154000073
1: constant penalty,bayg29,baseline,2,True,0.5782608695652174,835230,3.118198651001876
1: constant penalty,bayg29,baseline,3,True,0.7490683229813665,837703,3.0551075709990982
1: constant penalty,bayg29,baseline,4,True,0.8490683229813665,853930,2.894086771997536
1: constant penalty,bayg29,baseline,5,True,0.5577639751552795,830484,2.7772515940014273
1: constant penalty,bayg29,baseline,6,True,0.7968944099378882,800298,2.7111731469994993
1: constant penalty,bayg29,baseline,7,True,0.6372670807453417,868613,2.92668982199757
1: constant penalty,bayg29,baseline,8,True,0.724223602484472,898804,3.044013963000907
1: constant penalty,bayg29,baseline,9,True,0.8167701863354038,780097,2.678584334000334
1: constant penalty,bayg29,baseline,10,True,0.6049689440993788,834891,2.7677705669993884
1: constant penalty,bayg29,baseline,11,True,0.7906832298136646,845952,2.880277214000671
1: constant penalty,bayg29,baseline,12,True,0.6614906832298136,798325,2.679768727000919
1: constant penalty,bayg29,baseline,13,True,0.36770186335403726,835400,2.763934907998191
1: constant penalty,bayg29,baseline,14,True,0.815527950310559,866238,2.9698360890033655
1: constant penalty,bayg29,baseline,15,True,0.7478260869565218,866611,2.862777784001082
1: constant penalty,bayg29,baseline,16,True,0.6503105590062112,820834,2.7358207760007645
1: constant penalty,bayg29,baseline,17,True,0.6577639751552795,811952,2.734127178999188
1: constant penalty,bayg29,baseline,18,True,0.6509316770186335,873049,2.8760345759983466
1: constant penalty,bayg29,baseline,19,True,0.7950310559006211,832688,2.7875381000012567
1: constant penalty,bayg29,λ = 0.25,0,False,,2000000,6.1887237839982845
1: constant penalty,bayg29,λ = 0.25,1,False,,2000000,6.236895774000004
1: constant penalty,bayg29,λ = 0.25,2,False,,2000000,6.155275558001449
1: constant penalty,bayg29,λ = 0.25,3,False,,2000000,6.086500707999221
1: constant penalty,bayg29,λ = 0.25,4,False,,2000000,6.096363394000946
1: constant penalty,bayg29,λ = 0.25,5,False,,1998829,6.132853532999434
1: constant penalty,bayg29,λ = 0.25,6,False,,2000000,6.196331500999804
1: constant penalty,bayg29,λ = 0.25,7,False,,2000000,6.235705109000264
1: constant penalty,bayg29,λ = 0.25,8,False,,2000000,6.192853876000299
1: constant penalty,bayg29,λ = 0.25,9,False,,1997169,6.187593925002147
1: constant penalty,bayg29,λ = 0.25,10,False,,2000000,6.162697259998822
1: constant penalty,bayg29,λ = 0.25,11,False,,1999136,6.2019283959998575
1: constant penalty,bayg29,λ = 0.25,12,False,,2000000,6.205226679001498
1: constant penalty,bayg29,λ = 0.25,13,False,,2000000,6.154618862998177
1: constant penalty,bayg29,λ = 0.25,14,False,,2000000,6.186445849998563
1: constant penalty,bayg29,λ = 0.25,15,False,,2000000,6.091011947999505
1: constant penalty,bayg29,λ = 0.25,16,False,,2000000,6.076283313999738
1: constant penalty,bayg29,λ = 0.25,17,False,,1999462,6.1664463540000725
1: constant penalty,bayg29,λ = 0.25,18,False,,1999107,6.17606889200033
1: constant penalty,bayg29,λ = 0.25,19,False,,2000000,6.068728007001482
1: constant penalty,bayg29,λ = 0.5,0,True,0.6285714285714286,1957283,6.021910735002166
1: constant penalty,bayg29,λ = 0.5,1,True,0.7782608695652173,1976475,6.249489679001272
1: constant penalty,bayg29,λ = 0.5,2,True,0.55527950310559,1949738,6.127547513999161
1: constant penalty,bayg29,λ = 0.5,3,True,0.5677018633540373,1962043,6.156323489998613
1: constant penalty,bayg29,λ = 0.5,4,True,0.46645962732919255,1933952,6.007626780003193
1: constant penalty,bayg29,λ = 0.5,5,True,0.7546583850931677,1936644,6.0867246159978095
1: constant penalty,bayg29,λ = 0.5,6,True,0.3391304347826087,1935360,6.008928556999308
1: constant penalty,bayg29,λ = 0.5,7,True,0.5968944099378882,1958817,6.076308091000101
1: constant penalty,bayg29,λ = 0.5,8,True,0.5782608695652174,1946492,6.020578739000484
1: constant penalty,bayg29,λ = 0.5,9,True,0.5229813664596273,1939512,6.11567975500293
1: constant penalty,bayg29,λ = 0.5,10,True,0.462111801242236,1937087,6.173648766998667
1: constant penalty,bayg29,λ = 0.5,11,True,0.6708074534161491,1959053,6.0799339699988195
1: constant penalty,bayg29,λ = 0.5,12,True,0.6633540372670808,1957765,6.076560363999306
1: constant penalty,bayg29,λ = 0.5,13,True,0.4645962732919255,1940387,5.931025834997854
1: constant penalty,bayg29,λ = 0.5,14,True,0.5018633540372671,1934095,6.165046859998256
1: constant penalty,bayg29,λ = 0.5,15,True,0.6031055900621118,1939747,5.977170191999903
1: constant penalty,bayg29,λ = 0.5,16,True,0.37515527950310557,1947811,6.116821397001331
1: constant penalty,bayg29,λ = 0.5,17,True,0.3950310559006211,1937318,5.981571250998968
1: constant penalty,bayg29,λ = 0.5,18,True,0.3950310559006211,1921023,6.037500895999983
1: constant penalty,bayg29,λ = 0.5,19,True,0.5496894409937888,1958893,6.243391186002555
1: constant penalty,bayg29,λ = 2,0,True,0.9372670807453416,331645,1.1918898600015382
1: constant penalty,bayg29,λ = 2,1,True,0.8757763975155279,344106,1.2288043679982366
1: constant penalty,bayg29,λ = 2,2,True,0.8285714285714286,354134,1.261222655997699
1: constant penalty,bayg29,λ = 2,3,True,0.831055900621118,346726,1.2382446890005667
1: constant penalty,bayg29,λ = 2,4,True,0.8316770186335404,338065,1.2232875970003079
1: constant penalty,bayg29,λ = 2,5,True,0.6583850931677019,329900,1.1894116940020467
1: constant penalty,bayg29,λ = 2,6,True,0.9204968944099379,340532,1.247719352999411
1: constant penalty,bayg29,λ = 2,7,True,0.893167701863354,337831,1.2567938229985884
1: constant penalty,bayg29,λ = 2,8,True,0.8198757763975155,350069,1.3213220379984705
1: constant penalty,bayg29,λ = 2,9,True,0.9614906832298137,326913,1.256010386001435
1: constant penalty,bayg29,λ = 2,10,True,0.6211180124223602,338957,1.2915991119989485
1: constant penalty,bayg29,λ = 2,11,True,0.9285714285714286,337804,1.3030458739995083
1: constant penalty,bayg29,λ = 2,12,True,0.8341614906832299,359490,1.3752445169993734
1: constant penalty,bayg29,λ = 2,13,True,0.8919254658385093,348322,1.3526083729993843
1: constant penalty,bayg29,λ = 2,14,True,0.9006211180124224,336896,1.3075040039984742
1: constant penalty,bayg29,λ = 2,15,True,0.8304347826086956,354767,1.3973170450008183
1: constant penalty,bayg29,λ = 2,16,True,0.886335403726708,331757,1.280076803999691
1: constant penalty,bayg29,λ = 2,17,True,0.7540372670807454,333426,1.3393673399987165
1: constant penalty,bayg29,λ = 2,18,True,0.9639751552795031,348281,1.3447833899990655
1: constant penalty,bayg29,λ = 2,19,True,0.7198757763975155,350210,1.354618463999941
1: constant penalty,bayg29,λ = 4,0,True,1.0217391304347827,228682,1.0049104259996966
1: constant penalty,bayg29,λ = 4,1,True,1.027329192546584,214771,0.9523326160015131
1: constant penalty,bayg29,λ = 4,2,True,1.0565217391304347,229259,0.9792215479974402
1: constant penalty,bayg29,λ = 4,3,True,1.0335403726708075,227286,0.9867686590005178
1: constant penalty,bayg29,λ = 4,4,True,0.9813664596273292,223763,0.9750477620000311
1: constant penalty,bayg29,λ = 4,5,True,0.9260869565217391,218975,0.9543814719982038
1: constant penalty,bayg29,λ = 4,6,True,0.9552795031055901,224799,1.0018548569969425
1: constant penalty,bayg29,λ = 4,7,True,0.7496894409937889,227509,0.9927034100001038
1: constant penalty,bayg29,λ = 4,8,True,0.8627329192546583,231127,0.9884354139976494
1: constant penalty,bayg29,λ = 4,9,True,0.9720496894409938,216665,0.9248738560017955
1: constant penalty,bayg29,λ = 4,10,True,1.0434782608695652,209929,0.8823982510002679
1: constant penalty,bayg29,λ = 4,11,True,0.8503105590062112,232502,0.9701841080022859
1: constant penalty,bayg29,λ = 4,12,True,1.0813664596273291,219065,0.9247247709972726
1: constant penalty,bayg29,λ = 4,13,True,0.8472049689440994,223126,0.8976242860007915
1: constant penalty,bayg29,λ = 4,14,True,0.9316770186335404,219080,0.9174893550007255
1: constant penalty,bayg29,λ = 4,15,True,1.0024844720496895,213363,0.8659214059989608
1: constant penalty,bayg29,λ = 4,16,True,0.8484472049689441,228592,0.9460591690003639
1: constant penalty,bayg29,λ = 4,17,True,0.8260869565217391,230760,0.9247053239996603
1: constant penalty,bayg29,λ = 4,18,True,0.937888198757764,223421,0.9342804009975225
1: constant penalty,bayg29,λ = 4,19,True,1.0968944099378881,219219,0.9319220440011122
1: constant penalty,jeu_100_25_1,baseline,0,True,0.558034270934368,2000000,0.7892926569984411
1: constant penalty,jeu_100_25_1,baseline,1,True,0.309569996766893,1990001,0.6871681810007431
1: constant penalty,jeu_100_25_1,baseline,2,True,0.25493048819915937,2000000,0.7808827570006542
1: constant penalty,jeu_100_25_1,baseline,3,True,0.3904515572798793,2000000,0.7490945850004209
1: constant penalty,jeu_100_25_1,baseline,4,True,0.42870999030067897,2000000,0.7540272199985338
1: constant penalty,jeu_100_25_1,baseline,5,True,0.28914753745015626,2000000,0.7631374279990268
1: constant penalty,jeu_100_25_1,baseline,6,True,0.33468046125660095,2000000,0.7676542799999879
1: constant penalty,jeu_100_25_1,baseline,7,True,0.3352731975428387,1990001,0.7388578830032202
1: constant penalty,jeu_100_25_1,baseline,8,True,0.3355965082444229,2000000,0.7765078779993928
1: constant penalty,jeu_100_25_1,baseline,9,True,0.2929194956353055,2000000,0.7874662979993445
1: constant penalty,jeu_100_25_1,baseline,10,True,0.32950749003125335,2000000,0.7455163470003754
1: constant penalty,jeu_100_25_1,baseline,11,True,0.3101088479362,2000000,0.7337450630002422
1: constant penalty,jeu_100_25_1,baseline,12,True,0.2848367280957,2000000,0.7714118799995049
1: constant penalty,jeu_100_25_1,baseline,13,True,0.4332902252397888,2000000,0.7538846970019222
1: constant penalty,jeu_100_25_1,baseline,14,True,0.47488953551029206,2000000,0.7717466299982334
1: constant penalty,jeu_100_25_1,baseline,15,True,0.44870136868197,2000000,0.7596059800016519
1: constant penalty,jeu_100_25_1,baseline,16,True,0.30337320831986203,2000000,0.7112203210017469
1: constant penalty,jeu_100_25_1,baseline,17,True,0.3326328268132342,2000000,0.7336773940005514
1: constant penalty,jeu_100_25_1,baseline,18,True,0.37665696734561915,2000000,0.73214005599948
1: constant penalty,jeu_100_25_1,baseline,19,True,0.24981140209074254,1990001,0.7393122620014765
1: constant penalty,jeu_100_25_1,λ = 0.25,0,True,0.4760211229658368,2000000,0.7571185170017998
1: constant penalty,jeu_100_25_1,λ = 0.25,1,True,0.36625713977799335,2000000,0.7397621720010648
1: constant penalty,jeu_100_25_1,λ = 0.25,2,False,,2000000,0.7496623690021806
1: constant penalty,jeu_100_25_1,λ = 0.25,3,True,0.5297445845457485,2000000,0.7401032529996883
1: constant penalty,jeu_100_25_1,λ = 0.25,4,True,0.4044078025649316,2000000,0.7280975419998867
1: constant penalty,jeu_100_25_1,λ = 0.25,5,True,0.5398749865287208,2000000,0.7601105939975241
1: constant penalty,jeu_100_25_1,λ = 0.25,6,True,0.47898480439702557,2000000,0.7243510019980022
1: constant penalty,jeu_100_25_1,λ = 0.25,7,True,0.43857096669899776,2000000,0.7418372159991122
1: constant penalty,jeu_100_25_1,λ = 0.25,8,True,0.4160469878219636,2000000,0.719666100001632
1: constant penalty,jeu_100_25_1,λ = 0.25,9,False,,2000000,0.7606234140002925
1: constant penalty,jeu_100_25_1,λ = 0.25,10,True,0.39971979739196034,2000000,0.7340181749968906
1: constant penalty,jeu_100_25_1,λ = 0.25,11,True,0.5328699213277293,2000000,0.7540855219995137
1: constant penalty,jeu_100_25_1,λ = 0.25,12,False,,2000000,0.737907417002134
1: constant penalty,jeu_100_25_1,λ = 0.25,13,True,0.5125013471279233,2000000,0.7456117689980601
1: constant penalty,jeu_100_25_1,λ = 0.25,14,False,,2000000,0.7458187249976618
1: constant penalty,jeu_100_25_1,λ = 0.25,15,True,0.5210151956029745,2000000,0.7378159619984217
1: constant penalty,jeu_100_25_1,λ = 0.25,16,False,,2000000,0.7453481949996785
1: constant penalty,jeu_100_25_1,λ = 0.25,17,True,0.3481517404892769,2000000,0.7524396170010732
1: constant penalty,jeu_100_25_1,λ = 0.25,18,True,0.46335812048712144,2000000,0.7299848180009576
1: constant penalty,jeu_100_25_1,λ = 0.25,19,True,0.3624312964759134,2000000,0.7434418530028779
1: constant penalty,jeu_100_25_1,λ = 0.5,0,True,0.4760211229658368,2000000,0.7284978269999556
1: constant penalty,jeu_100_25_1,λ = 0.5,1,True,0.38700290979631424,2000000,0.7338950200028194
1: constant penalty,jeu_100_25_1,λ = 0.5,2,True,0.5912813880806121,2000000,0.7280050549998123
1: constant penalty,jeu_100_25_1,λ = 0.5,3,True,0.5386356288393146,2000000,0.7393537909993029
1: constant penalty,jeu_100_25_1,λ = 0.5,4,True,0.39697165642849447,2000000,0.7372852179978509
1: constant penalty,jeu_100_25_1,λ = 0.5,5,True,0.42143549951503395,2000000,0.753338853999594
1: constant penalty,jeu_100_25_1,λ = 0.5,6,True,0.39158314473542405,2000000,0.7401045659971714
1: constant penalty,jeu_100_25_1,λ = 0.5,7,True,0.29555986636491,2000000,0.7593102350001573
1: constant penalty,jeu_100_25_1,λ = 0.5,8,True,0.3933074684772066,2000000,0.7297793049983738
1: constant penalty,jeu_100_25_1,λ = 0.5,9,True,0.30288824226748573,2000000,0.7375710550004442
1: constant penalty,jeu_100_25_1,λ = 0.5,10,True,0.33812910874016594,2000000,0.7473386290002964
1: constant penalty,jeu_100_25_1,λ = 0.5,11,True,0.4509106584761289,2000000,0.7380363340016629
1: constant penalty,jeu_100_25_1,λ = 0.5,12,True,0.23563961633796746,2000000,0.7310351050000463
1: constant penalty,jeu_100_25_1,λ = 0.5,13,True,0.4433667421058304,2000000,0.7738389879996248
1: constant penalty,jeu_100_25_1,λ = 0.5,14,True,0.3872723353809678,2000000,0.7392933359988092
1: constant penalty,jeu_100_25_1,λ = 0.5,15,True,0.4262312749218666,2000000,0.7304507680019015
1: constant penalty,jeu_100_25_1,λ = 0.5,16,True,0.3749865287207673,2000000,0.7410333509978955
1: constant penalty,jeu_100_25_1,λ = 0.5,17,True,0.2075115853001401,2000000,0.7581864679996215
1: constant penalty,jeu_100_25_1,λ = 0.5,18,True,0.332848367280957,2000000,0.7476986170004238
1: constant penalty,jeu_100_25_1,λ = 0.5,19,True,0.3705140640155189,2000000,0.7654499669988581
1: constant penalty,jeu_100_25_1,λ = 2,0,True,0.3299924560836297,2000000,0.7405605870008003
1: constant penalty,jeu_100_25_1,λ = 2,1,True,0.34799008513848473,2000000,0.7552039789989067
1: constant penalty,jeu_100_25_1,λ = 2,2,True,0.3864640586270072,2000000,0.7518056449989672
1: constant penalty,jeu_100_25_1,λ = 2,3,True,0.3227718504149154,2000000,0.7463154239994765
1: constant penalty,jeu_100_25_1,λ = 2,4,True,0.40009699321047526,2000000,0.767979591000767
1: constant penalty,jeu_100_25_1,λ = 2,5,True,0.250458023493911,2000000,0.7665295709994098
1: constant penalty,jeu_100_25_1,λ = 2,6,True,0.321209182023925,2000000,0.7425589459999173
1: constant penalty,jeu_100_25_1,λ = 2,7,True,0.3546179545209613,1990001,0.7255538509998587
1: constant penalty,jeu_100_25_1,λ = 2,8,True,0.35267809031145597,1990001,0.7256367699992552
1: constant penalty,jeu_100_25_1,λ = 2,9,True,0.3285914430434314,1990001,0.7254647609988751
1: constant penalty,jeu_100_25_1,λ = 2,10,True,0.28440564716025435,2000000,0.7382761019980535
1: constant penalty,jeu_100_25_1,λ = 2,11,True,0.2345619139993534,1980002,0.7255668460020388
1: constant penalty,jeu_100_25_1,λ = 2,12,True,0.36124582390343785,2000000,0.753165734000504
1: constant penalty,jeu_100_25_1,λ = 2,13,True,0.3790817976075008,2000000,0.725967550999485
1: constant penalty,jeu_100_25_1,λ = 2,14,True,0.417609656212954,1990001,0.7458411580009852
1: constant penalty,jeu_100_25_1,λ = 2,15,True,0.3791356827244315,2000000,0.738891667999269
1: constant penalty,jeu_100_25_1,λ = 2,16,True,0.370136868197004,2000000,0.7376584109988471
1: constant penalty,jeu_100_25_1,λ = 2,17,True,0.3808061213492833,2000000,0.7614942979998887
1: constant penalty,jeu_100_25_1,λ = 2,18,True,0.4379243452958293,2000000,0.7280323270024383
1: constant penalty,jeu_100_25_1,λ = 2,19,True,0.24981140209074254,1990001,0.732134195000981
1: constant penalty,jeu_100_25_1,λ = 4,0,True,0.39567841362215755,2000000,0.7157013440009905
1: constant penalty,jeu_100_25_1,λ = 4,1,True,0.3550490354564069,2000000,0.734634262000327
1: constant penalty,jeu_100_25_1,λ = 4,2,True,0.3700290979631426,1990001,0.7463470239999879
1: constant penalty,jeu_100_25_1,λ = 4,3,True,0.5044185795883177,2000000,0.7257435739993525
1: constant penalty,jeu_100_25_1,λ = 4,4,True,0.3238495527535295,2000000,0.7460923770013324
1: constant penalty,jeu_100_25_1,λ = 4,5,True,0.35337859683155515,2000000,0.7357203979991027
1: constant penalty,jeu_100_25_1,λ = 4,6,True,0.321209182023925,2000000,0.7252639170001203
1: constant penalty,jeu_100_25_1,λ = 4,7,True,0.31786830477422134,2000000,0.7309956899989629
1: constant penalty,jeu_100_25_1,λ = 4,8,True,0.3763875417609656,2000000,0.7386059529999329
1: constant penalty,jeu_100_25_1,λ = 4,9,True,0.3517081582067033,2000000,0.7337418169990997
1: constant penalty,jeu_100_25_1,λ = 4,10,True,0.28758486905916586,1990001,0.7065500569988217
1: constant penalty,jeu_100_25_1,λ = 4,11,True,0.2853216941480763,1990001,0.7412640110014763
1: constant penalty,jeu_100_25_1,λ = 4,12,True,0.4178790817976075,2000000,0.7349913759971969
1: constant penalty,jeu_100_25_1,λ = 4,13,True,0.33872184502640373,2000000,0.7384739299995999
1: constant penalty,jeu_100_25_1,λ = 4,14,True,0.5156805690268348,2000000,0.7326990649999061
1: constant penalty,jeu_100_25_1,λ = 4,15,True,0.3327405970470956,1990001,0.7390334590018028
1: constant penalty,jeu_100_25_1,λ = 4,16,True,0.425422998167906,2000000,0.7345843379989674
1: constant penalty,jeu_100_25_1,λ = 4,17,True,0.18385601896756115,2000000,0.7234236099975533
1: constant penalty,jeu_100_25_1,λ = 4,18,True,0.3511693070373963,2000000,0.7528798080020351
1: constant penalty,jeu_100_25_1,λ = 4,19,True,0.28402845134173943,2000000,0.7377178249989811
1: constant penalty,jeu_200_25_1,baseline,0,False,,2000000,1.3721633100030886
1: constant penalty,jeu_200_25_1,baseline,1,True,0.6636340068772898,2000000,1.3609931739993044
1: constant penalty,jeu_200_25_1,baseline,2,True,0.603220489040848,2000000,1.3811332499972195
1: constant penalty,jeu_200_25_1,baseline,3,True,0.555206636633552,2000000,1.3694478910001635
1: constant penalty,jeu_200_25_1,baseline,4,True,0.5789445365655617,2000000,1.3548963950015604
1: constant penalty,jeu_200_25_1,baseline,5,False,,2000000,1.334852273001161
1: constant penalty,jeu_200_25_1,baseline,6,True,0.5512886358411473,2000000,1.3697883809982159
1: constant penalty,jeu_200_25_1,baseline,7,True,0.6560376832435764,2000000,1.3613106510019861
1: constant penalty,jeu_200_25_1,baseline,8,False,,2000000,1.3772449999996752
1: constant penalty,jeu_200_25_1,baseline,9,True,0.7432462177351901,2000000,1.3738983650000591
1: constant penalty,jeu_200_25_1,baseline,10,True,0.6352737464598588,2000000,1.3692008790021646
1: constant penalty,jeu_200_25_1,baseline,11,False,,2000000,1.3728548809995118
1: constant penalty,jeu_200_25_1,baseline,12,False,,2000000,1.3849413169991749
1: constant penalty,jeu_200_25_1,baseline,13,False,,2000000,1.3652890730008949
1: constant penalty,jeu_200_25_1,baseline,14,True,0.5758580715218572,2000000,1.3804487620000145
1: constant penalty,jeu_200_25_1,baseline,15,True,0.5574909142490988,2000000,1.3633637150014692
1: constant penalty,jeu_200_25_1,baseline,16,False,,2000000,1.392222930000571
1: constant penalty,jeu_200_25_1,baseline,17,True,0.6905561995881452,2000000,1.3844975580032042
1: constant penalty,jeu_200_25_1,baseline,18,False,,2000000,1.3976590689999284
1: constant penalty,jeu_200_25_1,baseline,19,False,,2000000,1.3699136010000075
1: constant penalty,jeu_200_25_1,λ = 0.25,0,True,0.5851027924926996,2000000,1.4024325999998837
1: constant penalty,jeu_200_25_1,λ = 0.25,1,True,0.5907327786500751,2000000,1.3961166810004215
1: constant penalty,jeu_200_25_1,λ = 0.25,2,True,0.6763320468986163,2000000,1.404582457998913
1: constant penalty,jeu_200_25_1,λ = 0.25,3,False,,2000000,1.4100442849994579
1: constant penalty,jeu_200_25_1,λ = 0.25,4,True,0.5544778200067502,2000000,1.3681337300004088
1: constant penalty,jeu_200_25_1,λ = 0.25,5,False,,2000000,1.414520298003481
1: constant penalty,jeu_200_25_1,λ = 0.25,6,False,,2000000,1.3883978220001154
1: constant penalty,jeu_200_25_1,λ = 0.25,7,True,0.5607192295087581,2000000,1.4078465749989846
1: constant penalty,jeu_200_25_1,λ = 0.25,8,True,0.54928805865751,2000000,1.3884451420017285
1: constant penalty,jeu_200_25_1,λ = 0.25,9,False,,2000000,1.3946616410030401
1: constant penalty,jeu_200_25_1,λ = 0.25,10,True,0.55783820270885,2000000,1.3704920850032067
1: constant penalty,jeu_200_25_1,λ = 0.25,11,False,,2000000,1.4030306929998915
1: constant penalty,jeu_200_25_1,λ = 0.25,12,True,0.5638008031657055,2000000,1.3990071339976566
1: constant penalty,jeu_200_25_1,λ = 0.25,13,True,0.5442352561374675,2000000,1.3665497830006643
1: constant penalty,jeu_200_25_1,λ = 0.25,14,True,0.5385123336317079,2000000,1.3665206770019722
1: constant penalty,jeu_200_25_1,λ = 0.25,15,True,0.621308837268454,2000000,1.3982819590019062
1: constant penalty,jeu_200_25_1,λ = 0.25,16,True,0.5779956075346921,2000000,1.374283410001226
1: constant penalty,jeu_200_25_1,λ = 0.25,17,True,0.6905561995881452,2000000,1.3995843369993963
1: constant penalty,jeu_200_25_1,λ = 0.25,18,False,,2000000,1.375918054000067
1: constant penalty,jeu_200_25_1,λ = 0.25,19,False,,2000000,1.3744854169999599
1: constant penalty,jeu_200_25_1,λ = 0.5,0,False,,2000000,1.3570820910026669
1: constant penalty,jeu_200_25_1,λ = 0.5,1,False,,2000000,1.369658111998433
1: constant penalty,jeu_200_25_1,λ = 0.5,2,False,,2000000,1.3952383929972711
1: constant penalty,jeu_200_25_1,λ = 0.5,3,True,0.632079670907499,2000000,1.4015876760022365
1: constant penalty,jeu_200_25_1,λ = 0.5,4,True,0.5544778200067502,2000000,1.3770316219997767
1: constant penalty,jeu_200_25_1,λ = 0.5,5,True,0.6294872359262574,2000000,1.3865897559990117
1: constant penalty,jeu_200_25_1,λ = 0.5,6,False,,2000000,1.3817160729995521
1: constant penalty,jeu_200_25_1,λ = 0.5,7,True,0.6560376832435764,2000000,1.405617224998423
1: constant penalty,jeu_200_25_1,λ = 0.5,8,True,0.5691666544381998,2000000,1.398036349000904
1: constant penalty,jeu_200_25_1,λ = 0.5,9,True,0.5765966709221731,2000000,1.3645618650007236
1: constant penalty,jeu_200_25_1,λ = 0.5,10,True,0.6390401142627946,2000000,1.3806586930004414
1: constant penalty,jeu_200_25_1,λ = 0.5,11,False,,2000000,1.3755981829999655
1: constant penalty,jeu_200_25_1,λ = 0.5,12,False,,2000000,1.381760338001186
1: constant penalty,jeu_200_25_1,λ = 0.5,13,True,0.4928463468678005,2000000,1.3831112590014527
1: constant penalty,jeu_200_25_1,λ = 0.5,14,False,,2000000,1.3759204590023728
1: constant penalty,jeu_200_25_1,λ = 0.5,15,False,,2000000,1.3777698619996954
1: constant penalty,jeu_200_25_1,λ = 0.5,16,True,0.7853219266194159,2000000,1.3915357980004046
1: constant penalty,jeu_200_25_1,λ = 0.5,17,True,0.6905561995881452,2000000,1.3890629220004485
1: constant penalty,jeu_200_25_1,λ = 0.5,18,False,,2000000,1.3775175400005537
1: constant penalty,jeu_200_25_1,λ = 0.5,19,False,,2000000,1.3851603049988626
1: constant penalty,jeu_200_25_1,λ = 2,0,True,0.5868881486590263,2000000,1.3647009390006133
1: constant penalty,jeu_200_25_1,λ = 2,1,True,0.7402282321060843,1990001,1.3828842160000931
1: constant penalty,jeu_200_25_1,λ = 2,2,True,0.5913490933814646,1990001,1.375183530999493
1: constant penalty,jeu_200_25_1,λ = 2,3,True,0.6036215827549268,1990001,1.394362840001122
1: constant penalty,jeu_200_25_1,λ = 2,4,False,,2000000,1.389526899001794
1: constant penalty,jeu_200_25_1,λ = 2,5,True,0.5389085359590298,2000000,1.3751103399990825
1: constant penalty,jeu_200_25_1,λ = 2,6,True,0.49255286366237694,2000000,1.4012612020014785
1: constant penalty,jeu_200_25_1,λ = 2,7,True,0.5325644073351236,2000000,1.3902090129995486
1: constant penalty,jeu_200_25_1,λ = 2,8,True,0.5627540463996947,2000000,1.3690218670017202
1: constant penalty,jeu_200_25_1,λ = 2,9,True,0.5765966709221731,2000000,1.3522171350014105
1: constant penalty,jeu_200_25_1,λ = 2,10,True,0.5773792928033027,2000000,1.3893368560020463
1: constant penalty,jeu_200_25_1,λ = 2,11,True,0.4572517254366786,2000000,1.3962819270018372
1: constant penalty,jeu_200_25_1,λ = 2,12,True,0.5328823474743325,2000000,1.3806862450001063
1: constant penalty,jeu_200_25_1,λ = 2,13,True,0.5416085814489265,2000000,1.3726766500003578
1: constant penalty,jeu_200_25_1,λ = 2,14,True,0.4836065172837151,2000000,1.3830712130002212
1: constant penalty,jeu_200_25_1,λ = 2,15,True,0.5514891826981868,2000000,1.3664839969969762
1: constant penalty,jeu_200_25_1,λ = 2,16,True,0.6512245586746298,2000000,1.390365330997156
1: constant penalty,jeu_200_25_1,λ = 2,17,True,0.6905561995881452,2000000,1.3830971019997378
1: constant penalty,jeu_200_25_1,λ = 2,18,True,0.5546245616094619,2000000,1.3630452360011986
1: constant penalty,jeu_200_25_1,λ = 2,19,True,0.5933888016591584,2000000,1.4062129839985573
1: constant penalty,jeu_200_25_1,λ = 4,0,False,,2000000,1.3751265820028493
1: constant penalty,jeu_200_25_1,λ = 4,1,False,,2000000,1.3802058679975744
1: constant penalty,jeu_200_25_1,λ = 4,2,True,0.5913490933814646,2000000,1.3842553559989028
1: constant penalty,jeu_200_25_1,λ = 4,3,True,0.5686383846684373,1990001,1.3915056699988781
1: constant penalty,jeu_200_25_1,λ = 4,4,True,0.5241805704335236,2000000,1.3769284349982627
1: constant penalty,jeu_200_25_1,λ = 4,5,True,0.5668481371153535,1990001,1.3590474069969787
1: constant penalty,jeu_200_25_1,λ = 4,6,True,0.5542479248291683,2000000,1.3752496969973436
1: constant penalty,jeu_200_25_1,λ = 4,7,True,0.572634647648955,2000000,1.397754690999136
1: constant penalty,jeu_200_25_1,λ = 4,8,True,0.5878028379825965,2000000,1.3805496439999843
1: constant penalty,jeu_200_25_1,λ = 4,9,True,0.5486081558982787,2000000,1.3781905969990476
1: constant penalty,jeu_200_25_1,λ = 4,10,True,0.5773792928033027,2000000,1.3900159829972836
1: constant penalty,jeu_200_25_1,λ = 4,11,True,0.4572517254366786,2000000,1.3983242489994154
1: constant penalty,jeu_200_25_1,λ = 4,12,False,,2000000,1.3626410739998391
1: constant penalty,jeu_200_25_1,λ = 4,13,True,0.6250752050713898,2000000,1.3914911030005896
1: constant penalty,jeu_200_25_1,λ = 4,14,True,0.5690492611560304,2000000,1.3753878809984599
1: constant penalty,jeu_200_25_1,λ = 4,15,True,0.681991381376534,2000000,1.3559174349975365
1: constant penalty,jeu_200_25_1,λ = 4,16,True,0.5233001208172529,2000000,1.3614256709988695
1: constant penalty,jeu_200_25_1,λ = 4,17,True,0.5052704692307316,2000000,1.3709345220013347
1: constant penalty,jeu_200_25_1,λ = 4,18,True,0.5715291942418596,2000000,1.3566632610018132
1: constant penalty,jeu_200_25_1,λ = 4,19,True,0.7608796669943896,2000000,1.411406317998626
1: constant penalty,jeu_300_50_1,baseline,0,True,0.401603883290902,2000000,2.0734080180009187
1: constant penalty,jeu_300_50_1,baseline,1,True,0.39917487859846235,2000000,2.0543173890000617
1: constant penalty,jeu_300_50_1,baseline,2,True,0.4915101708484375,2000000,2.096080584000447
1: constant penalty,jeu_300_50_1,baseline,3,True,0.5007450635884989,2000000,2.091681346999394
1: constant penalty,jeu_300_50_1,baseline,4,True,0.4685524729293563,2000000,2.0730549939980847
1: constant penalty,jeu_300_50_1,baseline,5,True,0.42800543068571173,2000000,2.063840466002148
1: constant penalty,jeu_300_50_1,baseline,6,True,0.4103109009133603,2000000,2.093822647999332
1: constant penalty,jeu_300_50_1,baseline,7,True,0.4599564843906743,2000000,2.0938425569984247
1: constant penalty,jeu_300_50_1,baseline,8,True,0.4573463269825996,2000000,2.0896332930024073
1: constant penalty,jeu_300_50_1,baseline,9,True,0.48780335775323885,2000000,2.0953001720008615
1: constant penalty,jeu_300_50_1,baseline,10,False,,2000000,2.0884844480024185
1: constant penalty,jeu_300_50_1,baseline,11,True,0.43749939128791787,2000000,2.0947319059996516
1: constant penalty,jeu_300_50_1,baseline,12,False,,2000000,2.051328757999727
1: constant penalty,jeu_300_50_1,baseline,13,True,0.4708217515714511,2000000,2.0819189719986753
1: constant penalty,jeu_300_50_1,baseline,14,True,0.42764312525444165,2000000,2.08778734599764
1: constant penalty,jeu_300_50_1,baseline,15,False,,2000000,2.084401826999965
1: constant penalty,jeu_300_50_1,baseline,16,False,,2000000,2.0793132229991897
1: constant penalty,jeu_300_50_1,baseline,17,True,0.40276676685255924,2000000,2.0872915780018957
1: constant penalty,jeu_300_50_1,baseline,18,True,0.42379411701686276,2000000,2.0459870000013325
1: constant penalty,jeu_300_50_1,baseline,19,True,0.41855627129274864,2000000,2.082529228002386
1: constant penalty,jeu_300_50_1,λ = 0.25,0,False,,2000000,2.0632644859979337
1: constant penalty,jeu_300_50_1,λ = 0.25,1,False,,2000000,2.0918102739997266
1: constant penalty,jeu_300_50_1,λ = 0.25,2,False,,2000000,2.0606391490000533
1: constant penalty,jeu_300_50_1,λ = 0.25,3,False,,2000000,2.080371504998766
1: constant penalty,jeu_300_50_1,λ = 0.25,4,True,0.5028624076948999,2000000,2.0469868709988077
1: constant penalty,jeu_300_50_1,λ = 0.25,5,True,0.4706250158265141,2000000,2.1082780020005885
1: constant penalty,jeu_300_50_1,λ = 0.25,6,True,0.4719554169531672,2000000,2.087803475998953
1: constant penalty,jeu_300_50_1,λ = 0.25,7,False,,2000000,2.0460569150018273
1: constant penalty,jeu_300_50_1,λ = 0.25,8,False,,2000000,2.0689036110015877
1: constant penalty,jeu_300_50_1,λ = 0.25,9,False,,2000000,2.10608375800075
1: constant penalty,jeu_300_50_1,λ = 0.25,10,True,0.4780659123181899,2000000,2.0640805650000402
1: constant penalty,jeu_300_50_1,λ = 0.25,11,False,,2000000,2.0773661020029976
1: constant penalty,jeu_300_50_1,λ = 0.25,12,False,,2000000,2.0638186239993956
1: constant penalty,jeu_300_50_1,λ = 0.25,13,False,,2000000,2.032377064002503
1: constant penalty,jeu_300_50_1,λ = 0.25,14,False,,2000000,2.0964896240002417
1: constant penalty,jeu_300_50_1,λ = 0.25,15,True,0.5425854972642045,2000000,2.0967599610012257
1: constant penalty,jeu_300_50_1,λ = 0.25,16,False,,2000000,2.110274565002328
1: constant penalty,jeu_300_50_1,λ = 0.25,17,False,,2000000,2.0949264880000555
1: constant penalty,jeu_300_50_1,λ = 0.25,18,False,,2000000,2.07200366500183
1: constant penalty,jeu_300_50_1,λ = 0.25,19,False,,2000000,2.0653702700001304
1: constant penalty,jeu_300_50_1,λ = 0.5,0,True,0.4519175891495367,2000000,2.0771947850007564
1: constant penalty,jeu_300_50_1,λ = 0.5,1,False,,2000000,2.080327321000368
1: constant penalty,jeu_300_50_1,λ = 0.5,2,True,0.5554044867437118,2000000,2.071823251000751
1: constant penalty,jeu_300_50_1,λ = 0.5,3,True,0.4327017661415835,2000000,2.094432683999912
1: constant penalty,jeu_300_50_1,λ = 0.5,4,True,0.4829472962470222,2000000,2.065834277000249
1: constant penalty,jeu_300_50_1,λ = 0.5,5,False,,2000000,2.0543341010015865
1: constant penalty,jeu_300_50_1,λ = 0.5,6,False,,2000000,2.0924867059984535
1: constant penalty,jeu_300_50_1,λ = 0.5,7,False,,2000000,2.0647901310003363
1: constant penalty,jeu_300_50_1,λ = 0.5,8,False,,2000000,2.0965769210015424
1: constant penalty,jeu_300_50_1,λ = 0.5,9,True,0.4665617409360336,2000000,2.04618726300032
1: constant penalty,jeu_300_50_1,λ = 0.5,10,False,,2000000,2.020911554001941
1: constant penalty,jeu_300_50_1,λ = 0.5,11,True,0.48339725621811563,2000000,2.0630537120014196
1: constant penalty,jeu_300_50_1,λ = 0.5,12,False,,2000000,2.0277422870021837
1: constant penalty,jeu_300_50_1,λ = 0.5,13,True,0.4760790760821927,2000000,2.0630494950019056
1: constant penalty,jeu_300_50_1,λ = 0.5,14,True,0.4660241264251167,2000000,2.0740234540025995
1: constant penalty,jeu_300_50_1,λ = 0.5,15,False,,2000000,2.0748714250003104
1: constant penalty,jeu_300_50_1,λ = 0.5,16,False,,2000000,2.0609597410002607
1: constant penalty,jeu_300_50_1,λ = 0.5,17,False,,2000000,2.0955008860000817
1: constant penalty,jeu_300_50_1,λ = 0.5,18,False,,2000000,2.072680108001805
1: constant penalty,jeu_300_50_1,λ = 0.5,19,True,0.4256621326544327,2000000,2.1046610189987405
1: constant penalty,jeu_300_50_1,λ = 2,0,True,0.4351288229553605,2000000,2.0634927519968187
1: constant penalty,jeu_300_50_1,λ = 2,1,True,0.34389018639250923,2000000,2.064855446002184
1: constant penalty,jeu_300_50_1,λ = 2,2,True,0.5554044867437118,2000000,2.0852700150026067
1: constant penalty,jeu_300_50_1,λ = 2,3,True,0.38887060047255534,2000000,2.082689794999169
1: constant penalty,jeu_300_50_1,λ = 2,4,True,0.4632951484186147,2000000,2.0526134229985473
1: constant penalty,jeu_300_50_1,λ = 2,5,False,,2000000,2.0935971879989665
1: constant penalty,jeu_300_50_1,λ = 2,6,True,0.4661643736888342,2000000,2.087159355996846
1: constant penalty,jeu_300_50_1,λ = 2,7,True,0.354120445129232,2000000,2.0874038229994767
1: constant penalty,jeu_300_50_1,λ = 2,8,True,0.43231998192368604,2000000,2.087114328998723
1: constant penalty,jeu_300_50_1,λ = 2,9,False,,2000000,2.0630118129993207
1: constant penalty,jeu_300_50_1,λ = 2,10,True,0.4277853203968218,2000000,2.0544824749995314
1: constant penalty,jeu_300_50_1,λ = 2,11,True,0.39728933205292777,2000000,2.0763608810011647
1: constant penalty,jeu_300_50_1,λ = 2,12,False,,2000000,2.0465236860000005
1: constant penalty,jeu_300_50_1,λ = 2,13,True,0.45648926037099297,2000000,2.0494219950014667
1: constant penalty,jeu_300_50_1,λ = 2,14,True,0.44029849292627865,2000000,2.054807475000416
1: constant penalty,jeu_300_50_1,λ = 2,15,True,0.3800856677035874,2000000,2.077419042998372
1: constant penalty,jeu_300_50_1,λ = 2,16,True,0.4014051996673023,2000000,2.0454315090028103
1: constant penalty,jeu_300_50_1,λ = 2,17,True,0.42071841660839265,2000000,2.0855644990006112
1: constant penalty,jeu_300_50_1,λ = 2,18,False,,2000000,2.0301794949991745
1: constant penalty,jeu_300_50_1,λ = 2,19,True,0.37157733370472884,2000000,2.089179395999963
1: constant penalty,jeu_300_50_1,λ = 4,0,False,,2000000,2.0852517709972744
1: constant penalty,jeu_300_50_1,λ = 4,1,True,0.4069352271908278,2000000,2.0357671519996074
1: constant penalty,jeu_300_50_1,λ = 4,2,True,0.4040134091967143,2000000,2.0493957649996446
1: constant penalty,jeu_300_50_1,λ = 4,3,True,0.4137177406944967,2000000,2.0654816520000168
1: constant penalty,jeu_300_50_1,λ = 4,4,True,0.4632951484186147,2000000,2.061544429001515
1: constant penalty,jeu_300_50_1,λ = 4,5,True,0.387951201743741,2000000,2.0309702359991206
1: constant penalty,jeu_300_50_1,λ = 4,6,True,0.3778631381493984,2000000,2.045391853000183
1: constant penalty,jeu_300_50_1,λ = 4,7,True,0.3758899370640404,2000000,1.9058898330004013
1: constant penalty,jeu_300_50_1,λ = 4,8,True,0.359586192656887,2000000,1.857722771997942
1: constant penalty,jeu_300_50_1,λ = 4,9,True,0.40814680771905354,2000000,1.7907470600002853
1: constant penalty,jeu_300_50_1,λ = 4,10,True,0.3319535859472242,1990001,1.785965192000731
1: constant penalty,jeu_300_50_1,λ = 4,11,True,0.36903729992851286,2000000,1.8006564250026713
1: constant penalty,jeu_300_50_1,λ = 4,12,True,0.36440719234717434,2000000,1.5005313050023688
1: constant penalty,jeu_300_50_1,λ = 4,13,True,0.45648926037099297,2000000,1.50753664000149
1: constant penalty,jeu_300_50_1,λ = 4,14,True,0.427814538576763,2000000,1.4750496019987622
1: constant penalty,jeu_300_50_1,λ = 4,15,True,0.47906127831485124,2000000,1.48979085999963
1: constant penalty,jeu_300_50_1,λ = 4,16,True,0.3990073610334665,2000000,1.187596104999102
1: constant penalty,jeu_300_50_1,λ = 4,17,True,0.38231793665109015,2000000,1.1296182859987312
1: constant penalty,jeu_300_50_1,λ = 4,18,True,0.35233618827416,2000000,1.0855048010016617
1: constant penalty,jeu_300_50_1,λ = 4,19,True,0.41286067408289,2000000,1.1258705349973752
2: penalty schedules,burma14,baseline,0,True,0.1357207342762564,346389,0.3822665429979679
2: penalty schedules,burma14,baseline,1,True,0.19861570869696057,331918,0.37815700999999535
2: penalty schedules,burma14,baseline,2,True,0.09359012940114354,332836,0.3508208339990233
2: penalty schedules,burma14,baseline,3,True,0.15979536563346375,365344,0.39743602000089595
2: penalty schedules,burma14,baseline,4,True,0.06680710201625037,338660,0.3512621170011698
2: penalty schedules,burma14,baseline,5,True,0.095094793860969,354255,0.40019441099866526
2: penalty schedules,burma14,baseline,6,True,0.019560637977730964,359167,0.39022674299849314
2: penalty schedules,burma14,baseline,7,True,0.08847427023773699,348951,0.38762935000340804
2: penalty schedules,burma14,baseline,8,True,0.10833584110743304,330386,0.38554695100174285
2: penalty schedules,burma14,baseline,9,True,0.1134517002708396,345831,0.4016865419980604
2: penalty schedules,burma14,baseline,10,True,0.10863677399939814,330406,0.3671564700016461
2: penalty schedules,burma14,baseline,11,True,0.18296719831477581,340516,0.3772372819985321
2: penalty schedules,burma14,baseline,12,True,0.08576587421005116,328162,0.388642867001181
2: penalty schedules,burma14,baseline,13,True,0.1679205537165212,375812,0.4024127189986757
2: penalty schedules,burma14,baseline,14,True,0.06861269936804093,328792,0.3860324490015046
2: penalty schedules,burma14,baseline,15,True,0.13090580800481494,327479,0.38079597300020396
2: penalty schedules,burma14,baseline,16,True,0.08997893469756245,361858,0.3954480819993478
2: penalty schedules,burma14,baseline,17,True,0.18417092988263617,335405,0.3713438109989511
2: penalty schedules,burma14,baseline,18,True,0.04664459825458923,353559,0.3969323079982132
2: penalty schedules,burma14,baseline,19,True,0.10382184772795666,315424,0.3819865570003458
2: penalty schedules,burma14,linear ramp,0,True,0.14805898284682517,894082,0.5869080070006021
2: penalty schedules,burma14,linear ramp,1,True,0.1688233523924165,932809,0.6444348329969216
2: penalty schedules,burma14,linear ramp,2,True,0.09599759253686428,842303,0.5653217979997862
2: penalty schedules,burma14,linear ramp,3,True,0.06379777309659945,899779,0.5950536720010859
2: penalty schedules,burma14,linear ramp,4,True,0.02708396027685826,895887,0.583559768001578
2: penalty schedules,burma14,linear ramp,5,True,0.07583508877520313,832433,0.5659420929987391
2: penalty schedules,burma14,linear ramp,6,True,0.05266325609389106,840794,0.5767145079989859
2: penalty schedules,burma14,linear ramp,7,True,0.12157688835389709,918022,0.6193226469986257
2: penalty schedules,burma14,linear ramp,8,True,0.07282575985555222,883753,0.5842505789987626
2: penalty schedules,burma14,linear ramp,9,True,0.16220282876918446,810524,0.5268411760007439
2: penalty schedules,burma14,linear ramp,10,True,0.06379777309659945,933188,0.6016648250006256
2: penalty schedules,burma14,linear ramp,11,True,0.003912127595546194,821709,0.5552272880013334
2: penalty schedules,burma14,linear ramp,12,True,0.044538068010833584,915099,0.6650028860021848
2: penalty schedules,burma14,linear ramp,13,True,0.07643695455913331,870995,0.604479954999988
2: penalty schedules,burma14,linear ramp,14,True,0.08696960577791153,906761,0.6295207240000309
2: penalty schedules,burma14,linear ramp,15,True,0.2816731868793259,907142,0.6605312510000658
2: penalty schedules,burma14,linear ramp,16,True,0.16190189587721937,935144,0.6721446629999264
2: penalty schedules,burma14,linear ramp,17,True,0.024375564249172435,866876,0.6089004510031373
2: penalty schedules,burma14,linear ramp,18,True,0.0878724044538068,864582,0.5842146299983142
2: penalty schedules,burma14,linear ramp,19,True,0.16521215768883538,878576,0.6263687610007764
2: penalty schedules,burma14,geometric ramp,0,True,0.091784532049353,1037125,0.7448084249990643
2: penalty schedules,burma14,geometric ramp,1,True,0.28046945531146555,1115490,0.776147658998525
2: penalty schedules,burma14,geometric ramp,2,True,0.06831176647607584,981761,0.713512140999228
2: penalty schedules,burma14,geometric ramp,3,True,0.010833584110743304,1045909,0.7363741469998786
2: penalty schedules,burma14,geometric ramp,4,True,0.11886849232621126,1079283,0.756816388999141
2: penalty schedules,burma14,geometric ramp,5,True,0.1649112247968703,1054039,0.7293525200002478
2: penalty schedules,burma14,geometric ramp,6,True,0.17393921155582306,1054415,0.7478151089999301
2: penalty schedules,burma14,geometric ramp,7,True,0.04604273247065904,1082718,0.693854797998938
2: penalty schedules,burma14,geometric ramp,8,True,0.09990972013241048,1061704,0.7384752219986694
2: penalty schedules,burma14,geometric ramp,9,True,0.08727053866987662,1076565,0.7616738510005234
2: penalty schedules,burma14,geometric ramp,10,True,0.04483900090279867,1059963,0.7458981870004209
2: penalty schedules,burma14,geometric ramp,11,True,0.1643093590129401,1065429,0.7402727959997719
2: penalty schedules,burma14,geometric ramp,12,True,0.024074631357207343,1009426,0.6976385480011231
2: penalty schedules,burma14,geometric ramp,13,True,0.08155281372253988,1075341,0.7663359700018191
2: penalty schedules,burma14,geometric ramp,14,True,0.13120674089678003,1130086,0.787215758999082
2: penalty schedules,burma14,geometric ramp,15,True,0.18386999699067108,1067380,0.7454652289998194
2: penalty schedules,burma14,geometric ramp,16,True,0.1318086066807102,1074156,0.7389913590013748
2: penalty schedules,burma14,geometric ramp,17,True,0.05266325609389106,1046984,0.7309038849998615
2: penalty schedules,burma14,geometric ramp,18,True,0.19229611796569365,1050766,0.755321702999936
2: penalty schedules,burma14,geometric ramp,19,True,0.11194703581101415,1065079,0.7757459009990271
2: penalty schedules,burma14,cyclic ramp (3x),0,True,0.12398435148961781,1025258,0.7021886530019401
2: penalty schedules,burma14,cyclic ramp (3x),1,True,0.17333734577189286,1158310,0.7793118159970618
2: penalty schedules,burma14,cyclic ramp (3x),2,True,0.1904905206139031,1065349,0.7414666779986874
2: penalty schedules,burma14,cyclic ramp (3x),3,True,0.24706590430334036,1147133,0.7666563730017515
2: penalty schedules,burma14,cyclic ramp (3x),4,True,0.09419199518507373,1145950,0.7677331900013087
2: penalty schedules,burma14,cyclic ramp (3x),5,True,0.16190189587721937,1081472,0.743784547001269
2: penalty schedules,burma14,cyclic ramp (3x),6,True,0.1941017153174842,1094690,0.7477583410000079
2: penalty schedules,burma14,cyclic ramp (3x),7,True,0.1420403250075233,1115304,0.7540087449997372
2: penalty schedules,burma14,cyclic ramp (3x),8,True,0.2783629250677099,1126731,0.7709137279998686
2: penalty schedules,burma14,cyclic ramp (3x),9,True,0.09960878724044538,1102742,0.7498916170006851
2: penalty schedules,burma14,cyclic ramp (3x),10,True,0.15167017755040627,1064733,0.7283552139997482
2: penalty schedules,burma14,cyclic ramp (3x),11,True,0.23262112548901595,1053332,0.7251730629977828
2: penalty schedules,burma14,cyclic ramp (3x),12,True,0.1871802588022871,1104584,0.7099773760019161
2: penalty schedules,burma14,cyclic ramp (3x),13,True,0.1796569365031598,1102279,0.7504461469980015
2: penalty schedules,burma14,cyclic ramp (3x),14,True,0.2088474270237737,1073402,0.7343498090012872
2: penalty schedules,burma14,cyclic ramp (3x),15,True,0.046945531146554316,1055983,0.706073135999759
2: penalty schedules,burma14,cyclic ramp (3x),16,True,0.1679205537165212,1133304,0.7476603839968448
2: penalty schedules,burma14,cyclic ramp (3x),17,True,0.09659945832079446,1048154,0.6864485760015668
2: penalty schedules,burma14,cyclic ramp (3x),18,True,0.18507372855853144,1071643,0.7620354230020894
2: penalty schedules,burma14,cyclic ramp (3x),19,True,0.2663256093891062,1084635,0.7381667320005363
2: penalty schedules,burma14,in-run ramp,0,True,0.024074631357207343,400709,0.3962852410004416
2: penalty schedules,burma14,in-run ramp,1,True,0.048450195606379774,397365,0.3785196429998905
2: penalty schedules,burma14,in-run ramp,2,True,0.07733975323502859,399108,0.3649210379990109
2: penalty schedules,burma14,in-run ramp,3,True,0.07493229009930785,367772,0.36732053300147527
2: penalty schedules,burma14,in-run ramp,4,True,0.014444778814324405,402895,0.3879125820021727
2: penalty schedules,burma14,in-run ramp,5,True,0.21095395726752933,427706,0.40974689399808994
2: penalty schedules,burma14,in-run ramp,6,True,0.003912127595546194,404492,0.38801031800176133
2: penalty schedules,burma14,in-run ramp,7,True,0.04664459825458923,357821,0.3690385259978939
2: penalty schedules,burma14,in-run ramp,8,True,0.0911826662654228,416167,0.4102813960016647
2: penalty schedules,burma14,in-run ramp,9,True,0.0845621426421908,406095,0.4021220340000582
2: penalty schedules,burma14,in-run ramp,10,True,0.027986758952753536,378172,0.4107535370021651
2: penalty schedules,burma14,in-run ramp,11,True,0.06379777309659945,381565,0.3639147150024655
2: penalty schedules,burma14,in-run ramp,12,True,0.06379777309659945,403256,0.3946236450028664
2: penalty schedules,burma14,in-run ramp,13,True,0.010833584110743304,397830,0.39226757399956114
2: penalty schedules,burma14,in-run ramp,14,True,0.05236232320192597,399664,0.3895628950012906
2: penalty schedules,burma14,in-run ramp,15,True,0.13632260006018657,425718,0.37465637999775936
2: penalty schedules,burma14,in-run ramp,16,True,0.13361420403250074,379542,0.33908225299819605
2: penalty schedules,burma14,in-run ramp,17,True,0.03761661149563647,392652,0.3457303469986073
2: penalty schedules,burma14,in-run ramp,18,True,0.003912127595546194,411162,0.3488868479980738
2: penalty schedules,burma14,in-run ramp,19,True,0.05657538368943726,413098,0.3649248149995401
2: penalty schedules,burma14,geometric + in-run ramp,0,True,0.10472464640385194,1099400,0.7712056359996495
2: penalty schedules,burma14,geometric + in-run ramp,1,True,0.17303641287992777,1150972,0.809275362000335
2: penalty schedules,burma14,geometric + in-run ramp,2,True,0.03701474571170629,1040065,0.7536022679996677
2: penalty schedules,burma14,geometric + in-run ramp,3,True,0.1685224195004514,1109771,0.7872261789998447
2: penalty schedules,burma14,geometric + in-run ramp,4,True,0.09690039121275955,1091044,0.7482679540007666
2: penalty schedules,burma14,geometric + in-run ramp,5,True,0.21155582305145954,1005107,0.7240073670000129
2: penalty schedules,burma14,geometric + in-run ramp,6,True,0.07643695455913331,1070881,0.7760820139992575
2: penalty schedules,burma14,geometric + in-run ramp,7,True,0.1579897682816732,1171112,0.8301566029986134
2: penalty schedules,burma14,geometric + in-run ramp,8,True,0.0550707192296118,1129794,0.8245697580023261
2: penalty schedules,burma14,geometric + in-run ramp,9,True,0.12729461330123382,1136334,0.8094596850023663
2: penalty schedules,burma14,geometric + in-run ramp,10,True,0.09599759253686428,1056266,0.7805918509984622
2: penalty schedules,burma14,geometric + in-run ramp,11,True,0.12127595546193198,1090349,0.7860320069994486
2: penalty schedules,burma14,geometric + in-run ramp,12,True,0.14444778814324405,1026458,0.7610196220011858
2: penalty schedules,burma14,geometric + in-run ramp,13,True,0.12278061992175744,1086384,0.7924052449998271
2: penalty schedules,burma14,geometric + in-run ramp,14,True,0.07884441769485405,1035365,0.7727693540000473
2: penalty schedules,burma14,geometric + in-run ramp,15,True,0.08877520312970208,1064518,0.73960669400185
2: penalty schedules,burma14,geometric + in-run ramp,16,True,0.0659043033403551,1133497,0.8015916399999696
2: penalty schedules,burma14,geometric + in-run ramp,17,True,0.021366235329521515,1014365,0.7165891210024711
2: penalty schedules,burma14,geometric + in-run ramp,18,True,0.024074631357207343,1058181,0.7632296240008145
2: penalty schedules,burma14,geometric + in-run ramp,19,True,0.09238639783328317,1049609,0.7604426600009901
2: penalty schedules,burma14,adaptive,0,True,0.06801083358411074,1098782,0.7457170800007589
2: penalty schedules,burma14,adaptive,1,True,0.095094793860969,1043578,0.690773509999417
2: penalty schedules,burma14,adaptive,2,True,0.07372855853144748,1191837,0.8117919619980967
2: penalty schedules,burma14,adaptive,3,True,0.22058380981041228,1058020,0.7304226950000157
2: penalty schedules,burma14,adaptive,4,True,0.12007222389407163,1037667,0.7186882919995696
2: penalty schedules,burma14,adaptive,5,True,0.06710803490821547,1100089,0.7528045029976056
2: penalty schedules,burma14,adaptive,6,True,0.11375263316280469,963705,0.6813776359995245
2: penalty schedules,burma14,adaptive,7,True,0.09389106229310863,1024605,0.6866449410008499
2: penalty schedules,burma14,adaptive,8,True,0.08275654529040025,1176676,0.7987979009994888
2: penalty schedules,burma14,adaptive,9,True,0.11194703581101415,1050923,0.7014289819999249
2: penalty schedules,burma14,adaptive,10,True,0.06801083358411074,1116137,0.734934787000384
2: penalty schedules,burma14,adaptive,11,True,0.08004814926271442,1043683,0.7089011800017033
2: penalty schedules,burma14,adaptive,12,True,0.0,1091988,0.7689015719988674
2: penalty schedules,burma14,adaptive,13,True,0.12187782124586218,990706,0.7189602920007019
2: penalty schedules,burma14,adaptive,14,True,0.1101414384592236,1030769,0.7233013760014728
2: penalty schedules,burma14,adaptive,15,True,0.15979536563346375,1104160,0.7661004300025525
2: penalty schedules,burma14,adaptive,16,True,0.003912127595546194,1143318,0.8078702169987082
2: penalty schedules,burma14,adaptive,17,True,0.16280469455311466,951683,0.7258738230011659
2: penalty schedules,burma14,adaptive,18,True,0.19590731266927475,1048965,0.7595110189977277
2: penalty schedules,burma14,adaptive,19,True,0.0990069214565152,946560,0.7450069130027259
2: penalty schedules,burma14,ALM (λ = 1),0,True,0.1357207342762564,346389,0.46233640600257786
2: penalty schedules,burma14,ALM (λ = 1),1,True,0.06108937706891363,473567,0.5302396709994355
2: penalty schedules,burma14,ALM (λ = 1),2,True,0.09359012940114354,332836,0.47035222300110036
2: penalty schedules,burma14,ALM (λ = 1),3,True,0.07914535058681914,471944,0.5279251870015287
2: penalty schedules,burma14,ALM (λ = 1),4,True,0.018958772193800783,401450,0.4890456949979125
2: penalty schedules,burma14,ALM (λ = 1),5,True,0.095094793860969,354255,0.45893819199773134
2: penalty schedules,burma14,ALM (λ = 1),6,True,0.019560637977730964,359167,0.48198424099973636
2: penalty schedules,burma14,ALM (λ = 1),7,True,0.08847427023773699,348951,0.440270822000457
2: penalty schedules,burma14,ALM (λ = 1),8,True,0.10833584110743304,330386,0.48743308300254284
2: penalty schedules,burma14,ALM (λ = 1),9,True,0.1134517002708396,345831,0.4335661299992353
2: penalty schedules,burma14,ALM (λ = 1),10,True,0.10863677399939814,330406,0.4546542070020223
2: penalty schedules,burma14,ALM (λ = 1),11,True,0.18296719831477581,340516,0.48789054700318957
2: penalty schedules,burma14,ALM (λ = 1),12,True,0.08576587421005116,328162,0.46525917100007064
2: penalty schedules,burma14,ALM (λ = 1),13,True,0.1679205537165212,375812,0.4619194000006246
2: penalty schedules,burma14,ALM (λ = 1),14,True,0.06861269936804093,328792,0.47464155000125174
2: penalty schedules,burma14,ALM (λ = 1),15,True,0.13090580800481494,327479,0.46940940100103035
2: penalty schedules,burma14,ALM (λ = 1),16,True,0.08997893469756245,361858,0.46862810799939325
2: penalty schedules,burma14,ALM (λ = 1),17,True,0.18417092988263617,335405,0.45880759300052887
2: penalty schedules,burma14,ALM (λ = 1),18,True,0.04664459825458923,353559,0.4419076390004193
2: penalty schedules,burma14,ALM (λ = 1),19,True,0.10382184772795666,315424,0.4413059489997977
2: penalty schedules,burma14,ALM (λ = 0.5),0,True,0.12127595546193198,1393429,0.9442062679991068
2: penalty schedules,burma14,ALM (λ = 0.5),1,True,0.190189587721938,1340130,0.8726615149971622
2: penalty schedules,burma14,ALM (λ = 0.5),2,True,0.27866385795967497,1533441,1.0176848060000339
2: penalty schedules,burma14,ALM (λ = 0.5),3,True,0.006921456515197111,1170125,0.8178622710001946
2: penalty schedules,burma14,ALM (λ = 0.5),4,True,0.15859163406560337,1390744,0.9536901909996232
2: penalty schedules,burma14,ALM (λ = 0.5),5,True,0.32801685224195004,1474060,0.988637911999831
2: penalty schedules,burma14,ALM (λ = 0.5),6,True,0.2572976226301535,1469755,0.9843569609984115
2: penalty schedules,burma14,ALM (λ = 0.5),7,True,0.21426421907914536,1435048,0.9242442229988228
2: penalty schedules,burma14,ALM (λ = 0.5),8,True,0.20222690340054167,1384236,0.9671606400006567
2: penalty schedules,burma14,ALM (λ = 0.5),9,True,0.157387902497743,1322236,0.9163609290008026
2: penalty schedules,burma14,ALM (λ = 0.5),10,True,0.2088474270237737,1488243,0.9750202689974685
2: penalty schedules,burma14,ALM (λ = 0.5),11,True,0.3331327114053566,1534742,1.0291529309979524
2: penalty schedules,burma14,ALM (λ = 0.5),12,True,0.22539873608185373,1415641,0.9264158529986162
2: penalty schedules,burma14,ALM (λ = 0.5),13,True,0.1904905206139031,1445720,1.0145632710009522
2: penalty schedules,burma14,ALM (λ = 0.5),14,True,0.30935901294011436,1451547,0.9830085249996046
2: penalty schedules,burma14,ALM (λ = 0.5),15,True,0.16190189587721937,1387108,0.9502729300002102
2: penalty schedules,burma14,ALM (λ = 0.5),16,True,0.2548901594944327,1349687,0.9313866910015349
2: penalty schedules,burma14,ALM (λ = 0.5),17,True,0.13150767378874512,1437187,0.9371768159981002
2: penalty schedules,burma14,ALM (λ = 0.5),18,True,0.2840806500150466,1377577,0.951818714998808
2: penalty schedules,burma14,ALM (λ = 0.5),19,True,0.2016250376166115,1406294,0.9567592160019558
2: penalty schedules,ulysses16,baseline,0,True,0.10409680711473976,612930,0.5960762360009539
2: penalty schedules,ulysses16,baseline,1,True,0.06006706516984983,549622,0.5430634349977481
2: penalty schedules,ulysses16,baseline,2,True,0.06619040676483452,588881,0.5739425409992691
2: penalty schedules,ulysses16,baseline,3,True,0.13908733051465227,519561,0.5283827530001872
2: penalty schedules,ulysses16,baseline,4,True,0.1363172474121592,562510,0.5616350529999181
2: penalty schedules,ulysses16,baseline,5,True,0.29654468581425864,543256,0.5424950790002185
2: penalty schedules,ulysses16,baseline,6,True,0.17218253389706956,533152,0.527480447999551
2: penalty schedules,ulysses16,baseline,7,True,0.1112407056422219,564449,0.5661476060013229
2: penalty schedules,ulysses16,baseline,8,True,0.11255285026971862,557264,0.5861314319990925
2: penalty schedules,ulysses16,baseline,9,True,0.07406327452981484,527458,0.5508325409973622
2: penalty schedules,ulysses16,baseline,10,True,0.23706079603440736,546762,0.5739318409978296
2: penalty schedules,ulysses16,baseline,11,True,0.062399766729844,509172,0.5245860680006444
2: penalty schedules,ulysses16,baseline,12,True,0.04986149584487535,524683,0.5199776510016818
2: penalty schedules,ulysses16,baseline,13,True,0.09709870243475725,513012,0.5301914789997682
2: penalty schedules,ulysses16,baseline,14,True,0.16183117072459544,543979,0.5244155010004761
2: penalty schedules,ulysses16,baseline,15,True,0.2688438547893279,560447,0.5493418620026205
2: penalty schedules,ulysses16,baseline,16,True,0.11838460416970403,516520,0.511449244000687
2: penalty schedules,ulysses16,baseline,17,True,0.11896777955970259,542413,0.5084975649988337
2: penalty schedules,ulysses16,baseline,18,True,0.17334888467706663,552452,0.5056196849982371
2: penalty schedules,ulysses16,baseline,19,True,0.09287068085726782,536912,0.5214636700002302
2: penalty schedules,ulysses16,linear ramp,0,True,0.10978276716722554,1030852,0.9300759170000674
2: penalty schedules,ulysses16,linear ramp,1,True,0.10788744714973028,1029995,0.9261333829999785
2: penalty schedules,ulysses16,linear ramp,2,True,0.047237206589881904,1013738,0.8966459059993213
2: penalty schedules,ulysses16,linear ramp,3,True,0.09505758856976236,998957,0.8946559340001841
2: penalty schedules,ulysses16,linear ramp,4,True,0.1756815862370608,1016187,0.9242691309991642
2: penalty schedules,ulysses16,linear ramp,5,True,0.2405598483743986,1009442,0.9248844060020929
2: penalty schedules,ulysses16,linear ramp,6,True,0.09666132089225835,947487,0.8594796260003932
2: penalty schedules,ulysses16,linear ramp,7,True,0.07770812071730573,1051087,0.9428536430023087
2: penalty schedules,ulysses16,linear ramp,8,True,0.13967050590465083,1016129,0.9343508249985462
2: penalty schedules,ulysses16,linear ramp,9,True,0.1514798075521213,1036941,0.9103718049991585
2: penalty schedules,ulysses16,linear ramp,10,True,0.1071584779122321,1082765,0.9543869120025192
2: penalty schedules,ulysses16,linear ramp,11,True,0.19857122029450358,1075048,0.9323685269991984
2: penalty schedules,ulysses16,linear ramp,12,True,0.124799533459688,1014261,0.9164521829989098
2: penalty schedules,ulysses16,linear ramp,13,True,0.16562181075958596,1007977,0.9212322980019962
2: penalty schedules,ulysses16,linear ramp,14,True,0.10497157019973757,1076559,0.9651678330010327
2: penalty schedules,ulysses16,linear ramp,15,True,0.09345385624726636,1034521,0.9260087149996252
2: penalty schedules,ulysses16,linear ramp,16,True,0.12290421344219274,1027325,0.9167090240007383
2: penalty schedules,ulysses16,linear ramp,17,True,0.15745735529960636,1111686,0.9801107480016071
2: penalty schedules,ulysses16,linear ramp,18,True,0.09301647470476745,991692,0.890677280996897
2: penalty schedules,ulysses16,linear ramp,19,True,0.16358069689459104,1041629,0.946915615000762
2: penalty schedules,ulysses16,geometric ramp,0,True,0.11488555182971279,1241302,1.114688527999533
2: penalty schedules,ulysses16,geometric ramp,1,True,0.1062837148272343,1174199,1.0452491079995525
2: penalty schedules,ulysses16,geometric ramp,2,True,0.18005540166204986,1263339,1.105481824997696
2: penalty schedules,ulysses16,geometric ramp,3,True,0.12450794576468872,1203871,1.0787702029992943
2: penalty schedules,ulysses16,geometric ramp,4,True,0.20658988190698352,1242059,1.0977293409996491
2: penalty schedules,ulysses16,geometric ramp,5,True,0.16401807843708996,1204447,1.0581887340013054
2: penalty schedules,ulysses16,geometric ramp,6,True,0.17961802011955094,1241046,1.0930920700011484
2: penalty schedules,ulysses16,geometric ramp,7,True,0.04198862807989503,1235786,1.0776610729990352
2: penalty schedules,ulysses16,geometric ramp,8,True,0.17480682315206297,1251919,1.1245511140004965
2: penalty schedules,ulysses16,geometric ramp,9,True,0.15862370607960344,1203048,1.0642065229985747
2: penalty schedules,ulysses16,geometric ramp,10,True,0.03309520338241726,1225441,1.0746546580012364
2: penalty schedules,ulysses16,geometric ramp,11,True,0.09680711473975798,1226861,0.9660027489990171
2: penalty schedules,ulysses16,geometric ramp,12,True,0.10030616707974924,1163793,1.064459336001164
2: penalty schedules,ulysses16,geometric ramp,13,True,0.15833211838460418,1231407,1.0889631399986683
2: penalty schedules,ulysses16,geometric ramp,14,True,0.14681440443213298,1282319,1.0915448529995047
2: penalty schedules,ulysses16,geometric ramp,15,True,0.11138649948972153,1216074,1.0957401400009985
2: penalty schedules,ulysses16,geometric ramp,16,True,0.21067210963697333,1241178,1.1147473599994555
2: penalty schedules,ulysses16,geometric ramp,17,True,0.16970403848957574,1248850,1.1221338649993413
2: penalty schedules,ulysses16,geometric ramp,18,True,0.13806677358215483,1246600,1.1367304170016723
2: penalty schedules,ulysses16,geometric ramp,19,True,0.032366234144919084,1196934,1.079531498002325
2: penalty schedules,ulysses16,cyclic ramp (3x),0,True,0.1571657676046071,1222616,1.085588079997251
2: penalty schedules,ulysses16,cyclic ramp (3x),1,True,0.1686834815570783,1257749,1.1098290820009424
2: penalty schedules,ulysses16,cyclic ramp (3x),2,True,0.1765563493220586,1224809,1.0779472599970177
2: penalty schedules,ulysses16,cyclic ramp (3x),3,True,0.1928852602420178,1286142,1.0879242150003847
2: penalty schedules,ulysses16,cyclic ramp (3x),4,True,0.1440443213296399,1272018,1.1542426410014741
2: penalty schedules,ulysses16,cyclic ramp (3x),5,True,0.21562910045196093,1213286,1.077718101998471
2: penalty schedules,ulysses16,cyclic ramp (3x),6,True,0.3379501385041551,1316119,1.1640642079983081
2: penalty schedules,ulysses16,cyclic ramp (3x),7,True,0.2265636390144336,1288843,1.1099935569982335
2: penalty schedules,ulysses16,cyclic ramp (3x),8,True,0.07537541915731157,1252773,1.121402107000904
2: penalty schedules,ulysses16,cyclic ramp (3x),9,True,0.22466831899693832,1258414,1.1145679669971287
2: penalty schedules,ulysses16,cyclic ramp (3x),10,True,0.2780288671818049,1233811,1.1045033050031634
2: penalty schedules,ulysses16,cyclic ramp (3x),11,True,0.14025368129464938,1242646,1.1253064979973715
2: penalty schedules,ulysses16,cyclic ramp (3x),12,True,0.310395101326724,1285822,1.119227471001068
2: penalty schedules,ulysses16,cyclic ramp (3x),13,True,0.22189823589444527,1199850,1.0575155680016906
2: penalty schedules,ulysses16,cyclic ramp (3x),14,True,0.16882927540457793,1245312,1.1039765890018316
2: penalty schedules,ulysses16,cyclic ramp (3x),15,True,0.1444817028721388,1236695,1.0825739110005088
2: penalty schedules,ulysses16,cyclic ramp (3x),16,True,0.11299023181221753,1249193,1.0741956109995954
2: penalty schedules,ulysses16,cyclic ramp (3x),17,True,0.15322933372211692,1277198,1.1053691989982326
2: penalty schedules,ulysses16,cyclic ramp (3x),18,True,0.21460854351946348,1290026,1.1441604149986233
2: penalty schedules,ulysses16,cyclic ramp (3x),19,True,0.0849978130922875,1239346,1.081012656999519
2: penalty schedules,ulysses16,in-run ramp,0,True,0.16197696457209507,716504,0.664081585000531
2: penalty schedules,ulysses16,in-run ramp,1,True,0.06312873596734218,641245,0.6273082560001058
2: penalty schedules,ulysses16,in-run ramp,2,True,0.14229479515964427,678814,0.6468005329988955
2: penalty schedules,ulysses16,in-run ramp,3,True,0.11503134567721242,678813,0.6446916929999134
2: penalty schedules,ulysses16,in-run ramp,4,True,0.1440443213296399,637540,0.6177724949993717
2: penalty schedules,ulysses16,in-run ramp,5,True,0.013121446274967197,655540,0.6264261910000641
2: penalty schedules,ulysses16,in-run ramp,6,True,0.3181221752442047,609699,0.5930028830007359
2: penalty schedules,ulysses16,in-run ramp,7,True,0.08689313310978276,663313,0.6376628030011489
2: penalty schedules,ulysses16,in-run ramp,8,True,0.10001457938474996,654477,0.6203807290003169
2: penalty schedules,ulysses16,in-run ramp,9,True,0.0845604315497886,713921,0.6664409240001987
2: penalty schedules,ulysses16,in-run ramp,10,True,0.03717743111240706,665150,0.6319805549974262
2: penalty schedules,ulysses16,in-run ramp,11,True,0.07756232686980609,674041,0.6310925979996682
2: penalty schedules,ulysses16,in-run ramp,12,True,0.07391748068231521,624616,0.5984113880003861
2: penalty schedules,ulysses16,in-run ramp,13,True,0.06429508674733926,609242,0.5963880020026409
2: penalty schedules,ulysses16,in-run ramp,14,True,0.12261262574719346,643270,0.6264964250003686
2: penalty schedules,ulysses16,in-run ramp,15,True,0.2122758419594693,648660,0.6091839230030018
2: penalty schedules,ulysses16,in-run ramp,16,True,0.022306458667444233,618028,0.5838874239998404
2: penalty schedules,ulysses16,in-run ramp,17,True,0.06065024055984838,649129,0.6215643600007752
2: penalty schedules,ulysses16,in-run ramp,18,True,0.13456772124216357,593367,0.5956099249997351
2: penalty schedules,ulysses16,in-run ramp,19,True,0.09301647470476745,667816,0.6395102830028918
2: penalty schedules,ulysses16,geometric + in-run ramp,0,True,0.20629829421198426,1227897,1.063907312000083
2: penalty schedules,ulysses16,geometric + in-run ramp,1,True,0.11750984108470623,1193054,1.0406712100011646
2: penalty schedules,ulysses16,geometric + in-run ramp,2,True,0.05613063128735967,1268888,1.132090139999491
2: penalty schedules,ulysses16,geometric + in-run ramp,3,True,0.0443213296398892,1244496,1.0257348990016908
2: penalty schedules,ulysses16,geometric + in-run ramp,4,True,0.06735675754483161,1239432,1.063288219000242
2: penalty schedules,ulysses16,geometric + in-run ramp,5,True,0.05102784662487243,1258852,1.1051759900001343
2: penalty schedules,ulysses16,geometric + in-run ramp,6,True,0.22160664819944598,1304714,1.12985183300043
2: penalty schedules,ulysses16,geometric + in-run ramp,7,True,0.034553141857413615,1217659,1.1004615219972038
2: penalty schedules,ulysses16,geometric + in-run ramp,8,True,0.11882198571220294,1238444,1.112819677000516
2: penalty schedules,ulysses16,geometric + in-run ramp,9,True,0.018224230937454438,1212218,1.1038441460004833
2: penalty schedules,ulysses16,geometric + in-run ramp,10,True,0.11226126257471934,1289984,1.1549992070031294
2: penalty schedules,ulysses16,geometric + in-run ramp,11,True,0.10745006560723137,1302180,1.1654403079992335
2: penalty schedules,ulysses16,geometric + in-run ramp,12,True,0.13821256742965446,1241548,1.1116285600000992
2: penalty schedules,ulysses16,geometric + in-run ramp,13,True,0.16358069689459104,1345152,1.2127667129971087
2: penalty schedules,ulysses16,geometric + in-run ramp,14,True,0.22364776206444087,1231461,1.1108043550011644
2: penalty schedules,ulysses16,geometric + in-run ramp,15,True,0.06079603440734801,1235041,1.1081421190028777
2: penalty schedules,ulysses16,geometric + in-run ramp,16,True,0.14666861058463332,1309324,1.1902184460013814
2: penalty schedules,ulysses16,geometric + in-run ramp,17,True,0.07902026534480244,1311106,1.181982849000633
2: penalty schedules,ulysses16,geometric + in-run ramp,18,True,0.11955095494970112,1259585,1.1300297130001127
2: penalty schedules,ulysses16,geometric + in-run ramp,19,True,0.12188365650969529,1235692,1.096506262998446
2: penalty schedules,ulysses16,adaptive,0,True,0.16022743840209944,1078573,0.963833572997828
2: penalty schedules,ulysses16,adaptive,1,True,0.16241434611459396,1076497,0.9522158030013088
2: penalty schedules,ulysses16,adaptive,2,True,0.16358069689459104,1035407,0.9238594279995596
2: penalty schedules,ulysses16,adaptive,3,True,0.14214900131214464,1061741,0.9310421330010286
2: penalty schedules,ulysses16,adaptive,4,True,0.21373378043446567,1117285,0.9867127919969789
2: penalty schedules,ulysses16,adaptive,5,True,0.11240705642221899,1164950,1.026425959997141
2: penalty schedules,ulysses16,adaptive,6,True,0.2911503134567721,1041207,0.931832343001588
2: penalty schedules,ulysses16,adaptive,7,True,0.022452252514943868,1119372,0.995616426000197
2: penalty schedules,ulysses16,adaptive,8,True,0.05438110511736405,1051614,0.95094359200084
2: penalty schedules,ulysses16,adaptive,9,True,0.12538270884968655,1139661,1.0096089850012504
2: penalty schedules,ulysses16,adaptive,10,True,0.272780288671818,977887,0.8574247689975891
2: penalty schedules,ulysses16,adaptive,11,True,0.11765563493220586,1147858,1.0272679180015984
2: penalty schedules,ulysses16,adaptive,12,True,0.1207173057296982,1153320,0.9931079130001308
2: penalty schedules,ulysses16,adaptive,13,True,0.16139378918209651,1073776,0.96034435600086
2: penalty schedules,ulysses16,adaptive,14,True,0.10336783787724158,1046854,0.9717208749971178
2: penalty schedules,ulysses16,adaptive,15,True,0.07697915147980755,1174852,1.0370946260009077
2: penalty schedules,ulysses16,adaptive,16,True,0.19186470330952035,1083992,0.9741394160009804
2: penalty schedules,ulysses16,adaptive,17,True,0.1702872138795743,1093021,1.0051172519997635
2: penalty schedules,ulysses16,adaptive,18,True,0.22802157748942994,1042266,0.9687076469999738
2: penalty schedules,ulysses16,adaptive,19,True,0.10730427175973174,1039005,0.9493531229963992
2: penalty schedules,ulysses16,ALM (λ = 1),0,True,0.10584633328473539,564494,0.640474894997169
2: penalty schedules,ulysses16,ALM (λ = 1),1,True,0.14798075521213006,594964,0.676701229000173
2: penalty schedules,ulysses16,ALM (λ = 1),2,True,0.10526315789473684,481044,0.5711535420014116
2: penalty schedules,ulysses16,ALM (λ = 1),3,True,0.10803324099722991,538986,0.6109441259977757
2: penalty schedules,ulysses16,ALM (λ = 1),4,True,0.10074354862224814,537460,0.6142575990015757
2: penalty schedules,ulysses16,ALM (λ = 1),5,True,0.29654468581425864,543256,0.5669049640018784
2: penalty schedules,ulysses16,ALM (λ = 1),6,True,0.17218253389706956,544549,0.6203283389986609
2: penalty schedules,ulysses16,ALM (λ = 1),7,True,0.08630995771978422,553525,0.6189735490006569
2: penalty schedules,ulysses16,ALM (λ = 1),8,True,0.0533605481848666,493535,0.5741507689999708
2: penalty schedules,ulysses16,ALM (λ = 1),9,True,0.05598483743986004,539131,0.6067817029979778
2: penalty schedules,ulysses16,ALM (λ = 1),10,True,0.060941828254847646,547393,0.6394404499988013
2: penalty schedules,ulysses16,ALM (λ = 1),11,True,0.07945764688730135,504508,0.6289493719996244
2: penalty schedules,ulysses16,ALM (λ = 1),12,True,0.12188365650969529,531112,0.629343163996964
2: penalty schedules,ulysses16,ALM (λ = 1),13,True,0.013413033969966468,561122,0.6366667990005226
2: penalty schedules,ulysses16,ALM (λ = 1),14,True,0.21562910045196093,574219,0.6321938729997783
2: penalty schedules,ulysses16,ALM (λ = 1),15,True,0.2688438547893279,560447,0.629046598001878
2: penalty schedules,ulysses16,ALM (λ = 1),16,True,0.06779413908733052,549694,0.5945386970015534
2: penalty schedules,ulysses16,ALM (λ = 1),17,True,0.22889634057442776,488243,0.5712169220023497
2: penalty schedules,ulysses16,ALM (λ = 1),18,True,0.16766292462458085,603332,0.6539813850031351
2: penalty schedules,ulysses16,ALM (λ = 1),19,True,0.10992856101472517,541719,0.5947933139977977
2: penalty schedules,ulysses16,ALM (λ = 0.5),0,True,0.17845166933955386,1502897,1.3166854379996948
2: penalty schedules,ulysses16,ALM (λ = 0.5),1,True,0.2077562326869806,1492509,1.3048225899983663
2: penalty schedules,ulysses16,ALM (λ = 0.5),2,True,0.35325849249161684,1499060,1.2820044180007244
2: penalty schedules,ulysses16,ALM (λ = 0.5),3,True,0.33401370462166496,1595181,1.3594411490012135
2: penalty schedules,ulysses16,ALM (λ = 0.5),4,True,0.13413033969966467,1585418,1.384181625002384
2: penalty schedules,ulysses16,ALM (λ = 0.5),5,True,0.2516401807843709,1626767,1.424899481000466
2: penalty schedules,ulysses16,ALM (λ = 0.5),6,True,0.39553870826651116,1558673,1.4017795319996367
2: penalty schedules,ulysses16,ALM (λ = 0.5),7,True,0.25557661466686105,1631681,1.4431471809984942
2: penalty schedules,ulysses16,ALM (λ = 0.5),8,True,0.08893424697477767,1437525,1.2688681760009786
2: penalty schedules,ulysses16,ALM (λ = 0.5),9,True,0.17145356465957137,1450005,1.2606936749980377
2: penalty schedules,ulysses16,ALM (λ = 0.5),10,True,0.109199591777227,1467007,1.320326175999071
2: penalty schedules,ulysses16,ALM (λ = 0.5),11,True,0.08645575156728386,1510509,1.3390045170017402
2: penalty schedules,ulysses16,ALM (λ = 0.5),12,True,0.15381250911211547,1515069,1.3434599909996905
2: penalty schedules,ulysses16,ALM (λ = 0.5),13,True,0.29873159352675316,1569594,1.418558123998082
2: penalty schedules,ulysses16,ALM (λ = 0.5),14,True,0.23691500218690772,1539602,1.3701948679990892
2: penalty schedules,ulysses16,ALM (λ = 0.5),15,True,0.3557369878991107,1553062,1.3936425130013959
2: penalty schedules,ulysses16,ALM (λ = 0.5),16,True,0.24114302376439714,1496546,1.3484500660015328
2: penalty schedules,ulysses16,ALM (λ = 0.5),17,True,0.2405598483743986,1540821,1.3591945080006553
2: penalty schedules,ulysses16,ALM (λ = 0.5),18,True,0.3452398308791369,1560381,1.4172912030007865
2: penalty schedules,ulysses16,ALM (λ = 0.5),19,True,0.31972590756670066,1615502,1.4235130019987992
2: penalty schedules,ulysses22,baseline,0,True,0.4848139170112648,876931,1.527018548000342
2: penalty schedules,ulysses22,baseline,1,True,0.4136603450734351,897590,1.6159016530000372
2: penalty schedules,ulysses22,baseline,2,True,0.4793954085270212,804159,1.4744251289994281
2: penalty schedules,ulysses22,baseline,3,True,0.2388421502923143,877512,1.5823546480023651
2: penalty schedules,ulysses22,baseline,4,True,0.3440752887494653,800125,1.432334509001521
2: penalty schedules,ulysses22,baseline,5,True,0.20319406815913305,842562,1.5371852449970902
2: penalty schedules,ulysses22,baseline,6,True,0.43262512476828746,841813,1.5145287119994464
2: penalty schedules,ulysses22,baseline,7,True,0.420932553828604,904125,1.6181819689991244
2: penalty schedules,ulysses22,baseline,8,True,0.27320690146870097,858331,1.5260141489998205
2: penalty schedules,ulysses22,baseline,9,True,0.41465849137316413,859662,1.5907135610032128
2: penalty schedules,ulysses22,baseline,10,True,0.3962640809924426,885488,1.5709139269965817
2: penalty schedules,ulysses22,baseline,11,True,0.4317695707970911,858149,1.6030665260004753
2: penalty schedules,ulysses22,baseline,12,True,0.18080707257949521,820910,1.4456555839969951
2: penalty schedules,ulysses22,baseline,13,True,0.28604021103664623,888868,1.602636955001799
2: penalty schedules,ulysses22,baseline,14,True,0.32682161699700557,858794,1.5256677069992293
2: penalty schedules,ulysses22,baseline,15,True,0.2572365606730358,808573,1.493610338999133
2: penalty schedules,ulysses22,baseline,16,True,0.28718094966490804,882526,1.6550002949988993
2: penalty schedules,ulysses22,baseline,17,True,0.46100099814629975,889562,1.6309315529979358
2: penalty schedules,ulysses22,baseline,18,True,0.479538000855554,943668,1.6974503120000008
2: penalty schedules,ulysses22,baseline,19,True,0.45258805076286895,828742,1.5163515550011653
2: penalty schedules,ulysses22,linear ramp,0,True,0.5024953657493226,1314589,2.3100941259981482
2: penalty schedules,ulysses22,linear ramp,1,True,0.3128475688007985,1354380,2.3787270649991115
2: penalty schedules,ulysses22,linear ramp,2,True,0.34207899615000714,1309240,2.2413899109997146
2: penalty schedules,ulysses22,linear ramp,3,True,0.2801939255668045,1321564,2.33286533899809
2: penalty schedules,ulysses22,linear ramp,4,True,0.39284186510765723,1300619,2.2596199969993904
2: penalty schedules,ulysses22,linear ramp,5,True,0.32568087836874376,1336004,2.3534246449999046
2: penalty schedules,ulysses22,linear ramp,6,True,0.5247397690004277,1360291,2.3915428039981634
2: penalty schedules,ulysses22,linear ramp,7,True,0.2766291173534864,1401435,2.459951254000771
2: penalty schedules,ulysses22,linear ramp,8,True,0.3387993725937545,1365685,2.379466597998544
2: penalty schedules,ulysses22,linear ramp,9,True,0.3477826892913161,1274301,2.256082897001761
2: penalty schedules,ulysses22,linear ramp,10,True,0.216169970055611,1330615,2.3370322810005746
2: penalty schedules,ulysses22,linear ramp,11,True,0.2228718094966491,1374844,2.4340274470014265
2: penalty schedules,ulysses22,linear ramp,12,True,0.23470697276486524,1336145,2.358933381998213
2: penalty schedules,ulysses22,linear ramp,13,True,0.33024383288179093,1333058,2.313398779999261
2: penalty schedules,ulysses22,linear ramp,14,True,0.40852702124625695,1285359,2.26913768400118
2: penalty schedules,ulysses22,linear ramp,15,True,0.3865678026522173,1340095,2.2996212229991215
2: penalty schedules,ulysses22,linear ramp,16,True,0.3235419934407529,1315437,2.330963554999471
2: penalty schedules,ulysses22,linear ramp,17,True,0.2733494937972337,1362511,2.3994228420015133
2: penalty schedules,ulysses22,linear ramp,18,True,0.5206045914729788,1320826,2.3295074430025124
2: penalty schedules,ulysses22,linear ramp,19,True,0.4483102809068872,1316034,2.3368942079978297
2: penalty schedules,ulysses22,geometric ramp,0,True,0.3630400684443177,1460594,2.51229295200028
2: penalty schedules,ulysses22,geometric ramp,1,True,0.283045772137459,1495633,2.55373266800234
2: penalty schedules,ulysses22,geometric ramp,2,True,0.4123770141166405,1484942,2.5632856330012146
2: penalty schedules,ulysses22,geometric ramp,3,True,0.25752174533010125,1493168,2.6038391049987695
2: penalty schedules,ulysses22,geometric ramp,4,True,0.4356195636674747,1508114,2.610406914998748
2: penalty schedules,ulysses22,geometric ramp,5,True,0.35248823613289604,1470473,2.5387475739989895
2: penalty schedules,ulysses22,geometric ramp,6,True,0.3382290032796236,1486114,2.6058584339989466
2: penalty schedules,ulysses22,geometric ramp,7,True,0.34108084985027803,1499660,2.52403843600041
2: penalty schedules,ulysses22,geometric ramp,8,True,0.2572365606730358,1511705,2.6028790309974283
2: penalty schedules,ulysses22,geometric ramp,9,True,0.2819050335091972,1487367,2.598792962002335
2: penalty schedules,ulysses22,geometric ramp,10,True,0.2727791244831028,1469117,2.570869725001103
2: penalty schedules,ulysses22,geometric ramp,11,True,0.3492086125766434,1478403,2.5566440709990275
2: penalty schedules,ulysses22,geometric ramp,12,True,0.3503493512049052,1425909,2.494074990001536
2: penalty schedules,ulysses22,geometric ramp,13,True,0.31370312277199486,1507186,2.590861586999381
2: penalty schedules,ulysses22,geometric ramp,14,True,0.3710252388421503,1450239,2.4950401339992823
2: penalty schedules,ulysses22,geometric ramp,15,True,0.34450306573506345,1513376,2.612506277000648
2: penalty schedules,ulysses22,geometric ramp,16,True,0.18494225010694423,1484649,2.576329778003128
2: penalty schedules,ulysses22,geometric ramp,17,True,0.35348638243262515,1458423,2.5728075580009317
2: penalty schedules,ulysses22,geometric ramp,18,True,0.33908455725081993,1452615,2.4647871449997183
2: penalty schedules,ulysses22,geometric ramp,19,True,0.36574932268643945,1468363,2.54896673100302
2: penalty schedules,ulysses22,cyclic ramp (3x),0,True,0.3075716526450877,1499587,2.655505782997352
2: penalty schedules,ulysses22,cyclic ramp (3x),1,True,0.3298160558961928,1523087,2.6022281869991275
2: penalty schedules,ulysses22,cyclic ramp (3x),2,True,0.4383288179095965,1468749,2.5371750989979773
2: penalty schedules,ulysses22,cyclic ramp (3x),3,True,0.35833452160273777,1525993,2.626217066997924
2: penalty schedules,ulysses22,cyclic ramp (3x),4,True,0.29188649650648796,1499006,2.6291732559984666
2: penalty schedules,ulysses22,cyclic ramp (3x),5,True,0.29003279623556255,1495456,2.5839587560003565
2: penalty schedules,ulysses22,cyclic ramp (3x),6,True,0.3703122771994867,1455523,2.508398660000239
2: penalty schedules,ulysses22,cyclic ramp (3x),7,True,0.5417082560958221,1461301,2.5092002019991924
2: penalty schedules,ulysses22,cyclic ramp (3x),8,True,0.28789391130757164,1499273,2.576624481000181
2: penalty schedules,ulysses22,cyclic ramp (3x),9,True,0.5381434478825039,1512581,2.6263135410008545
2: penalty schedules,ulysses22,cyclic ramp (3x),10,True,0.28347354912305717,1460723,2.540566709001723
2: penalty schedules,ulysses22,cyclic ramp (3x),11,True,0.4089547982318551,1437652,2.506115979002061
2: penalty schedules,ulysses22,cyclic ramp (3x),12,True,0.3961214886639099,1522055,2.6815072589997726
2: penalty schedules,ulysses22,cyclic ramp (3x),13,True,0.32896050192499643,1492474,2.5518378479973762
2: penalty schedules,ulysses22,cyclic ramp (3x),14,True,0.42292884642806217,1493219,2.638056290001259
2: penalty schedules,ulysses22,cyclic ramp (3x),15,True,0.45829174390417793,1450074,2.5619238910003332
2: penalty schedules,ulysses22,cyclic ramp (3x),16,True,0.30999572223014404,1519389,2.6019750729974476
2: penalty schedules,ulysses22,cyclic ramp (3x),17,True,0.41765293027235134,1506892,2.6128869040003337
2: penalty schedules,ulysses22,cyclic ramp (3x),18,True,0.3705974618565521,1490232,2.5310829270019894
2: penalty schedules,ulysses22,cyclic ramp (3x),19,True,0.42720661628404394,1498762,2.6272579260003113
2: penalty schedules,ulysses22,in-run ramp,0,True,0.30714387565948953,964636,1.726692087999254
2: penalty schedules,ulysses22,in-run ramp,1,True,0.25823470697276485,943945,1.675101265002013
2: penalty schedules,ulysses22,in-run ramp,2,True,0.41594182232995863,984888,1.7314027300017187
2: penalty schedules,ulysses22,in-run ramp,3,True,0.3332382717809782,983342,1.7952900800009957
2: penalty schedules,ulysses22,in-run ramp,4,True,0.3527734207899615,1004838,1.8517691349989036
2: penalty schedules,ulysses22,in-run ramp,5,True,0.3985455582489662,1053420,1.8948502879975422
2: penalty schedules,ulysses22,in-run ramp,6,True,0.3502067588763724,1011056,1.788552305999474
2: penalty schedules,ulysses22,in-run ramp,7,True,0.2606587765578212,985625,1.753690279001603
2: penalty schedules,ulysses22,in-run ramp,8,True,0.2337088264651362,984316,1.7457533929991769
2: penalty schedules,ulysses22,in-run ramp,9,True,0.16469413945529732,924438,1.6825350299986894
2: penalty schedules,ulysses22,in-run ramp,10,True,0.3561956366747469,933304,1.6789875619979284
2: penalty schedules,ulysses22,in-run ramp,11,True,0.33466419506630546,1034441,1.8717798929974379
2: penalty schedules,ulysses22,in-run ramp,12,True,0.36332525310138314,994196,1.7934440939970955
2: penalty schedules,ulysses22,in-run ramp,13,True,0.2535291601311849,1015215,1.8683025980026287
2: penalty schedules,ulysses22,in-run ramp,14,True,0.2069014687009839,983189,1.7836224649981887
2: penalty schedules,ulysses22,in-run ramp,15,True,0.2069014687009839,999260,1.79863559399746
2: penalty schedules,ulysses22,in-run ramp,16,True,0.25466989875944673,1017064,1.8467240950012638
2: penalty schedules,ulysses22,in-run ramp,17,True,0.22230144018251818,1058747,1.8744583609986876
2: penalty schedules,ulysses22,in-run ramp,18,True,0.30272351347497506,979683,1.7865542580002511
2: penalty schedules,ulysses22,in-run ramp,19,True,0.49365464138029375,1020239,1.8401166490002652
2: penalty schedules,ulysses22,geometric + in-run ramp,0,True,0.34093825752174534,1543368,2.577928262999194
2: penalty schedules,ulysses22,geometric + in-run ramp,1,True,0.43034364751176385,1499658,2.605498084998544
2: penalty schedules,ulysses22,geometric + in-run ramp,2,True,0.38271780978183373,1522128,2.663974615999905
2: penalty schedules,ulysses22,geometric + in-run ramp,3,True,0.27648652502495363,1568299,2.7125005240013706
2: penalty schedules,ulysses22,geometric + in-run ramp,4,True,0.348353058605447,1512595,2.6028928970008565
2: penalty schedules,ulysses22,geometric + in-run ramp,5,True,0.35548267503208325,1517203,2.641078615000879
2: penalty schedules,ulysses22,geometric + in-run ramp,6,True,0.30343647511763866,1527602,2.666618417999416
2: penalty schedules,ulysses22,geometric + in-run ramp,7,True,0.21174960787109653,1476531,2.541383980998944
2: penalty schedules,ulysses22,geometric + in-run ramp,8,True,0.41893626122914585,1524035,2.643873454999266
2: penalty schedules,ulysses22,geometric + in-run ramp,9,True,0.2703550548980465,1508686,2.5579482130015094
2: penalty schedules,ulysses22,geometric + in-run ramp,10,True,0.4832454013974048,1522065,2.6390313129995775
2: penalty schedules,ulysses22,geometric + in-run ramp,11,True,0.44916583487808354,1518079,2.6039103110015276
2: penalty schedules,ulysses22,geometric + in-run ramp,12,True,0.2646513617567375,1454993,2.551946775001852
2: penalty schedules,ulysses22,geometric + in-run ramp,13,True,0.29060316554969345,1550640,2.685377203997632
2: penalty schedules,ulysses22,geometric + in-run ramp,14,True,0.1905033509197205,1474757,2.5576996179988782
2: penalty schedules,ulysses22,geometric + in-run ramp,15,True,0.2098959076001711,1521079,2.6697911510018457
2: penalty schedules,ulysses22,geometric + in-run ramp,16,True,0.39027520319406817,1540264,2.6966983070014976
2: penalty schedules,ulysses22,geometric + in-run ramp,17,True,0.10309425352916013,1494184,2.6330345739988843
2: penalty schedules,ulysses22,geometric + in-run ramp,18,True,0.27563097105375733,1510718,2.6553010619973065
2: penalty schedules,ulysses22,geometric + in-run ramp,19,True,0.23299586482247256,1518641,2.6622062979986367
2: penalty schedules,ulysses22,adaptive,0,True,0.35819192927420507,1257331,2.2412046870013
2: penalty schedules,ulysses22,adaptive,1,True,0.39711963496363895,1288325,2.2528864690029877
2: penalty schedules,ulysses22,adaptive,2,True,0.14045344360473405,1403739,2.416970073001721
2: penalty schedules,ulysses22,adaptive,3,True,0.2990161129331242,1282670,2.3072453619970474
2: penalty schedules,ulysses22,adaptive,4,True,0.40239555111934977,1284289,2.2566589980015124
2: penalty schedules,ulysses22,adaptive,5,True,0.33551974903750176,1262420,2.2070896570003242
2: penalty schedules,ulysses22,adaptive,6,True,0.2734920861257664,1247788,2.2225192620026064
2: penalty schedules,ulysses22,adaptive,7,True,0.41394552973050047,1322998,2.3212272400014626
2: penalty schedules,ulysses22,adaptive,8,True,0.3503493512049052,1347623,2.3589828360018146
2: penalty schedules,ulysses22,adaptive,9,True,0.1823755881933552,1283929,2.256102995997935
2: penalty schedules,ulysses22,adaptive,10,True,0.5129046057322116,1339527,2.3850330249988474
2: penalty schedules,ulysses22,adaptive,11,True,0.4808213318123485,1281012,2.2834133620017383
2: penalty schedules,ulysses22,adaptive,12,True,0.3623271068016541,1340025,2.3589054479998595
2: penalty schedules,ulysses22,adaptive,13,True,0.3281049479538001,1337431,2.3699430900014704
2: penalty schedules,ulysses22,adaptive,14,True,0.22957364893768714,1336444,2.348428558001615
2: penalty schedules,ulysses22,adaptive,15,True,0.4644232140310851,1319932,2.29587815999912
2: penalty schedules,ulysses22,adaptive,16,True,0.2525310138314559,1254897,2.1911780029986403
2: penalty schedules,ulysses22,adaptive,17,True,0.2676458006559247,1314776,2.2975218719984696
2: penalty schedules,ulysses22,adaptive,18,True,0.2298588335947526,1287231,2.255136579002283
2: penalty schedules,ulysses22,adaptive,19,True,0.40439184371880793,1286151,2.22656854899833
2: penalty schedules,ulysses22,ALM (λ = 1),0,True,0.4414658491373164,868350,1.5793057920018327
2: penalty schedules,ulysses22,ALM (λ = 1),1,True,0.41879366890061315,772128,1.461998022001353
2: penalty schedules,ulysses22,ALM (λ = 1),2,True,0.4408954798231855,801628,1.5030662179997307
2: penalty schedules,ulysses22,ALM (λ = 1),3,True,0.3944103807215172,837440,1.5504947080007696
2: penalty schedules,ulysses22,ALM (λ = 1),4,True,0.31969200057036934,764262,1.4231879609978932
2: penalty schedules,ulysses22,ALM (λ = 1),5,True,0.3092827605874804,803944,1.5284215089995996
2: penalty schedules,ulysses22,ALM (λ = 1),6,True,0.28960501924996435,741731,1.4219315199989069
2: penalty schedules,ulysses22,ALM (λ = 1),7,True,0.3070012833309568,849336,1.5608004109999456
2: penalty schedules,ulysses22,ALM (λ = 1),8,True,0.3537715670896906,797679,1.4871818449973944
2: penalty schedules,ulysses22,ALM (λ = 1),9,True,0.27263653215457007,768082,1.4919560779999301
2: penalty schedules,ulysses22,ALM (λ = 1),10,True,0.4299158705261657,831553,1.5600862169994798
2: penalty schedules,ulysses22,ALM (λ = 1),11,True,0.16469413945529732,771200,1.4786926540000422
2: penalty schedules,ulysses22,ALM (λ = 1),12,True,0.4483102809068872,843442,1.594980805999512
2: penalty schedules,ulysses22,ALM (λ = 1),13,True,0.34108084985027803,857233,1.5961700570005632
2: penalty schedules,ulysses22,ALM (λ = 1),14,True,0.3751604163695993,820836,1.543705564999982
2: penalty schedules,ulysses22,ALM (λ = 1),15,True,0.21987737059746185,738142,1.3798903449969657
2: penalty schedules,ulysses22,ALM (λ = 1),16,True,0.2509624982175959,825015,1.555678923999949
2: penalty schedules,ulysses22,ALM (λ = 1),17,True,0.3834307714244974,771357,1.432653959000163
2: penalty schedules,ulysses22,ALM (λ = 1),18,True,0.5278768002281478,824264,1.6197036569974443
2: penalty schedules,ulysses22,ALM (λ = 1),19,True,0.25067731356053047,812846,1.557021059001272
2: penalty schedules,ulysses22,ALM (λ = 0.5),0,True,0.5072009125909026,1835633,3.233841790999577
2: penalty schedules,ulysses22,ALM (λ = 0.5),1,True,0.47141023812918864,1805508,3.132389578000584
2: penalty schedules,ulysses22,ALM (λ = 0.5),2,True,0.49422501069442465,1828158,3.068387078001251
2: penalty schedules,ulysses22,ALM (λ = 0.5),3,True,0.42677883929844573,1778214,3.135651611999492
2: penalty schedules,ulysses22,ALM (λ = 0.5),4,True,0.47440467702837585,1828111,3.214716294001846
2: penalty schedules,ulysses22,ALM (λ = 0.5),5,True,0.5317267930985313,1783540,3.0462094789982075
2: penalty schedules,ulysses22,ALM (λ = 0.5),6,True,0.5466989875944674,1810684,3.1551980629992613
2: penalty schedules,ulysses22,ALM (λ = 0.5),7,True,0.5573934122344217,1792988,3.1520888110026135
2: penalty schedules,ulysses22,ALM (λ = 0.5),8,True,0.6188507058320263,1836514,3.227635461000318
2: penalty schedules,ulysses22,ALM (λ = 0.5),9,True,0.6661913589048909,1773840,3.0743706409994047
2: penalty schedules,ulysses22,ALM (λ = 0.5),10,True,0.6147155283045772,1815309,3.102506524999626
2: penalty schedules,ulysses22,ALM (λ = 0.5),11,True,0.5163268216169971,1804548,3.1657440250019135
2: penalty schedules,ulysses22,ALM (λ = 0.5),12,True,0.5485526878653928,1819469,3.2302794529969105
2: penalty schedules,ulysses22,ALM (λ = 0.5),13,True,0.4849565093397975,1825711,3.1738522880004894
2: penalty schedules,ulysses22,ALM (λ = 0.5),14,True,0.5652359903037216,1797958,3.136801528999058
2: penalty schedules,ulysses22,ALM (λ = 0.5),15,True,0.5535434193640382,1755154,3.088230114997714
2: penalty schedules,ulysses22,ALM (λ = 0.5),16,True,0.3666048766576358,1805346,3.1417126829983317
2: penalty schedules,ulysses22,ALM (λ = 0.5),17,True,0.6140025666619136,1768637,3.1265265549991454
2: penalty schedules,ulysses22,ALM (λ = 0.5),18,True,0.5623841437330671,1767603,3.080268261001038
2: penalty schedules,ulysses22,ALM (λ = 0.5),19,True,0.4637102523884215,1753143,2.9571103019989096
2: penalty schedules,bayg29,baseline,0,True,0.7459627329192546,841393,2.8896947399989585
2: penalty schedules,bayg29,baseline,1,True,0.5881987577639751,848872,2.9205224979996274
2: penalty schedules,bayg29,baseline,2,True,0.5782608695652174,835230,2.8543316450013663
2: penalty schedules,bayg29,baseline,3,True,0.7490683229813665,837703,2.8876805800027796
2: penalty schedules,bayg29,baseline,4,True,0.8490683229813665,853930,2.935538440997334
2: penalty schedules,bayg29,baseline,5,True,0.5577639751552795,830484,2.834871769999154
2: penalty schedules,bayg29,baseline,6,True,0.7968944099378882,800298,2.7250573679993977
2: penalty schedules,bayg29,baseline,7,True,0.6372670807453417,868613,2.9240781720000086
2: penalty schedules,bayg29,baseline,8,True,0.724223602484472,898804,3.0414020019998134
2: penalty schedules,bayg29,baseline,9,True,0.8167701863354038,780097,2.7035795970004983
2: penalty schedules,bayg29,baseline,10,True,0.6049689440993788,834891,2.8091276560007827
2: penalty schedules,bayg29,baseline,11,True,0.7906832298136646,845952,2.8595499170005496
2: penalty schedules,bayg29,baseline,12,True,0.6614906832298136,798325,2.657977066002786
2: penalty schedules,bayg29,baseline,13,True,0.36770186335403726,835400,2.797659030002251
2: penalty schedules,bayg29,baseline,14,True,0.815527950310559,866238,2.889936139999918
2: penalty schedules,bayg29,baseline,15,True,0.7478260869565218,866611,2.8623676899987913
2: penalty schedules,bayg29,baseline,16,True,0.6503105590062112,820834,2.699987642998167
2: penalty schedules,bayg29,baseline,17,True,0.6577639751552795,811952,2.707521768999868
2: penalty schedules,bayg29,baseline,18,True,0.6509316770186335,873049,2.9027696429984644
2: penalty schedules,bayg29,baseline,19,True,0.7950310559006211,832688,2.7358264069989673
2: penalty schedules,bayg29,linear ramp,0,True,0.5546583850931677,1446262,4.575607172999298
2: penalty schedules,bayg29,linear ramp,1,True,0.7031055900621118,1467799,4.632181048997154
2: penalty schedules,bayg29,linear ramp,2,True,0.5583850931677019,1455698,4.606020739000087
2: penalty schedules,bayg29,linear ramp,3,True,0.6012422360248447,1463250,4.648429056000168
2: penalty schedules,bayg29,linear ramp,4,True,0.6503105590062112,1461024,4.653589066998393
2: penalty schedules,bayg29,linear ramp,5,True,0.7049689440993789,1502837,4.692470052999852
2: penalty schedules,bayg29,linear ramp,6,True,0.4422360248447205,1427198,4.464567961000284
2: penalty schedules,bayg29,linear ramp,7,True,0.6726708074534161,1482906,4.7218345049986965
2: penalty schedules,bayg29,linear ramp,8,True,0.815527950310559,1489144,4.739563282000745
2: penalty schedules,bayg29,linear ramp,9,True,0.6695652173913044,1452878,4.6017255620026845
2: penalty schedules,bayg29,linear ramp,10,True,0.7043478260869566,1444492,4.543069668001408
2: penalty schedules,bayg29,linear ramp,11,True,0.8459627329192546,1463548,4.570019355996919
2: penalty schedules,bayg29,linear ramp,12,True,0.715527950310559,1502160,4.807419346001552
2: penalty schedules,bayg29,linear ramp,13,True,0.5857142857142857,1448914,4.619137023000803
2: penalty schedules,bayg29,linear ramp,14,True,0.7024844720496894,1497002,4.786414219001017
2: penalty schedules,bayg29,linear ramp,15,True,0.6217391304347826,1464371,4.596699708003143
2: penalty schedules,bayg29,linear ramp,16,True,0.7093167701863354,1464949,4.583782395002345
2: penalty schedules,bayg29,linear ramp,17,True,0.6186335403726708,1465802,4.6388671349996
2: penalty schedules,bayg29,linear ramp,18,True,0.577639751552795,1506244,4.84492145799959
2: penalty schedules,bayg29,linear ramp,19,True,0.7409937888198758,1472127,4.670664935998502
2: penalty schedules,bayg29,geometric ramp,0,True,0.5987577639751552,1551409,4.9096067440004845
2: penalty schedules,bayg29,geometric ramp,1,True,0.5720496894409938,1532807,4.7781736420001835
2: penalty schedules,bayg29,geometric ramp,2,True,0.8552795031055901,1586055,4.936120168000343
2: penalty schedules,bayg29,geometric ramp,3,True,0.5919254658385094,1556406,4.8451333430020895
2: penalty schedules,bayg29,geometric ramp,4,True,0.6546583850931676,1555038,4.851704439999594
2: penalty schedules,bayg29,geometric ramp,5,True,0.5130434782608696,1519628,4.743413278996741
2: penalty schedules,bayg29,geometric ramp,6,True,0.5838509316770186,1560135,4.93134559399914
2: penalty schedules,bayg29,geometric ramp,7,True,0.6099378881987577,1584328,5.0014721369989275
2: penalty schedules,bayg29,geometric ramp,8,True,0.6484472049689441,1561941,4.898043356999551
2: penalty schedules,bayg29,geometric ramp,9,True,0.6018633540372671,1548235,4.926033282998105
2: penalty schedules,bayg29,geometric ramp,10,True,0.5714285714285714,1540564,4.824744462999661
2: penalty schedules,bayg29,geometric ramp,11,True,0.5869565217391305,1554476,4.911546971001371
2: penalty schedules,bayg29,geometric ramp,12,True,0.7354037267080745,1541725,4.8052349720019265
2: penalty schedules,bayg29,geometric ramp,13,True,0.7062111801242236,1540862,4.805384938998031
2: penalty schedules,bayg29,geometric ramp,14,True,0.6850931677018633,1556964,4.924615804000496
2: penalty schedules,bayg29,geometric ramp,15,True,0.5254658385093167,1568344,4.888573290998465
2: penalty schedules,bayg29,geometric ramp,16,True,0.6565217391304348,1545657,4.870815368998592
2: penalty schedules,bayg29,geometric ramp,17,True,0.5788819875776398,1549988,4.874400960001367
2: penalty schedules,bayg29,geometric ramp,18,True,0.632919254658385,1576612,4.890734271000838
2: penalty schedules,bayg29,geometric ramp,19,True,0.6726708074534161,1572335,4.866131206999853
2: penalty schedules,bayg29,cyclic ramp (3x),0,True,0.677639751552795,1584573,4.952898007002659
2: penalty schedules,bayg29,cyclic ramp (3x),1,True,0.5987577639751552,1571183,4.87319628700061
2: penalty schedules,bayg29,cyclic ramp (3x),2,True,0.7695652173913043,1571258,4.960051187001227
2: penalty schedules,bayg29,cyclic ramp (3x),3,True,0.7720496894409938,1608799,4.992533476000972
2: penalty schedules,bayg29,cyclic ramp (3x),4,True,0.6124223602484472,1557665,4.932311500000651
2: penalty schedules,bayg29,cyclic ramp (3x),5,True,0.9260869565217391,1592143,5.008985263000795
2: penalty schedules,bayg29,cyclic ramp (3x),6,True,0.6658385093167701,1530839,4.851672368000436
2: penalty schedules,bayg29,cyclic ramp (3x),7,True,0.7788819875776397,1578142,5.02098942199882
2: penalty schedules,bayg29,cyclic ramp (3x),8,True,0.7559006211180124,1562875,4.930575792997843
2: penalty schedules,bayg29,cyclic ramp (3x),9,True,0.6211180124223602,1599089,4.9814828199996555
2: penalty schedules,bayg29,cyclic ramp (3x),10,True,0.7055900621118012,1592409,4.952929337003297
2: penalty schedules,bayg29,cyclic ramp (3x),11,True,0.7559006211180124,1585752,5.035805282997899
2: penalty schedules,bayg29,cyclic ramp (3x),12,True,0.6447204968944099,1588752,4.973225672001718
2: penalty schedules,bayg29,cyclic ramp (3x),13,True,0.6720496894409937,1548002,4.893342925002798
2: penalty schedules,bayg29,cyclic ramp (3x),14,True,0.8186335403726708,1583174,4.94192626199947
2: penalty schedules,bayg29,cyclic ramp (3x),15,True,0.5180124223602485,1558285,4.991246205998323
2: penalty schedules,bayg29,cyclic ramp (3x),16,True,0.5509316770186335,1583748,4.967205076998653
2: penalty schedules,bayg29,cyclic ramp (3x),17,True,0.7031055900621118,1546376,4.875323522999679
2: penalty schedules,bayg29,cyclic ramp (3x),18,True,0.6950310559006211,1535952,4.851318572000309
2: penalty schedules,bayg29,cyclic ramp (3x),19,True,0.7006211180124223,1558844,4.945125856000232
2: penalty schedules,bayg29,in-run ramp,0,True,0.577639751552795,905165,2.947005412999715
2: penalty schedules,bayg29,in-run ramp,1,True,0.5925465838509317,903956,3.0072246640011144
2: penalty schedules,bayg29,in-run ramp,2,True,0.5198757763975155,905536,3.011335319002683
2: penalty schedules,bayg29,in-run ramp,3,True,0.6801242236024845,893521,2.9382465650014638
2: penalty schedules,bayg29,in-run ramp,4,True,0.598136645962733,882913,2.886518249000801
2: penalty schedules,bayg29,in-run ramp,5,True,0.5416149068322982,899813,2.9889664750007796
2: penalty schedules,bayg29,in-run ramp,6,True,0.45714285714285713,926929,3.0681293750021723
2: penalty schedules,bayg29,in-run ramp,7,True,0.6012422360248447,888116,2.946060286001739
2: penalty schedules,bayg29,in-run ramp,8,True,0.5347826086956522,886246,2.9071904810007254
2: penalty schedules,bayg29,in-run ramp,9,True,0.7068322981366459,936805,3.097133497998584
2: penalty schedules,bayg29,in-run ramp,10,True,0.5751552795031056,948231,3.1449610499985283
2: penalty schedules,bayg29,in-run ramp,11,True,0.5633540372670808,900113,2.929366898002627
2: penalty schedules,bayg29,in-run ramp,12,True,0.513664596273292,902530,2.9932690459972946
2: penalty schedules,bayg29,in-run ramp,13,True,0.6565217391304348,860290,2.8367809869996563
2: penalty schedules,bayg29,in-run ramp,14,True,0.6173913043478261,933992,3.084122415002639
2: penalty schedules,bayg29,in-run ramp,15,True,0.5316770186335403,942539,3.090024322998943
2: penalty schedules,bayg29,in-run ramp,16,True,0.6031055900621118,913619,2.9982216299977154
2: penalty schedules,bayg29,in-run ramp,17,True,0.5925465838509317,950286,3.0927152350013785
2: penalty schedules,bayg29,in-run ramp,18,True,0.6242236024844721,956594,3.1552110769989667
2: penalty schedules,bayg29,in-run ramp,19,True,0.4403726708074534,907830,2.9922639059986977
2: penalty schedules,bayg29,geometric + in-run ramp,0,True,0.4366459627329193,1555877,4.912559064996458
2: penalty schedules,bayg29,geometric + in-run ramp,1,True,0.25217391304347825,1560965,4.879413258000568
2: penalty schedules,bayg29,geometric + in-run ramp,2,True,0.6801242236024845,1594949,5.061795287001587
2: penalty schedules,bayg29,geometric + in-run ramp,3,True,0.6285714285714286,1574862,4.917536056000245
2: penalty schedules,bayg29,geometric + in-run ramp,4,True,0.5596273291925465,1582487,4.90358668999761
2: penalty schedules,bayg29,geometric + in-run ramp,5,True,0.46273291925465837,1549014,4.947718479998002
2: penalty schedules,bayg29,geometric + in-run ramp,6,True,0.48198757763975153,1560231,4.919550534999871
2: penalty schedules,bayg29,geometric + in-run ramp,7,True,0.6192546583850932,1583649,5.010792406999826
2: penalty schedules,bayg29,geometric + in-run ramp,8,True,0.5956521739130435,1566899,4.905462835002254
2: penalty schedules,bayg29,geometric + in-run ramp,9,True,0.5602484472049689,1577880,4.980386454000836
2: penalty schedules,bayg29,geometric + in-run ramp,10,True,0.4031055900621118,1580871,4.994137891000719
2: penalty schedules,bayg29,geometric + in-run ramp,11,True,0.32857142857142857,1561141,4.818732193998585
2: penalty schedules,bayg29,geometric + in-run ramp,12,True,0.5105590062111801,1570200,4.892871625001135
2: penalty schedules,bayg29,geometric + in-run ramp,13,True,0.4639751552795031,1528287,4.816315736999968
2: penalty schedules,bayg29,geometric + in-run ramp,14,True,0.6304347826086957,1509358,4.672904445000313
2: penalty schedules,bayg29,geometric + in-run ramp,15,True,0.7372670807453416,1610557,5.016042199000367
2: penalty schedules,bayg29,geometric + in-run ramp,16,True,0.5397515527950311,1603808,5.056404554998153
2: penalty schedules,bayg29,geometric + in-run ramp,17,True,0.5403726708074534,1618714,5.065141782000865
2: penalty schedules,bayg29,geometric + in-run ramp,18,True,0.7099378881987578,1577351,4.992486977000226
2: penalty schedules,bayg29,geometric + in-run ramp,19,True,0.7552795031055901,1578968,4.934148489999643
2: penalty schedules,bayg29,adaptive,0,True,0.6229813664596273,1550358,4.949041517997102
2: penalty schedules,bayg29,adaptive,1,True,0.5521739130434783,1642135,5.194538571999146
2: penalty schedules,bayg29,adaptive,2,True,0.6546583850931676,1471997,4.733191286002693
2: penalty schedules,bayg29,adaptive,3,True,0.5385093167701863,1423460,4.583557945999928
2: penalty schedules,bayg29,adaptive,4,True,0.5496894409937888,1492304,4.7146869669995795
2: penalty schedules,bayg29,adaptive,5,True,0.717391304347826,1552870,4.997770363002928
2: penalty schedules,bayg29,adaptive,6,True,0.5447204968944099,1473632,4.668277102999127
2: penalty schedules,bayg29,adaptive,7,True,0.35403726708074534,1474935,4.678449731996807
2: penalty schedules,bayg29,adaptive,8,True,0.5875776397515527,1451284,4.675721830000839
2: penalty schedules,bayg29,adaptive,9,True,0.5658385093167702,1528156,4.844616946000315
2: penalty schedules,bayg29,adaptive,10,True,0.6260869565217392,1504546,4.771434553997096
2: penalty schedules,bayg29,adaptive,11,True,0.6677018633540373,1492514,4.720999969998957
2: penalty schedules,bayg29,adaptive,12,True,0.6111801242236025,1470331,4.706242841999483
2: penalty schedules,bayg29,adaptive,13,True,0.6111801242236025,1512135,4.772202461001143
2: penalty schedules,bayg29,adaptive,14,True,0.4291925465838509,1527734,4.857536342999083
2: penalty schedules,bayg29,adaptive,15,True,0.6043478260869565,1522441,4.853847315000166
2: penalty schedules,bayg29,adaptive,16,True,0.5993788819875776,1526772,4.9366510120016756
2: penalty schedules,bayg29,adaptive,17,True,0.6055900621118012,1447182,4.688643240999227
2: penalty schedules,bayg29,adaptive,18,True,0.6819875776397516,1539833,4.948712047997105
2: penalty schedules,bayg29,adaptive,19,True,0.7739130434782608,1574885,5.073749178998696
2: penalty schedules,bayg29,ALM (λ = 1),0,True,0.7459627329192546,854014,2.840082496000832
2: penalty schedules,bayg29,ALM (λ = 1),1,True,0.7565217391304347,973319,3.2196565129997907
2: penalty schedules,bayg29,ALM (λ = 1),2,True,0.5751552795031056,881146,2.979434920998756
2: penalty schedules,bayg29,ALM (λ = 1),3,True,0.8888198757763975,918676,3.059921158997895
2: penalty schedules,bayg29,ALM (λ = 1),4,True,0.7236024844720497,865598,2.8858239420005702
2: penalty schedules,bayg29,ALM (λ = 1),5,True,0.8391304347826087,1030167,3.4137726350018056
2: penalty schedules,bayg29,ALM (λ = 1),6,True,0.8254658385093168,886736,2.919808782997279
2: penalty schedules,bayg29,ALM (λ = 1),7,True,0.9049689440993789,1067864,3.4711529720007093
2: penalty schedules,bayg29,ALM (λ = 1),8,True,0.7987577639751553,965744,3.225500339998689
2: penalty schedules,bayg29,ALM (λ = 1),9,True,0.8167701863354038,780097,2.6031503490012255
2: penalty schedules,bayg29,ALM (λ = 1),10,True,0.6627329192546584,948672,3.128105231000518
2: penalty schedules,bayg29,ALM (λ = 1),11,True,0.739751552795031,857200,2.8455215699978
2: penalty schedules,bayg29,ALM (λ = 1),12,True,0.591304347826087,1201178,3.9039792570001737
2: penalty schedules,bayg29,ALM (λ = 1),13,True,0.5267080745341615,941635,3.114598621999903
2: penalty schedules,bayg29,ALM (λ = 1),14,True,0.8807453416149068,885822,2.96987824900134
2: penalty schedules,bayg29,ALM (λ = 1),15,True,0.6440993788819875,999855,3.303329741997004
2: penalty schedules,bayg29,ALM (λ = 1),16,True,0.6503105590062112,820834,2.7264341179979965
2: penalty schedules,bayg29,ALM (λ = 1),17,True,0.7590062111801242,904337,2.958574068998132
2: penalty schedules,bayg29,ALM (λ = 1),18,True,0.7403726708074534,963862,3.170811486997991
2: penalty schedules,bayg29,ALM (λ = 1),19,True,0.7950310559006211,832688,2.726113847002125
2: penalty schedules,bayg29,ALM (λ = 0.5),0,False,,1990838,6.2335797879968595
2: penalty schedules,bayg29,ALM (λ = 0.5),1,False,,1991658,6.1749766650027595
2: penalty schedules,bayg29,ALM (λ = 0.5),2,False,,1991325,6.158171351999044
2: penalty schedules,bayg29,ALM (λ = 0.5),3,True,1.3304347826086957,1989268,6.133278534998681
2: penalty schedules,bayg29,ALM (λ = 0.5),4,False,,1994181,6.167922575001285
2: penalty schedules,bayg29,ALM (λ = 0.5),5,False,,1997615,6.225403114000073
2: penalty schedules,bayg29,ALM (λ = 0.5),6,False,,1989423,6.257864552997489
2: penalty schedules,bayg29,ALM (λ = 0.5),7,False,,1994318,6.207324166996841
2: penalty schedules,bayg29,ALM (λ = 0.5),8,True,0.9031055900621118,1996018,6.160747945999901
2: penalty schedules,bayg29,ALM (λ = 0.5),9,False,,2000000,6.141227914999035
2: penalty schedules,bayg29,ALM (λ = 0.5),10,False,,1998002,6.155502191002597
2: penalty schedules,bayg29,ALM (λ = 0.5),11,True,1.0925465838509316,1994414,6.147006677998434
2: penalty schedules,bayg29,ALM (λ = 0.5),12,True,1.1316770186335403,1999515,6.141540722997888
2: penalty schedules,bayg29,ALM (λ = 0.5),13,True,1.1186335403726708,1997211,6.157213942002272
2: penalty schedules,bayg29,ALM (λ = 0.5),14,False,,1998658,6.114935092999076
2: penalty schedules,bayg29,ALM (λ = 0.5),15,False,,1999768,6.18716871200013
2: penalty schedules,bayg29,ALM (λ = 0.5),16,False,,1992929,6.14792546299941
2: penalty schedules,bayg29,ALM (λ = 0.5),17,False,,1993793,6.080117400000745
2: penalty schedules,bayg29,ALM (λ = 0.5),18,True,1.0118012422360247,1996547,6.089747603000433
2: penalty schedules,bayg29,ALM (λ = 0.5),19,False,,1992669,6.09204298899931
2: penalty schedules,jeu_100_25_1,baseline,0,True,0.558034270934368,2000000,0.7815516059999936
2: penalty schedules,jeu_100_25_1,baseline,1,True,0.309569996766893,1990001,0.783826383001724
2: penalty schedules,jeu_100_25_1,baseline,2,True,0.25493048819915937,2000000,0.770223277999321
2: penalty schedules,jeu_100_25_1,baseline,3,True,0.3904515572798793,2000000,0.7804664819996106
2: penalty schedules,jeu_100_25_1,baseline,4,True,0.42870999030067897,2000000,0.7814040939992992
2: penalty schedules,jeu_100_25_1,baseline,5,True,0.28914753745015626,2000000,0.7612155669994536
2: penalty schedules,jeu_100_25_1,baseline,6,True,0.33468046125660095,2000000,0.7588290860003326
2: penalty schedules,jeu_100_25_1,baseline,7,True,0.3352731975428387,1990001,0.7671932090015616
2: penalty schedules,jeu_100_25_1,baseline,8,True,0.3355965082444229,2000000,0.7500723230004951
2: penalty schedules,jeu_100_25_1,baseline,9,True,0.2929194956353055,2000000,0.786502846996882
2: penalty schedules,jeu_100_25_1,baseline,10,True,0.32950749003125335,2000000,0.7597571890000836
2: penalty schedules,jeu_100_25_1,baseline,11,True,0.3101088479362,2000000,0.785590161998698
2: penalty schedules,jeu_100_25_1,baseline,12,True,0.2848367280957,2000000,0.7587294149998343
2: penalty schedules,jeu_100_25_1,baseline,13,True,0.4332902252397888,2000000,0.7666342299999087
2: penalty schedules,jeu_100_25_1,baseline,14,True,0.47488953551029206,2000000,0.7685234000018681
2: penalty schedules,jeu_100_25_1,baseline,15,True,0.44870136868197,2000000,0.7786215970008925
2: penalty schedules,jeu_100_25_1,baseline,16,True,0.30337320831986203,2000000,0.7518394699982309
2: penalty schedules,jeu_100_25_1,baseline,17,True,0.3326328268132342,2000000,0.746345501000178
2: penalty schedules,jeu_100_25_1,baseline,18,True,0.37665696734561915,2000000,0.7535242189987912
2: penalty schedules,jeu_100_25_1,baseline,19,True,0.24981140209074254,1990001,0.7716613659977156
2: penalty schedules,jeu_100_25_1,linear ramp,0,True,0.37132234076947945,2000000,0.7445074890019896
2: penalty schedules,jeu_100_25_1,linear ramp,1,True,0.30466645112619894,1990001,0.774041524000495
2: penalty schedules,jeu_100_25_1,linear ramp,2,False,,2000000,0.7804467940004542
2: penalty schedules,jeu_100_25_1,linear ramp,3,True,0.353216941480763,2000000,0.7815411260016845
2: penalty schedules,jeu_100_25_1,linear ramp,4,True,0.3644789309192801,2000000,0.7794148030006909
2: penalty schedules,jeu_100_25_1,linear ramp,5,True,0.3601681215648238,2000000,0.7544824600008724
2: penalty schedules,jeu_100_25_1,linear ramp,6,True,0.4167474943420627,2000000,0.7389197520024027
2: penalty schedules,jeu_100_25_1,linear ramp,7,True,0.274275245177282,2000000,0.7505112809994898
2: penalty schedules,jeu_100_25_1,linear ramp,8,True,0.3557495419765061,2000000,0.7743116210003791
2: penalty schedules,jeu_100_25_1,linear ramp,9,True,0.33349498868412547,2000000,0.7711880919996474
2: penalty schedules,jeu_100_25_1,linear ramp,10,True,0.42213600603513307,1990001,0.7749357640022936
2: penalty schedules,jeu_100_25_1,linear ramp,11,True,0.5050652009914861,2000000,0.7590519420009514
2: penalty schedules,jeu_100_25_1,linear ramp,12,True,0.3301002263174911,2000000,0.787900286999502
2: penalty schedules,jeu_100_25_1,linear ramp,13,True,0.38436253906670975,2000000,0.7799596639997617
2: penalty schedules,jeu_100_25_1,linear ramp,14,True,0.2523978877034163,2000000,0.7901419709996844
2: penalty schedules,jeu_100_25_1,linear ramp,15,True,0.46906994288177606,2000000,0.8607000289994176
2: penalty schedules,jeu_100_25_1,linear ramp,16,True,0.3097316521176851,2000000,0.7952709719975246
2: penalty schedules,jeu_100_25_1,linear ramp,17,True,0.3112943205086755,1990001,0.8139279130009527
2: penalty schedules,jeu_100_25_1,linear ramp,18,True,0.36372453928225024,2000000,0.7653211010001542
2: penalty schedules,jeu_100_25_1,linear ramp,19,True,0.31544347451233967,2000000,0.837689928997861
2: penalty schedules,jeu_100_25_1,geometric ramp,0,True,0.43593059596939326,2000000,0.7881287640011578
2: penalty schedules,jeu_100_25_1,geometric ramp,1,True,0.4538743399073176,2000000,0.7822112169997126
2: penalty schedules,jeu_100_25_1,geometric ramp,2,True,0.3702446384308654,2000000,0.8004237079985614
2: penalty schedules,jeu_100_25_1,geometric ramp,3,True,0.35962927039551673,2000000,0.7629992949987354
2: penalty schedules,jeu_100_25_1,geometric ramp,4,True,0.32816036210798577,2000000,0.8347728949993325
2: penalty schedules,jeu_100_25_1,geometric ramp,5,False,,2000000,0.8019526789976226
2: penalty schedules,jeu_100_25_1,geometric ramp,6,True,0.4219204655674103,2000000,0.8505530590009585
2: penalty schedules,jeu_100_25_1,geometric ramp,7,True,0.42854833494988687,2000000,0.7404087569993862
2: penalty schedules,jeu_100_25_1,geometric ramp,8,True,0.35779717641987285,2000000,0.7775519030001306
2: penalty schedules,jeu_100_25_1,geometric ramp,9,True,0.2695333548873801,2000000,0.7750811319965578
2: penalty schedules,jeu_100_25_1,geometric ramp,10,True,0.4683155512447462,1990001,0.7641237629977695
2: penalty schedules,jeu_100_25_1,geometric ramp,11,True,0.43307468477206595,2000000,0.7431505659988034
2: penalty schedules,jeu_100_25_1,geometric ramp,12,True,0.2997090203685742,2000000,0.776120267000806
2: penalty schedules,jeu_100_25_1,geometric ramp,13,True,0.2539605560944067,2000000,0.7417777430018759
2: penalty schedules,jeu_100_25_1,geometric ramp,14,True,0.6212953982110141,2000000,0.7373108270003286
2: penalty schedules,jeu_100_25_1,geometric ramp,15,True,0.4232675934906779,2000000,0.7443661889992654
2: penalty schedules,jeu_100_25_1,geometric ramp,16,True,0.4626576139670223,2000000,0.7777771930013841
2: penalty schedules,jeu_100_25_1,geometric ramp,17,True,0.4494557603189999,2000000,0.7701153119996889
2: penalty schedules,jeu_100_25_1,geometric ramp,18,True,0.36523332255630997,2000000,0.7382822629988368
2: penalty schedules,jeu_100_25_1,geometric ramp,19,True,0.3558573122103675,2000000,0.7707104490000347
2: penalty schedules,jeu_100_25_1,cyclic ramp (3x),0,True,0.4760211229658368,2000000,0.7642281629996432
2: penalty schedules,jeu_100_25_1,cyclic ramp (3x),1,True,0.2617200129324281,2000000,0.7588380530032737
2: penalty schedules,jeu_100_25_1,cyclic ramp (3x),2,True,0.38102166181700614,2000000,0.7783795840005041
2: penalty schedules,jeu_100_25_1,cyclic ramp (3x),3,True,0.39815712900096994,2000000,0.7458807330003765
2: penalty schedules,jeu_100_25_1,cyclic ramp (3x),4,True,0.35224700937601033,2000000,0.7560201779997442
2: penalty schedules,jeu_100_25_1,cyclic ramp (3x),5,True,0.3412544455221468,2000000,0.7534833509998862
2: penalty schedules,jeu_100_25_1,cyclic ramp (3x),6,True,0.5301756654811941,2000000,0.7623334819982119
2: penalty schedules,jeu_100_25_1,cyclic ramp (3x),7,True,0.2957215217157021,2000000,0.7617482339992421
2: penalty schedules,jeu_100_25_1,cyclic ramp (3x),8,True,0.3285375579265007,2000000,0.7431977559972438
2: penalty schedules,jeu_100_25_1,cyclic ramp (3x),9,True,0.39158314473542405,2000000,0.7522084949996497
2: penalty schedules,jeu_100_25_1,cyclic ramp (3x),10,True,0.29044078025649317,2000000,0.7730041129980236
2: penalty schedules,jeu_100_25_1,cyclic ramp (3x),11,True,0.2694794697704494,2000000,0.7524616280024929
2: penalty schedules,jeu_100_25_1,cyclic ramp (3x),12,True,0.3402306283004634,2000000,0.7418085709978186
2: penalty schedules,jeu_100_25_1,cyclic ramp (3x),13,True,0.4075870244638431,2000000,0.757551244001661
2: penalty schedules,jeu_100_25_1,cyclic ramp (3x),14,True,0.3916909149692855,1990001,0.7518197819990746
2: penalty schedules,jeu_100_25_1,cyclic ramp (3x),15,True,0.5231167151632719,2000000,0.7555329269998765
2: penalty schedules,jeu_100_25_1,cyclic ramp (3x),16,True,0.37110680030175663,2000000,0.7613341629985371
2: penalty schedules,jeu_100_25_1,cyclic ramp (3x),17,True,0.3708912598340338,1980002,0.729621362999751
2: penalty schedules,jeu_100_25_1,cyclic ramp (3x),18,True,0.25616984588856556,2000000,0.744015207998018
2: penalty schedules,jeu_100_25_1,cyclic ramp (3x),19,True,0.3402306283004634,2000000,0.7516563089993724
2: penalty schedules,jeu_100_25_1,in-run ramp,0,True,0.558034270934368,2000000,0.7703345410009206
2: penalty schedules,jeu_100_25_1,in-run ramp,1,True,0.309569996766893,1990500,0.7393508450004447
2: penalty schedules,jeu_100_25_1,in-run ramp,2,True,0.25493048819915937,2000000,0.745734223000909
2: penalty schedules,jeu_100_25_1,in-run ramp,3,True,0.3904515572798793,2000000,0.7785892850006348
2: penalty schedules,jeu_100_25_1,in-run ramp,4,True,0.42870999030067897,2000000,0.7818002910025825
2: penalty schedules,jeu_100_25_1,in-run ramp,5,True,0.28914753745015626,2000000,0.7689541840009042
2: penalty schedules,jeu_100_25_1,in-run ramp,6,True,0.33468046125660095,2000000,0.7633045780021348
2: penalty schedules,jeu_100_25_1,in-run ramp,7,True,0.3352731975428387,1990500,0.7478658159998304
2: penalty schedules,jeu_100_25_1,in-run ramp,8,True,0.3355965082444229,2000000,0.7586573670014332
2: penalty schedules,jeu_100_25_1,in-run ramp,9,True,0.2929194956353055,2000000,0.7588914949992613
2: penalty schedules,jeu_100_25_1,in-run ramp,10,True,0.32950749003125335,2000000,0.7706272110008285
2: penalty schedules,jeu_100_25_1,in-run ramp,11,True,0.3101088479362,2000000,0.7628741359985725
2: penalty schedules,jeu_100_25_1,in-run ramp,12,True,0.2848367280957,2000000,0.7553243080001266
2: penalty schedules,jeu_100_25_1,in-run ramp,13,True,0.4332902252397888,2000000,0.7333222960005514
2: penalty schedules,jeu_100_25_1,in-run ramp,14,True,0.47488953551029206,2000000,0.7312432229991828
2: penalty schedules,jeu_100_25_1,in-run ramp,15,True,0.44870136868197,2000000,0.7358671280017006
2: penalty schedules,jeu_100_25_1,in-run ramp,16,True,0.30337320831986203,2000000,0.7074141989978671
2: penalty schedules,jeu_100_25_1,in-run ramp,17,True,0.3326328268132342,2000000,0.761177783999301
2: penalty schedules,jeu_100_25_1,in-run ramp,18,True,0.37665696734561915,2000000,0.7423430130002089
2: penalty schedules,jeu_100_25_1,in-run ramp,19,True,0.24981140209074254,1990500,0.7348061109987611
2: penalty schedules,jeu_100_25_1,geometric + in-run ramp,0,True,0.43593059596939326,2000000,0.7575545109975792
2: penalty schedules,jeu_100_25_1,geometric + in-run ramp,1,True,0.4538743399073176,2000000,0.7662492350027605
2: penalty schedules,jeu_100_25_1,geometric + in-run ramp,2,True,0.3702446384308654,2000000,0.7359318220005662
2: penalty schedules,jeu_100_25_1,geometric + in-run ramp,3,True,0.5425153572583252,2000000,0.739804461998574
2: penalty schedules,jeu_100_25_1,geometric + in-run ramp,4,True,0.32816036210798577,2000000,0.7452494370008935
2: penalty schedules,jeu_100_25_1,geometric + in-run ramp,5,False,,2000000,0.7594257259988808
2: penalty schedules,jeu_100_25_1,geometric + in-run ramp,6,True,0.48620541006573986,2000000,0.740852024002379
2: penalty schedules,jeu_100_25_1,geometric + in-run ramp,7,True,0.42854833494988687,2000000,0.7401701210001193
2: penalty schedules,jeu_100_25_1,geometric + in-run ramp,8,True,0.35779717641987285,2000000,0.7318323479994433
2: penalty schedules,jeu_100_25_1,geometric + in-run ramp,9,True,0.2695333548873801,2000000,0.7400652910000645
2: penalty schedules,jeu_100_25_1,geometric + in-run ramp,10,True,0.3610302834357151,2000000,0.7303393959991809
2: penalty schedules,jeu_100_25_1,geometric + in-run ramp,11,True,0.43307468477206595,2000000,0.7405855550023261
2: penalty schedules,jeu_100_25_1,geometric + in-run ramp,12,False,,2000000,0.7389962369998102
2: penalty schedules,jeu_100_25_1,geometric + in-run ramp,13,True,0.2539605560944067,2000000,0.7370334070001263
2: penalty schedules,jeu_100_25_1,geometric + in-run ramp,14,True,0.6212953982110141,2000000,0.737630146999436
2: penalty schedules,jeu_100_25_1,geometric + in-run ramp,15,True,0.4232675934906779,2000000,0.7409485180032789
2: penalty schedules,jeu_100_25_1,geometric + in-run ramp,16,True,0.5264037072960448,2000000,0.7538850790006109
2: penalty schedules,jeu_100_25_1,geometric + in-run ramp,17,True,0.4494557603189999,2000000,0.7436609219985257
2: penalty schedules,jeu_100_25_1,geometric + in-run ramp,18,True,0.36523332255630997,2000000,0.7362305429996923
2: penalty schedules,jeu_100_25_1,geometric + in-run ramp,19,True,0.3558573122103675,2000000,0.7219337830028962
2: penalty schedules,jeu_100_25_1,adaptive,0,True,0.32304127599956894,2000000,0.7393773959993268
2: penalty schedules,jeu_100_25_1,adaptive,1,True,0.3660954844272012,2000000,0.7294825290009612
2: penalty schedules,jeu_100_25_1,adaptive,2,True,0.42019614182562776,2000000,0.7385190160021011
2: penalty schedules,jeu_100_25_1,adaptive,3,True,0.3382907640909581,2000000,0.7411243750029826
2: penalty schedules,jeu_100_25_1,adaptive,4,True,0.3067140855695657,2000000,0.7424635930001386
2: penalty schedules,jeu_100_25_1,adaptive,5,True,0.31210259726263606,2000000,0.7429378289998567
2: penalty schedules,jeu_100_25_1,adaptive,6,True,0.38086000646621404,2000000,0.7460911960006342
2: penalty schedules,jeu_100_25_1,adaptive,7,True,0.4093113482056256,2000000,0.7286316829995485
2: penalty schedules,jeu_100_25_1,adaptive,8,True,0.5115853001401013,2000000,0.7466248749988154
2: penalty schedules,jeu_100_25_1,adaptive,9,True,0.3574738657182886,2000000,0.7456922429992119
2: penalty schedules,jeu_100_25_1,adaptive,10,True,0.3083845241944175,2000000,0.7473870610010636
2: penalty schedules,jeu_100_25_1,adaptive,11,True,0.40430003233107015,2000000,0.7342350290018658
2: penalty schedules,jeu_100_25_1,adaptive,12,True,0.36372453928225024,2000000,0.7361468630006129
2: penalty schedules,jeu_100_25_1,adaptive,13,True,0.4225670869705787,2000000,0.7402882869973837
2: penalty schedules,jeu_100_25_1,adaptive,14,True,0.49078564500484967,1990001,0.7406191490008496
2: penalty schedules,jeu_100_25_1,adaptive,15,True,0.3635089988145274,2000000,0.7394316299978527
2: penalty schedules,jeu_100_25_1,adaptive,16,True,0.370136868197004,2000000,0.7518345999997109
2: penalty schedules,jeu_100_25_1,adaptive,17,True,0.35795883177066495,2000000,0.7221607479987142
2: penalty schedules,jeu_100_25_1,adaptive,18,True,0.4739734885224701,2000000,0.7436116169992601
2: penalty schedules,jeu_100_25_1,adaptive,19,True,0.3938463196465136,2000000,0.7340102299967839
2: penalty schedules,jeu_100_25_1,ALM (λ = 1),0,True,0.367765923052053,2000000,0.7518395799997961
2: penalty schedules,jeu_100_25_1,ALM (λ = 1),1,True,0.43716995365879946,2000000,0.7422683810000308
2: penalty schedules,jeu_100_25_1,ALM (λ = 1),2,True,0.35957538527858607,2000000,0.7501732360033202
2: penalty schedules,jeu_100_25_1,ALM (λ = 1),3,True,0.37250781334195493,2000000,0.7498527329989884
2: penalty schedules,jeu_100_25_1,ALM (λ = 1),4,True,0.4133527319754284,2000000,0.7504804829986824
2: penalty schedules,jeu_100_25_1,ALM (λ = 1),5,True,0.49649746739950423,2000000,0.7288200319999305
2: penalty schedules,jeu_100_25_1,ALM (λ = 1),6,True,0.39233753637245394,2000000,0.7487222230010957
2: penalty schedules,jeu_100_25_1,ALM (λ = 1),7,True,0.44606099795236553,2000000,0.7501021889984258
2: penalty schedules,jeu_100_25_1,ALM (λ = 1),8,True,0.3629701476452204,2000000,0.7433128160009801
2: penalty schedules,jeu_100_25_1,ALM (λ = 1),9,True,0.5629917016919926,2000000,0.7472415430020192
2: penalty schedules,jeu_100_25_1,ALM (λ = 1),10,True,0.4929949347990085,2000000,0.7496936790012114
2: penalty schedules,jeu_100_25_1,ALM (λ = 1),11,True,0.40866472680245713,2000000,0.7226122399988526
2: penalty schedules,jeu_100_25_1,ALM (λ = 1),12,True,0.3924453066063153,2000000,0.7582273059997533
2: penalty schedules,jeu_100_25_1,ALM (λ = 1),13,True,0.33397995473650177,2000000,0.7289624350014492
2: penalty schedules,jeu_100_25_1,ALM (λ = 1),14,True,0.436523332255631,2000000,0.7464065380008833
2: penalty schedules,jeu_100_25_1,ALM (λ = 1),15,True,0.4697165642849445,2000000,0.7338546329992823
2: penalty schedules,jeu_100_25_1,ALM (λ = 1),16,True,0.4349067787477099,2000000,0.7562666689991602
2: penalty schedules,jeu_100_25_1,ALM (λ = 1),17,True,0.38441642418364047,2000000,0.7575444210015121
2: penalty schedules,jeu_100_25_1,ALM (λ = 1),18,True,0.3860868628084923,2000000,0.7472761899989564
2: penalty schedules,jeu_100_25_1,ALM (λ = 1),19,True,0.4436900528074146,2000000,0.7411098670017964
2: penalty schedules,jeu_100_25_1,ALM (λ = 0.5),0,True,0.449617415669792,2000000,0.7470418920020165
2: penalty schedules,jeu_100_25_1,ALM (λ = 0.5),1,True,0.2994934799008514,2000000,0.7466962920007063
2: penalty schedules,jeu_100_25_1,ALM (λ = 0.5),2,True,0.4749434206272228,2000000,0.7523500960014644
2: penalty schedules,jeu_100_25_1,ALM (λ = 0.5),3,True,0.4164780687574092,2000000,0.7142233300000953
2: penalty schedules,jeu_100_25_1,ALM (λ = 0.5),4,True,0.5156805690268348,2000000,0.7487558770008036
2: penalty schedules,jeu_100_25_1,ALM (λ = 0.5),5,True,0.530552861299709,2000000,0.757001402998867
2: penalty schedules,jeu_100_25_1,ALM (λ = 0.5),6,True,0.40801810539928873,2000000,0.751304457000515
2: penalty schedules,jeu_100_25_1,ALM (λ = 0.5),7,True,0.41292165103998274,2000000,0.7604527090006741
2: penalty schedules,jeu_100_25_1,ALM (λ = 0.5),8,True,0.4005819592628516,2000000,0.7487051600000996
2: penalty schedules,jeu_100_25_1,ALM (λ = 0.5),9,True,0.4090419226209721,2000000,0.7513365390004765
2: penalty schedules,jeu_100_25_1,ALM (λ = 0.5),10,True,0.41399935337859683,2000000,0.7557164879981428
2: penalty schedules,jeu_100_25_1,ALM (λ = 0.5),11,False,,2000000,0.7473848170011479
2: penalty schedules,jeu_100_25_1,ALM (λ = 0.5),12,True,0.44439055932751376,2000000,0.7242110959996353
2: penalty schedules,jeu_100_25_1,ALM (λ = 0.5),13,True,0.3864101735100765,1990001,0.7457958810009586
2: penalty schedules,jeu_100_25_1,ALM (λ = 0.5),14,True,0.5060351330962388,2000000,0.7542873869970208
2: penalty schedules,jeu_100_25_1,ALM (λ = 0.5),15,True,0.41717857527750835,2000000,0.7392833970006905
2: penalty schedules,jeu_100_25_1,ALM (λ = 0.5),16,False,,2000000,0.7567712630007009
2: penalty schedules,jeu_100_25_1,ALM (λ = 0.5),17,True,0.5570643388296153,2000000,0.75884250099989
2: penalty schedules,jeu_100_25_1,ALM (λ = 0.5),18,True,0.5514064015518914,2000000,0.7439307770000596
2: penalty schedules,jeu_100_25_1,ALM (λ = 0.5),19,True,0.3844703093005712,2000000,0.7430565059985383
2: penalty schedules,jeu_200_25_1,baseline,0,False,,2000000,1.3939522959990427
2: penalty schedules,jeu_200_25_1,baseline,1,True,0.6636340068772898,2000000,1.3797287059969676
2: penalty schedules,jeu_200_25_1,baseline,2,True,0.603220489040848,2000000,1.3847187110004597
2: penalty schedules,jeu_200_25_1,baseline,3,True,0.555206636633552,2000000,1.3773845069990784
2: penalty schedules,jeu_200_25_1,baseline,4,True,0.5789445365655617,2000000,1.347218132999842
2: penalty schedules,jeu_200_25_1,baseline,5,False,,2000000,1.374366550000559
2: penalty schedules,jeu_200_25_1,baseline,6,True,0.5512886358411473,2000000,1.3729962309989787
2: penalty schedules,jeu_200_25_1,baseline,7,True,0.6560376832435764,2000000,1.3674364070029696
2: penalty schedules,jeu_200_25_1,baseline,8,False,,2000000,1.3959486300009303
2: penalty schedules,jeu_200_25_1,baseline,9,True,0.7432462177351901,2000000,1.3765476070002478
2: penalty schedules,jeu_200_25_1,baseline,10,True,0.6352737464598588,2000000,1.4073683120004716
2: penalty schedules,jeu_200_25_1,baseline,11,False,,2000000,1.3934514880020288
2: penalty schedules,jeu_200_25_1,baseline,12,False,,2000000,1.3620369990021572
2: penalty schedules,jeu_200_25_1,baseline,13,False,,2000000,1.385805697998876
2: penalty schedules,jeu_200_25_1,baseline,14,True,0.5758580715218572,2000000,1.3830882649999694
2: penalty schedules,jeu_200_25_1,baseline,15,True,0.5574909142490988,2000000,1.3735029189992929
2: penalty schedules,jeu_200_25_1,baseline,16,False,,2000000,1.4014950790005969
2: penalty schedules,jeu_200_25_1,baseline,17,True,0.6905561995881452,2000000,1.4008071040007053
2: penalty schedules,jeu_200_25_1,baseline,18,False,,2000000,1.3608938549987215
2: penalty schedules,jeu_200_25_1,baseline,19,False,,2000000,1.3936879199973191
2: penalty schedules,jeu_200_25_1,linear ramp,0,False,,2000000,1.4078936860023532
2: penalty schedules,jeu_200_25_1,linear ramp,1,True,0.5900920069849003,2000000,1.4017127440019976
2: penalty schedules,jeu_200_25_1,linear ramp,2,True,0.6134581615233735,2000000,1.3745042520022253
2: penalty schedules,jeu_200_25_1,linear ramp,3,True,0.6426597404630187,2000000,1.4011113650012703
2: penalty schedules,jeu_200_25_1,linear ramp,4,True,0.702046067080478,2000000,1.399090172999422
2: penalty schedules,jeu_200_25_1,linear ramp,5,True,0.756227958188426,2000000,1.4276965970020683
2: penalty schedules,jeu_200_25_1,linear ramp,6,True,0.6678944047426886,2000000,1.3539941100025317
2: penalty schedules,jeu_200_25_1,linear ramp,7,True,0.6486125581463601,2000000,1.390328251000028
2: penalty schedules,jeu_200_25_1,linear ramp,8,True,0.616207120880841,2000000,1.4201256400010607
2: penalty schedules,jeu_200_25_1,linear ramp,9,False,,2000000,1.4130192899974645
2: penalty schedules,jeu_200_25_1,linear ramp,10,False,,2000000,1.4227036959964607
2: penalty schedules,jeu_200_25_1,linear ramp,11,True,0.648035374509027,2000000,1.3801529670017771
2: penalty schedules,jeu_200_25_1,linear ramp,12,True,0.6513664088905846,2000000,1.4156523210003797
2: penalty schedules,jeu_200_25_1,linear ramp,13,False,,2000000,1.4043155580002349
2: penalty schedules,jeu_200_25_1,linear ramp,14,False,,2000000,1.3950726260009105
2: penalty schedules,jeu_200_25_1,linear ramp,15,True,0.6715776189707544,2000000,1.4039899759991386
2: penalty schedules,jeu_200_25_1,linear ramp,16,True,0.647125576572214,2000000,1.4106705320009496
2: penalty schedules,jeu_200_25_1,linear ramp,17,True,0.632823161694572,2000000,1.3875763910000387
2: penalty schedules,jeu_200_25_1,linear ramp,18,False,,2000000,1.4124883549993683
2: penalty schedules,jeu_200_25_1,linear ramp,19,True,0.6425423471808492,2000000,1.4145799420002731
2: penalty schedules,jeu_200_25_1,geometric ramp,0,False,,2000000,1.4221820589991694
2: penalty schedules,jeu_200_25_1,geometric ramp,1,False,,2000000,1.4004280199987988
2: penalty schedules,jeu_200_25_1,geometric ramp,2,True,0.5993171624087145,2000000,1.4105360949979513
2: penalty schedules,jeu_200_25_1,geometric ramp,3,True,0.617694102454987,2000000,1.4042770349988132
2: penalty schedules,jeu_200_25_1,geometric ramp,4,True,0.6763516124456445,2000000,1.4197985639984836
2: penalty schedules,jeu_200_25_1,geometric ramp,5,True,0.6099363630582907,2000000,1.4161239830027625
2: penalty schedules,jeu_200_25_1,geometric ramp,6,True,0.6678944047426886,2000000,1.4122470949987473
2: penalty schedules,jeu_200_25_1,geometric ramp,7,False,,2000000,1.4041797279969614
2: penalty schedules,jeu_200_25_1,geometric ramp,8,True,0.616207120880841,2000000,1.3978260879994195
2: penalty schedules,jeu_200_25_1,geometric ramp,9,False,,2000000,1.348942676999286
2: penalty schedules,jeu_200_25_1,geometric ramp,10,False,,2000000,1.4082888209995872
2: penalty schedules,jeu_200_25_1,geometric ramp,11,True,0.6709564128526079,2000000,1.4068159559974447
2: penalty schedules,jeu_200_25_1,geometric ramp,12,True,0.6323829368864367,2000000,1.4103118959974381
2: penalty schedules,jeu_200_25_1,geometric ramp,13,True,0.6977563208945368,2000000,1.366106886001944
2: penalty schedules,jeu_200_25_1,geometric ramp,14,True,0.5385123336317079,2000000,1.3871901139973488
2: penalty schedules,jeu_200_25_1,geometric ramp,15,True,0.598700847677325,2000000,1.395696808998764
2: penalty schedules,jeu_200_25_1,geometric ramp,16,False,,2000000,1.4101659179978014
2: penalty schedules,jeu_200_25_1,geometric ramp,17,True,0.632823161694572,2000000,1.39956975899986
2: penalty schedules,jeu_200_25_1,geometric ramp,18,False,,2000000,1.3996480790010537
2: penalty schedules,jeu_200_25_1,geometric ramp,19,True,0.6425423471808492,2000000,1.4144857020000927
2: penalty schedules,jeu_200_25_1,cyclic ramp (3x),0,False,,2000000,1.4092959059998975
2: penalty schedules,jeu_200_25_1,cyclic ramp (3x),1,True,0.6932415709177709,2000000,1.4061973739990208
2: penalty schedules,jeu_200_25_1,cyclic ramp (3x),2,True,0.6599703581962523,2000000,1.360420910998073
2: penalty schedules,jeu_200_25_1,cyclic ramp (3x),3,False,,2000000,1.3907854539975233
2: penalty schedules,jeu_200_25_1,cyclic ramp (3x),4,False,,1990001,1.3840819639990514
2: penalty schedules,jeu_200_25_1,cyclic ramp (3x),5,False,,2000000,1.4531637109976145
2: penalty schedules,jeu_200_25_1,cyclic ramp (3x),6,True,0.6678944047426886,2000000,1.4172370500018587
2: penalty schedules,jeu_200_25_1,cyclic ramp (3x),7,True,0.6011416496690977,2000000,1.4012254430017492
2: penalty schedules,jeu_200_25_1,cyclic ramp (3x),8,False,,2000000,1.417569805002131
2: penalty schedules,jeu_200_25_1,cyclic ramp (3x),9,False,,2000000,1.4329377109970665
2: penalty schedules,jeu_200_25_1,cyclic ramp (3x),10,False,,2000000,1.4028923780024343
2: penalty schedules,jeu_200_25_1,cyclic ramp (3x),11,False,,2000000,1.4130360420022043
2: penalty schedules,jeu_200_25_1,cyclic ramp (3x),12,False,,2000000,1.413052883999626
2: penalty schedules,jeu_200_25_1,cyclic ramp (3x),13,False,,2000000,1.4193910860012693
2: penalty schedules,jeu_200_25_1,cyclic ramp (3x),14,True,0.5670927064532065,2000000,1.3882111450002412
2: penalty schedules,jeu_200_25_1,cyclic ramp (3x),15,True,0.7519577775495131,2000000,1.4319043470022734
2: penalty schedules,jeu_200_25_1,cyclic ramp (3x),16,True,0.647125576572214,2000000,1.441597189001186
2: penalty schedules,jeu_200_25_1,cyclic ramp (3x),17,True,0.6054607441755813,2000000,1.4311539029986307
2: penalty schedules,jeu_200_25_1,cyclic ramp (3x),18,False,,2000000,1.385371929001849
2: penalty schedules,jeu_200_25_1,cyclic ramp (3x),19,False,,2000000,1.4008867260017723
2: penalty schedules,jeu_200_25_1,in-run ramp,0,False,,2000000,1.312115837001329
2: penalty schedules,jeu_200_25_1,in-run ramp,1,True,0.6636340068772898,2000000,1.3882902660006948
2: penalty schedules,jeu_200_25_1,in-run ramp,2,True,0.603220489040848,2000000,1.3874345910007833
2: penalty schedules,jeu_200_25_1,in-run ramp,3,True,0.555206636633552,2000000,1.4122074379993137
2: penalty schedules,jeu_200_25_1,in-run ramp,4,True,0.5789445365655617,2000000,1.3928663000006054
2: penalty schedules,jeu_200_25_1,in-run ramp,5,False,,2000000,1.396902663000219
2: penalty schedules,jeu_200_25_1,in-run ramp,6,True,0.5512886358411473,2000000,1.3836621819973516
2: penalty schedules,jeu_200_25_1,in-run ramp,7,True,0.6560376832435764,2000000,1.3953440650002449
2: penalty schedules,jeu_200_25_1,in-run ramp,8,False,,2000000,1.4243534179986455
2: penalty schedules,jeu_200_25_1,in-run ramp,9,True,0.5765966709221731,2000000,1.3925090270022338
2: penalty schedules,jeu_200_25_1,in-run ramp,10,True,0.6352737464598588,2000000,1.416668974001368
2: penalty schedules,jeu_200_25_1,in-run ramp,11,False,,2000000,1.3936686939996434
2: penalty schedules,jeu_200_25_1,in-run ramp,12,False,,2000000,1.4024670270009665
2: penalty schedules,jeu_200_25_1,in-run ramp,13,False,,2000000,1.408219007000298
2: penalty schedules,jeu_200_25_1,in-run ramp,14,True,0.5758580715218572,2000000,1.390613255000062
2: penalty schedules,jeu_200_25_1,in-run ramp,15,True,0.5574909142490988,2000000,1.3826042609980504
2: penalty schedules,jeu_200_25_1,in-run ramp,16,False,,2000000,1.4622115199999826
2: penalty schedules,jeu_200_25_1,in-run ramp,17,True,0.6905561995881452,2000000,1.3842375109998102
2: penalty schedules,jeu_200_25_1,in-run ramp,18,False,,2000000,1.3916929190017981
2: penalty schedules,jeu_200_25_1,in-run ramp,19,False,,2000000,1.3779791230008414
2: penalty schedules,jeu_200_25_1,geometric + in-run ramp,0,False,,2000000,1.4151226389985823
2: penalty schedules,jeu_200_25_1,geometric + in-run ramp,1,False,,2000000,1.4103619920024357
2: penalty schedules,jeu_200_25_1,geometric + in-run ramp,2,True,0.5993171624087145,2000000,1.4059919419996731
2: penalty schedules,jeu_200_25_1,geometric + in-run ramp,3,True,0.617694102454987,2000000,1.4102256920014042
2: penalty schedules,jeu_200_25_1,geometric + in-run ramp,4,True,0.6763516124456445,2000000,1.4251280480020796
2: penalty schedules,jeu_200_25_1,geometric + in-run ramp,5,True,0.6099363630582907,2000000,1.3666818050005531
2: penalty schedules,jeu_200_25_1,geometric + in-run ramp,6,True,0.6678944047426886,2000000,1.3528344350015686
2: penalty schedules,jeu_200_25_1,geometric + in-run ramp,7,False,,2000000,1.4332236379996175
2: penalty schedules,jeu_200_25_1,geometric + in-run ramp,8,True,0.616207120880841,2000000,1.4359850050022942
2: penalty schedules,jeu_200_25_1,geometric + in-run ramp,9,False,,2000000,1.4116030340010184
2: penalty schedules,jeu_200_25_1,geometric + in-run ramp,10,False,,2000000,1.3852282040024875
2: penalty schedules,jeu_200_25_1,geometric + in-run ramp,11,True,0.6709564128526079,2000000,1.4010668010014342
2: penalty schedules,jeu_200_25_1,geometric + in-run ramp,12,True,0.6323829368864367,2000000,1.3759978970010707
2: penalty schedules,jeu_200_25_1,geometric + in-run ramp,13,True,0.6977563208945368,2000000,1.4425692660006462
2: penalty schedules,jeu_200_25_1,geometric + in-run ramp,14,True,0.5385123336317079,2000000,1.3964369730019826
2: penalty schedules,jeu_200_25_1,geometric + in-run ramp,15,True,0.598700847677325,2000000,1.4133246730016253
2: penalty schedules,jeu_200_25_1,geometric + in-run ramp,16,False,,2000000,1.4107106579976971
2: penalty schedules,jeu_200_25_1,geometric + in-run ramp,17,True,0.632823161694572,2000000,1.4162360169975727
2: penalty schedules,jeu_200_25_1,geometric + in-run ramp,18,False,,2000000,1.3929875220019312
2: penalty schedules,jeu_200_25_1,geometric + in-run ramp,19,True,0.6425423471808492,2000000,1.4191008809975756
2: penalty schedules,jeu_200_25_1,adaptive,0,True,0.5424743569049261,2000000,1.3753209240021533
2: penalty schedules,jeu_200_25_1,adaptive,1,True,0.6185598779109865,2000000,1.425890745002107
2: penalty schedules,jeu_200_25_1,adaptive,2,False,,2000000,1.3877018919993134
2: penalty schedules,jeu_200_25_1,adaptive,3,True,0.5764597120929755,2000000,1.4140184890020464
2: penalty schedules,jeu_200_25_1,adaptive,4,True,0.5738428201779486,2000000,1.394815554998786
2: penalty schedules,jeu_200_25_1,adaptive,5,False,,2000000,1.4162901810013864
2: penalty schedules,jeu_200_25_1,adaptive,6,True,0.6678944047426886,2000000,1.3895014800000354
2: penalty schedules,jeu_200_25_1,adaptive,7,True,0.5888055722677936,2000000,1.3915196370035119
2: penalty schedules,jeu_200_25_1,adaptive,8,True,0.5320018978580617,2000000,1.3886310369998682
2: penalty schedules,jeu_200_25_1,adaptive,9,True,0.5662024740634217,2000000,1.3741549659971497
2: penalty schedules,jeu_200_25_1,adaptive,10,True,0.5337383401568179,2000000,1.355388554999081
2: penalty schedules,jeu_200_25_1,adaptive,11,True,0.4572517254366786,2000000,1.3917751450026117
2: penalty schedules,jeu_200_25_1,adaptive,12,False,,2000000,1.38234798099802
2: penalty schedules,jeu_200_25_1,adaptive,13,False,,2000000,1.3850102579999657
2: penalty schedules,jeu_200_25_1,adaptive,14,True,0.6532691583390807,2000000,1.3868700620005256
2: penalty schedules,jeu_200_25_1,adaptive,15,False,,2000000,1.3940896480016818
2: penalty schedules,jeu_200_25_1,adaptive,16,True,0.6522615326671265,2000000,1.393078355002217
2: penalty schedules,jeu_200_25_1,adaptive,17,True,0.5759607906437554,2000000,1.3423567130012088
2: penalty schedules,jeu_200_25_1,adaptive,18,True,0.501856281274304,2000000,1.387144726999395
2: penalty schedules,jeu_200_25_1,adaptive,19,True,0.6257013025762934,2000000,1.4197333400006755
2: penalty schedules,jeu_200_25_1,ALM (λ = 1),0,False,,2000000,1.4329799019978964
2: penalty schedules,jeu_200_25_1,ALM (λ = 1),1,True,0.6677036406591633,2000000,1.4118826079975406
2: penalty schedules,jeu_200_25_1,ALM (λ = 1),2,False,,2000000,1.4158801770026912
2: penalty schedules,jeu_200_25_1,ALM (λ = 1),3,True,0.6616627780141948,2000000,1.4006444830010878
2: penalty schedules,jeu_200_25_1,ALM (λ = 1),4,False,,2000000,1.4058896960013954
2: penalty schedules,jeu_200_25_1,ALM (λ = 1),5,True,0.7709901634212315,2000000,1.4539080329996068
2: penalty schedules,jeu_200_25_1,ALM (λ = 1),6,False,,2000000,1.4032442619973153
2: penalty schedules,jeu_200_25_1,ALM (λ = 1),7,True,0.6560376832435764,2000000,1.4326453729991044
2: penalty schedules,jeu_200_25_1,ALM (λ = 1),8,True,0.7155267289829339,2000000,1.407641785001033
2: penalty schedules,jeu_200_25_1,ALM (λ = 1),9,True,0.6518164164722341,2000000,1.4315110549978272
2: penalty schedules,jeu_200_25_1,ALM (λ = 1),10,True,0.6730156866773299,2000000,1.4339288150003995
2: penalty schedules,jeu_200_25_1,ALM (λ = 1),11,False,,2000000,1.4186470639979234
2: penalty schedules,jeu_200_25_1,ALM (λ = 1),12,True,0.5941176182859602,2000000,1.386371770000551
2: penalty schedules,jeu_200_25_1,ALM (λ = 1),13,True,0.7475653122416737,2000000,1.4163393039998482
2: penalty schedules,jeu_200_25_1,ALM (λ = 1),14,True,0.6551474508537916,2000000,1.3911229389996151
2: penalty schedules,jeu_200_25_1,ALM (λ = 1),15,True,0.6075640404811168,2000000,1.3891021579984226
2: penalty schedules,jeu_200_25_1,ALM (λ = 1),16,True,0.7687890393805548,2000000,1.3977079319993209
2: penalty schedules,jeu_200_25_1,ALM (λ = 1),17,True,0.5685014258392397,2000000,1.3916988390010374
2: penalty schedules,jeu_200_25_1,ALM (λ = 1),18,False,,2000000,1.4097594910017506
2: penalty schedules,jeu_200_25_1,ALM (λ = 1),19,False,,2000000,1.4041590300003008
2: penalty schedules,jeu_200_25_1,ALM (λ = 0.5),0,True,0.7537578078761109,2000000,1.4234313160013699
2: penalty schedules,jeu_200_25_1,ALM (λ = 0.5),1,False,,2000000,1.415785216002405
2: penalty schedules,jeu_200_25_1,ALM (λ = 0.5),2,True,0.7279801996664074,2000000,1.4431090770012815
2: penalty schedules,jeu_200_25_1,ALM (λ = 0.5),3,False,,2000000,1.4088081030022295
2: penalty schedules,jeu_200_25_1,ALM (λ = 0.5),4,False,,2000000,1.418528026999411
2: penalty schedules,jeu_200_25_1,ALM (λ = 0.5),5,False,,2000000,1.4531637899999623
2: penalty schedules,jeu_200_25_1,ALM (λ = 0.5),6,True,0.610875509315646,2000000,1.3923082540022733
2: penalty schedules,jeu_200_25_1,ALM (λ = 0.5),7,True,0.6560376832435764,2000000,1.44113036699855
2: penalty schedules,jeu_200_25_1,ALM (λ = 0.5),8,True,0.6394069682695741,2000000,1.42192892499952
2: penalty schedules,jeu_200_25_1,ALM (λ = 0.5),9,False,,2000000,1.4264909320008883
2: penalty schedules,jeu_200_25_1,ALM (λ = 0.5),10,True,0.6363645257066831,2000000,1.4093390380003257
2: penalty schedules,jeu_200_25_1,ALM (λ = 0.5),11,False,,2000000,1.4108968139989884
2: penalty schedules,jeu_200_25_1,ALM (λ = 0.5),12,True,0.7256078770892336,2000000,1.430150746000436
2: penalty schedules,jeu_200_25_1,ALM (λ = 0.5),13,True,0.6606502609554835,2000000,1.3981783210001595
2: penalty schedules,jeu_200_25_1,ALM (λ = 0.5),14,True,0.6778630509535758,2000000,1.414078713998606
2: penalty schedules,jeu_200_25_1,ALM (λ = 0.5),15,True,0.8008814278936222,2000000,1.408214628998394
2: penalty schedules,jeu_200_25_1,ALM (λ = 0.5),16,True,0.7531708414652638,2000000,1.4137398470011249
2: penalty schedules,jeu_200_25_1,ALM (λ = 0.5),17,True,0.6905561995881452,2000000,1.4007205689995317
2: penalty schedules,jeu_200_25_1,ALM (λ = 0.5),18,False,,2000000,1.4196828130006907
2: penalty schedules,jeu_200_25_1,ALM (λ = 0.5),19,True,0.7608796669943896,2000000,1.4303296979996958
2: penalty schedules,jeu_300_50_1,baseline,0,True,0.401603883290902,2000000,2.076096405999124
2: penalty schedules,jeu_300_50_1,baseline,1,True,0.39917487859846235,2000000,2.105584233002446
2: penalty schedules,jeu_300_50_1,baseline,2,True,0.4915101708484375,2000000,2.0735072389979905
2: penalty schedules,jeu_300_50_1,baseline,3,True,0.5007450635884989,2000000,2.0631603369984077
2: penalty schedules,jeu_300_50_1,baseline,4,True,0.4685524729293563,2000000,2.1024416779982857
2: penalty schedules,jeu_300_50_1,baseline,5,True,0.42800543068571173,2000000,2.101293984997028
2: penalty schedules,jeu_300_50_1,baseline,6,True,0.4103109009133603,2000000,2.1091637639983674
2: penalty schedules,jeu_300_50_1,baseline,7,True,0.4599564843906743,2000000,2.095087675999821
2: penalty schedules,jeu_300_50_1,baseline,8,True,0.4573463269825996,2000000,2.107164704000752
2: penalty schedules,jeu_300_50_1,baseline,9,True,0.48780335775323885,2000000,2.078418453998893
2: penalty schedules,jeu_300_50_1,baseline,10,False,,2000000,2.1026605869992636
2: penalty schedules,jeu_300_50_1,baseline,11,True,0.43749939128791787,2000000,2.08920065699931
2: penalty schedules,jeu_300_50_1,baseline,12,False,,2000000,2.0654965410030854
2: penalty schedules,jeu_300_50_1,baseline,13,True,0.4708217515714511,2000000,2.101937093997549
2: penalty schedules,jeu_300_50_1,baseline,14,True,0.42764312525444165,2000000,2.087787775999459
2: penalty schedules,jeu_300_50_1,baseline,15,False,,2000000,2.1061668670008658
2: penalty schedules,jeu_300_50_1,baseline,16,False,,2000000,2.0955469139989873
2: penalty schedules,jeu_300_50_1,baseline,17,True,0.40276676685255924,2000000,2.09212623699932
2: penalty schedules,jeu_300_50_1,baseline,18,True,0.42379411701686276,2000000,2.094063639000524
2: penalty schedules,jeu_300_50_1,baseline,19,True,0.41855627129274864,2000000,2.076919289000216
2: penalty schedules,jeu_300_50_1,linear ramp,0,False,,2000000,2.0928428360020916
2: penalty schedules,jeu_300_50_1,linear ramp,1,True,0.4852418973117327,2000000,2.095395454001846
2: penalty schedules,jeu_300_50_1,linear ramp,2,False,,2000000,2.0994571060000453
2: penalty schedules,jeu_300_50_1,linear ramp,3,False,,2000000,2.069118511997658
2: penalty schedules,jeu_300_50_1,linear ramp,4,True,0.517512403117385,2000000,2.098544642001798
2: penalty schedules,jeu_300_50_1,linear ramp,5,False,,2000000,2.0835024469997734
2: penalty schedules,jeu_300_50_1,linear ramp,6,True,0.4882669528749715,2000000,2.0719686390002607
2: penalty schedules,jeu_300_50_1,linear ramp,7,True,0.49997759939537845,2000000,2.072025036002742
2: penalty schedules,jeu_300_50_1,linear ramp,8,False,,2000000,2.095791731000645
2: penalty schedules,jeu_300_50_1,linear ramp,9,False,,2000000,2.0685667079997074
2: penalty schedules,jeu_300_50_1,linear ramp,10,False,,2000000,2.0803422190001584
2: penalty schedules,jeu_300_50_1,linear ramp,11,False,,2000000,2.060926488000405
2: penalty schedules,jeu_300_50_1,linear ramp,12,False,,2000000,2.0911953590002668
2: penalty schedules,jeu_300_50_1,linear ramp,13,True,0.4904563684918939,2000000,2.0608296940008586
2: penalty schedules,jeu_300_50_1,linear ramp,14,True,0.51146423986957,2000000,2.096898956999212
2: penalty schedules,jeu_300_50_1,linear ramp,15,False,,2000000,2.0817525740021665
2: penalty schedules,jeu_300_50_1,linear ramp,16,True,0.5114467089616054,2000000,2.1027947129987297
2: penalty schedules,jeu_300_50_1,linear ramp,17,False,,2000000,2.0711761539969302
2: penalty schedules,jeu_300_50_1,linear ramp,18,False,,2000000,2.0749627000004693
2: penalty schedules,jeu_300_50_1,linear ramp,19,False,,2000000,2.083435559998179
2: penalty schedules,jeu_300_50_1,geometric ramp,0,False,,2000000,2.0526462759989954
2: penalty schedules,jeu_300_50_1,geometric ramp,1,False,,2000000,2.092483860000357
2: penalty schedules,jeu_300_50_1,geometric ramp,2,False,,2000000,2.1018887820027885
2: penalty schedules,jeu_300_50_1,geometric ramp,3,False,,2000000,2.095837879998726
2: penalty schedules,jeu_300_50_1,geometric ramp,4,False,,2000000,2.10355731099844
2: penalty schedules,jeu_300_50_1,geometric ramp,5,False,,2000000,2.066092650002247
2: penalty schedules,jeu_300_50_1,geometric ramp,6,True,0.4882669528749715,2000000,2.0935849850029626
2: penalty schedules,jeu_300_50_1,geometric ramp,7,False,,2000000,2.0964156330010155
2: penalty schedules,jeu_300_50_1,geometric ramp,8,False,,2000000,2.1036296890015365
2: penalty schedules,jeu_300_50_1,geometric ramp,9,False,,2000000,2.076633602999209
2: penalty schedules,jeu_300_50_1,geometric ramp,10,False,,2000000,2.065455893000035
2: penalty schedules,jeu_300_50_1,geometric ramp,11,False,,2000000,2.099638170999242
2: penalty schedules,jeu_300_50_1,geometric ramp,12,False,,2000000,2.077815960998123
2: penalty schedules,jeu_300_50_1,geometric ramp,13,True,0.5744235740067279,2000000,2.1301934990005975
2: penalty schedules,jeu_300_50_1,geometric ramp,14,True,0.4853509785168462,2000000,2.0860321020008996
2: penalty schedules,jeu_300_50_1,geometric ramp,15,False,,2000000,2.082225518002815
2: penalty schedules,jeu_300_50_1,geometric ramp,16,True,0.51674883468159,2000000,2.081306220999977
2: penalty schedules,jeu_300_50_1,geometric ramp,17,False,,2000000,2.073598162998678
2: penalty schedules,jeu_300_50_1,geometric ramp,18,False,,2000000,2.033442900999944
2: penalty schedules,jeu_300_50_1,geometric ramp,19,False,,2000000,2.077520317001472
2: penalty schedules,jeu_300_50_1,cyclic ramp (3x),0,False,,2000000,2.102938117001031
2: penalty schedules,jeu_300_50_1,cyclic ramp (3x),1,False,,2000000,2.07097321600304
2: penalty schedules,jeu_300_50_1,cyclic ramp (3x),2,True,0.4541440144610512,2000000,2.0782239510008367
2: penalty schedules,jeu_300_50_1,cyclic ramp (3x),3,True,0.47852366380393435,2000000,2.0903981249975914
2: penalty schedules,jeu_300_50_1,cyclic ramp (3x),4,True,0.4476867966940603,2000000,2.09753492299933
2: penalty schedules,jeu_300_50_1,cyclic ramp (3x),5,False,,2000000,2.068766748998314
2: penalty schedules,jeu_300_50_1,cyclic ramp (3x),6,False,,2000000,2.0829081529991527
2: penalty schedules,jeu_300_50_1,cyclic ramp (3x),7,False,,2000000,2.10415506299978
2: penalty schedules,jeu_300_50_1,cyclic ramp (3x),8,False,,2000000,2.039235659998667
2: penalty schedules,jeu_300_50_1,cyclic ramp (3x),9,False,,2000000,2.0815135770026245
2: penalty schedules,jeu_300_50_1,cyclic ramp (3x),10,False,,2000000,2.0971817870013183
2: penalty schedules,jeu_300_50_1,cyclic ramp (3x),11,False,,2000000,2.076457836003101
2: penalty schedules,jeu_300_50_1,cyclic ramp (3x),12,False,,2000000,2.0862734529982845
2: penalty schedules,jeu_300_50_1,cyclic ramp (3x),13,False,,2000000,2.090587176000554
2: penalty schedules,jeu_300_50_1,cyclic ramp (3x),14,True,0.5811398596358636,2000000,2.1096432089980226
2: penalty schedules,jeu_300_50_1,cyclic ramp (3x),15,False,,2000000,2.1056123670023226
2: penalty schedules,jeu_300_50_1,cyclic ramp (3x),16,True,0.4663143603458653,2000000,2.0894480889983242
2: penalty schedules,jeu_300_50_1,cyclic ramp (3x),17,False,,2000000,2.0843672699993476
2: penalty schedules,jeu_300_50_1,cyclic ramp (3x),18,False,,2000000,2.0988037570023153
2: penalty schedules,jeu_300_50_1,cyclic ramp (3x),19,False,,2000000,2.1069276910020562
2: penalty schedules,jeu_300_50_1,in-run ramp,0,True,0.401603883290902,2000000,2.1114365460016415
2: penalty schedules,jeu_300_50_1,in-run ramp,1,True,0.39917487859846235,2000000,2.0939722139992227
2: penalty schedules,jeu_300_50_1,in-run ramp,2,True,0.4915101708484375,2000000,2.0684969139983878
2: penalty schedules,jeu_300_50_1,in-run ramp,3,True,0.5007450635884989,2000000,2.0740358180009935
2: penalty schedules,jeu_300_50_1,in-run ramp,4,True,0.4685524729293563,2000000,2.1117259899983765
2: penalty schedules,jeu_300_50_1,in-run ramp,5,True,0.42800543068571173,2000000,2.0954449989985733
2: penalty schedules,jeu_300_50_1,in-run ramp,6,True,0.4103109009133603,2000000,2.094211722000182
2: penalty schedules,jeu_300_50_1,in-run ramp,7,True,0.4599564843906743,2000000,2.091666708001867
2: penalty schedules,jeu_300_50_1,in-run ramp,8,True,0.4573463269825996,2000000,2.0714711180007725
2: penalty schedules,jeu_300_50_1,in-run ramp,9,True,0.48780335775323885,2000000,2.0872812880006677
2: penalty schedules,jeu_300_50_1,in-run ramp,10,False,,2000000,2.099442998998711
2: penalty schedules,jeu_300_50_1,in-run ramp,11,True,0.43749939128791787,2000000,2.0729907820023072
2: penalty schedules,jeu_300_50_1,in-run ramp,12,False,,2000000,2.092033459000959
2: penalty schedules,jeu_300_50_1,in-run ramp,13,True,0.4708217515714511,2000000,2.099020991998259
2: penalty schedules,jeu_300_50_1,in-run ramp,14,True,0.42764312525444165,2000000,2.0949084640014917
2: penalty schedules,jeu_300_50_1,in-run ramp,15,False,,2000000,2.0701994269984425
2: penalty schedules,jeu_300_50_1,in-run ramp,16,True,0.44143994982264567,2000000,2.0824842219990387
2: penalty schedules,jeu_300_50_1,in-run ramp,17,True,0.40276676685255924,2000000,2.095618380000815
2: penalty schedules,jeu_300_50_1,in-run ramp,18,True,0.42379411701686276,2000000,2.1048071479999635
2: penalty schedules,jeu_300_50_1,in-run ramp,19,True,0.41855627129274864,2000000,2.102699641000072
2: penalty schedules,jeu_300_50_1,geometric + in-run ramp,0,False,,2000000,2.043796795001981
2: penalty schedules,jeu_300_50_1,geometric + in-run ramp,1,False,,2000000,2.1073374539992074
2: penalty schedules,jeu_300_50_1,geometric + in-run ramp,2,False,,2000000,2.0966018690014607
2: penalty schedules,jeu_300_50_1,geometric + in-run ramp,3,False,,2000000,2.056928568999865
2: penalty schedules,jeu_300_50_1,geometric + in-run ramp,4,False,,2000000,2.09904862500116
2: penalty schedules,jeu_300_50_1,geometric + in-run ramp,5,False,,2000000,2.106859079998685
2: penalty schedules,jeu_300_50_1,geometric + in-run ramp,6,True,0.4882669528749715,2000000,2.117949941999541
2: penalty schedules,jeu_300_50_1,geometric + in-run ramp,7,False,,2000000,2.082146887998533
2: penalty schedules,jeu_300_50_1,geometric + in-run ramp,8,False,,2000000,2.0880036989983637
2: penalty schedules,jeu_300_50_1,geometric + in-run ramp,9,False,,2000000,2.0803947290005453
2: penalty schedules,jeu_300_50_1,geometric + in-run ramp,10,False,,2000000,2.1238389249992906
2: penalty schedules,jeu_300_50_1,geometric + in-run ramp,11,False,,2000000,2.04413679499703
2: penalty schedules,jeu_300_50_1,geometric + in-run ramp,12,False,,2000000,2.115311720997852
2: penalty schedules,jeu_300_50_1,geometric + in-run ramp,13,True,0.5744235740067279,2000000,1.9568757910019485
2: penalty schedules,jeu_300_50_1,geometric + in-run ramp,14,True,0.4853509785168462,2000000,2.0806872690009186
2: penalty schedules,jeu_300_50_1,geometric + in-run ramp,15,False,,2000000,2.1176792059995933
2: penalty schedules,jeu_300_50_1,geometric + in-run ramp,16,True,0.51674883468159,2000000,2.1229480239999248
2: penalty schedules,jeu_300_50_1,geometric + in-run ramp,17,False,,2000000,2.0563906409988704
2: penalty schedules,jeu_300_50_1,geometric + in-run ramp,18,False,,2000000,2.095895009002561
2: penalty schedules,jeu_300_50_1,geometric + in-run ramp,19,False,,2000000,2.060213124997972
2: penalty schedules,jeu_300_50_1,adaptive,0,True,0.3840612880542445,2000000,2.086036359996797
2: penalty schedules,jeu_300_50_1,adaptive,1,True,0.4570288227605726,2000000,2.134516498997982
2: penalty schedules,jeu_300_50_1,adaptive,2,True,0.5163066662251475,2000000,2.1154372110031545
2: penalty schedules,jeu_300_50_1,adaptive,3,True,0.3593056981294521,2000000,2.10644851500183
2: penalty schedules,jeu_300_50_1,adaptive,4,True,0.3624145124751889,2000000,2.0906975670004613
2: penalty schedules,jeu_300_50_1,adaptive,5,False,,2000000,2.0875753609980165
2: penalty schedules,jeu_300_50_1,adaptive,6,True,0.3633475463546425,2000000,2.1024119020003127
2: penalty schedules,jeu_300_50_1,adaptive,7,True,0.4213300505084937,2000000,2.1035455989986076
2: penalty schedules,jeu_300_50_1,adaptive,8,True,0.44418256297978687,2000000,2.0951228529993386
2: penalty schedules,jeu_300_50_1,adaptive,9,True,0.3986586907528356,2000000,2.0832208290012204
2: penalty schedules,jeu_300_50_1,adaptive,10,True,0.5186441206204383,2000000,2.085858881000604
2: penalty schedules,jeu_300_50_1,adaptive,11,True,0.5234027881935178,2000000,2.114887429997907
2: penalty schedules,jeu_300_50_1,adaptive,12,True,0.43155836136655373,2000000,2.1118872379993263
2: penalty schedules,jeu_300_50_1,adaptive,13,True,0.40987262821424325,2000000,2.11906185800035
2: penalty schedules,jeu_300_50_1,adaptive,14,True,0.38361132808315107,2000000,2.07630014499955
2: penalty schedules,jeu_300_50_1,adaptive,15,True,0.34380837548867405,2000000,2.1055044710010407
2: penalty schedules,jeu_300_50_1,adaptive,16,True,0.41032648394266225,2000000,2.0917968879984983
2: penalty schedules,jeu_300_50_1,adaptive,17,True,0.4128840486268429,2000000,2.090586225000152
2: penalty schedules,jeu_300_50_1,adaptive,18,True,0.4092025579542599,2000000,2.1371559830004117
2: penalty schedules,jeu_300_50_1,adaptive,19,True,0.36910937143903433,2000000,2.092801877999591
2: penalty schedules,jeu_300_50_1,ALM (λ = 1),0,True,0.4811182381827071,2000000,2.0956883229991945
2: penalty schedules,jeu_300_50_1,ALM (λ = 1),1,False,,2000000,2.1256373730029736
2: penalty schedules,jeu_300_50_1,ALM (λ = 1),2,True,0.47998846855831656,2000000,2.1151496120000957
2: penalty schedules,jeu_300_50_1,ALM (λ = 1),3,True,0.3735661178193888,2000000,2.1012757809985487
2: penalty schedules,jeu_300_50_1,ALM (λ = 1),4,False,,2000000,2.088687786999799
2: penalty schedules,jeu_300_50_1,ALM (λ = 1),5,True,0.47997872916500284,2000000,2.0259564250009134
2: penalty schedules,jeu_300_50_1,ALM (λ = 1),6,False,,2000000,2.134161572001176
2: penalty schedules,jeu_300_50_1,ALM (λ = 1),7,False,,2000000,2.1294734529983543
2: penalty schedules,jeu_300_50_1,ALM (λ = 1),8,True,0.47931255466234496,2000000,2.12391893899985
2: penalty schedules,jeu_300_50_1,ALM (λ = 1),9,True,0.5195167702613469,2000000,2.1192286759978742
2: penalty schedules,jeu_300_50_1,ALM (λ = 1),10,True,0.5148048517761732,2000000,2.084185593001166
2: penalty schedules,jeu_300_50_1,ALM (λ = 1),11,False,,2000000,2.0791257650016632
2: penalty schedules,jeu_300_50_1,ALM (λ = 1),12,True,0.5317007512968002,2000000,2.075869292002608
2: penalty schedules,jeu_300_50_1,ALM (λ = 1),13,False,,2000000,2.0983781139984785
2: penalty schedules,jeu_300_50_1,ALM (λ = 1),14,True,0.515184688115408,2000000,2.0934814370011736
2: penalty schedules,jeu_300_50_1,ALM (λ = 1),15,True,0.4321816825386313,2000000,2.0965069480007514
2: penalty schedules,jeu_300_50_1,ALM (λ = 1),16,False,,2000000,2.0816581429971848
2: penalty schedules,jeu_300_50_1,ALM (λ = 1),17,True,0.48970448732807537,2000000,2.0847746889994596
2: penalty schedules,jeu_300_50_1,ALM (λ = 1),18,False,,2000000,2.042168744999799
2: penalty schedules,jeu_300_50_1,ALM (λ = 1),19,True,0.45820534147286895,2000000,2.0434718239994254
2: penalty schedules,jeu_300_50_1,ALM (λ = 0.5),0,False,,2000000,1.7772297789997538
2: penalty schedules,jeu_300_50_1,ALM (λ = 0.5),1,False,,2000000,1.7606599969985837
2: penalty schedules,jeu_300_50_1,ALM (λ = 0.5),2,True,0.5554044867437118,2000000,1.8340526609972585
2: penalty schedules,jeu_300_50_1,ALM (λ = 0.5),3,False,,2000000,1.8761675369969453
2: penalty schedules,jeu_300_50_1,ALM (λ = 0.5),4,False,,2000000,1.7030460040004982
2: penalty schedules,jeu_300_50_1,ALM (λ = 0.5),5,False,,2000000,1.7057178800023394
2: penalty schedules,jeu_300_50_1,ALM (λ = 0.5),6,False,,2000000,1.776438627999596
2: penalty schedules,jeu_300_50_1,ALM (λ = 0.5),7,True,0.5380644708879795,2000000,1.68785724099871
2: penalty schedules,jeu_300_50_1,ALM (λ = 0.5),8,False,,2000000,1.7950516559976677
2: penalty schedules,jeu_300_50_1,ALM (λ = 0.5),9,True,0.5443853371485783,2000000,1.6333984160010004
2: penalty schedules,jeu_300_50_1,ALM (λ = 0.5),10,False,,2000000,1.6290463599980285
2: penalty schedules,jeu_300_50_1,ALM (λ = 0.5),11,False,,2000000,1.6890400299998873
2: penalty schedules,jeu_300_50_1,ALM (λ = 0.5),12,True,0.5632057407879948,2000000,1.3982985600014217
2: penalty schedules,jeu_300_50_1,ALM (λ = 0.5),13,False,,2000000,1.3085122709999268
2: penalty schedules,jeu_300_50_1,ALM (λ = 0.5),14,False,,2000000,1.3409779880021233
2: penalty schedules,jeu_300_50_1,ALM (λ = 0.5),15,False,,2000000,1.3516978029983875
2: penalty schedules,jeu_300_50_1,ALM (λ = 0.5),16,False,,2000000,1.3118004940006358
2: penalty schedules,jeu_300_50_1,ALM (λ = 0.5),17,False,,2000000,1.317490927001927
2: penalty schedules,jeu_300_50_1,ALM (λ = 0.5),18,True,0.5929479000894077,2000000,1.328502248001314
2: penalty schedules,jeu_300_50_1,ALM (λ = 0.5),19,True,0.5172338564686129,2000000,1.3624915680011327
3: momentum and normalisation,burma14,baseline,0,True,0.1357207342762564,346389,0.45676295600060257
3: momentum and normalisation,burma14,baseline,1,True,0.19861570869696057,331918,0.4542530699982308
3: momentum and normalisation,burma14,baseline,2,True,0.09359012940114354,332836,0.43449104799947236
3: momentum and normalisation,burma14,baseline,3,True,0.15979536563346375,365344,0.45909151500018197
3: momentum and normalisation,burma14,baseline,4,True,0.06680710201625037,338660,0.4555042699976184
3: momentum and normalisation,burma14,baseline,5,True,0.095094793860969,354255,0.4340470489987638
3: momentum and normalisation,burma14,baseline,6,True,0.019560637977730964,359167,0.45200198800012004
3: momentum and normalisation,burma14,baseline,7,True,0.08847427023773699,348951,0.449138246000075
3: momentum and normalisation,burma14,baseline,8,True,0.10833584110743304,330386,0.45428976000039256
3: momentum and normalisation,burma14,baseline,9,True,0.1134517002708396,345831,0.44744204400194576
3: momentum and normalisation,burma14,baseline,10,True,0.10863677399939814,330406,0.43886266099798377
3: momentum and normalisation,burma14,baseline,11,True,0.18296719831477581,340516,0.4470606660033809
3: momentum and normalisation,burma14,baseline,12,True,0.08576587421005116,328162,0.456053089001216
3: momentum and normalisation,burma14,baseline,13,True,0.1679205537165212,375812,0.4385126320012205
3: momentum and normalisation,burma14,baseline,14,True,0.06861269936804093,328792,0.4485174299989012
3: momentum and normalisation,burma14,baseline,15,True,0.13090580800481494,327479,0.4460708539991174
3: momentum and normalisation,burma14,baseline,16,True,0.08997893469756245,361858,0.441998562997469
3: momentum and normalisation,burma14,baseline,17,True,0.18417092988263617,335405,0.42582782300087274
3: momentum and normalisation,burma14,baseline,18,True,0.04664459825458923,353559,0.45497623199844384
3: momentum and normalisation,burma14,baseline,19,True,0.10382184772795666,315424,0.43994996800029185
3: momentum and normalisation,burma14,momentum τ = 3,0,True,0.05236232320192597,324028,0.9849891890007711
3: momentum and normalisation,burma14,momentum τ = 3,1,True,0.13000300932891964,354154,0.9726123879991064
3: momentum and normalisation,burma14,momentum τ = 3,2,True,0.15197111044237135,320688,0.965434481997363
3: momentum and normalisation,burma14,momentum τ = 3,3,True,0.0550707192296118,367297,0.9670507709997764
3: momentum and normalisation,burma14,momentum τ = 3,4,True,0.0,354397,0.9347862579998036
3: momentum and normalisation,burma14,momentum τ = 3,5,True,0.1318086066807102,350141,0.9498128520026512
3: momentum and normalisation,burma14,momentum τ = 3,6,True,0.15979536563346375,355978,0.9647266000029049
3: momentum and normalisation,burma14,momentum τ = 3,7,True,0.13241047246464038,344703,0.9221097539993934
3: momentum and normalisation,burma14,momentum τ = 3,8,True,0.003912127595546194,332536,0.9278668949991697
3: momentum and normalisation,burma14,momentum τ = 3,9,True,0.06831176647607584,342392,0.9457956350015593
3: momentum and normalisation,burma14,momentum τ = 3,10,True,0.0550707192296118,331536,0.9602438239999174
3: momentum and normalisation,burma14,momentum τ = 3,11,True,0.09690039121275955,319725,0.926692250999622
3: momentum and normalisation,burma14,momentum τ = 3,12,True,0.14113752633162804,348672,0.5473289060028037
3: momentum and normalisation,burma14,momentum τ = 3,13,True,0.17002708396027685,357533,0.5446005420017173
3: momentum and normalisation,burma14,momentum τ = 3,14,True,0.1134517002708396,324825,0.5526500039995881
3: momentum and normalisation,burma14,momentum τ = 3,15,True,0.1357207342762564,323177,0.5348913089983398
3: momentum and normalisation,burma14,momentum τ = 3,16,True,0.09690039121275955,354354,0.5388015610005823
3: momentum and normalisation,burma14,momentum τ = 3,17,True,0.14143845922359313,334284,0.5338813590024074
3: momentum and normalisation,burma14,momentum τ = 3,18,True,0.09870598856455011,342070,0.5587675540009513
3: momentum and normalisation,burma14,momentum τ = 3,19,True,0.06409870598856456,322090,0.5160191769973608
3: momentum and normalisation,burma14,momentum τ = 10,0,True,0.14835991573879026,367283,0.5664223719977599
3: momentum and normalisation,burma14,momentum τ = 10,1,True,0.03761661149563647,354359,0.5326404179977544
3: momentum and normalisation,burma14,momentum τ = 10,2,True,0.18206439963888052,340534,0.5863114269996004
3: momentum and normalisation,burma14,momentum τ = 10,3,True,0.24315377670779417,367277,0.5411460510003963
3: momentum and normalisation,burma14,momentum τ = 10,4,True,0.06108937706891363,356753,0.5650313029982499
3: momentum and normalisation,burma14,momentum τ = 10,5,True,0.052061390309960875,346178,0.5662951079975755
3: momentum and normalisation,burma14,momentum τ = 10,6,True,0.1354198013842913,331131,0.5368501020020631
3: momentum and normalisation,burma14,momentum τ = 10,7,True,0.22840806500150465,357691,0.5353485429986904
3: momentum and normalisation,burma14,momentum τ = 10,8,True,0.003912127595546194,350756,0.5421666519978317
3: momentum and normalisation,burma14,momentum τ = 10,9,True,0.05657538368943726,366504,0.5464300580024428
3: momentum and normalisation,burma14,momentum τ = 10,10,True,0.044538068010833584,336216,0.5420187290001195
3: momentum and normalisation,burma14,momentum τ = 10,11,True,0.07643695455913331,334267,0.5526167200005148
3: momentum and normalisation,burma14,momentum τ = 10,12,True,0.029491423412578995,325685,0.4751883339995402
3: momentum and normalisation,burma14,momentum τ = 10,13,True,0.08937706891363226,368855,0.49623353899733047
3: momentum and normalisation,burma14,momentum τ = 10,14,True,0.043033403551008126,347190,0.46093613000266487
3: momentum and normalisation,burma14,momentum τ = 10,15,True,0.11766476075835089,330454,0.43087949600158026
3: momentum and normalisation,burma14,momentum τ = 10,16,True,0.08636773999398134,333973,0.46503644500262453
3: momentum and normalisation,burma14,momentum τ = 10,17,True,0.09599759253686428,323443,0.49102121900068596
3: momentum and normalisation,burma14,momentum τ = 10,18,True,0.0659043033403551,339799,0.46653930700267665
3: momentum and normalisation,burma14,momentum τ = 10,19,True,0.098405055672585,359404,0.49099169300097856
3: momentum and normalisation,burma14,momentum τ = 30,0,True,0.1691242852843816,377084,0.4759855080010311
3: momentum and normalisation,burma14,momentum τ = 30,1,True,0.16822148660848632,375584,0.5171784420017502
3: momentum and normalisation,burma14,momentum τ = 30,2,True,0.0547697863376467,348636,0.44449954200172215
3: momentum and normalisation,burma14,momentum τ = 30,3,True,0.09088173337345772,349854,0.4374042540002847
3: momentum and normalisation,burma14,momentum τ = 30,4,True,0.003912127595546194,375125,0.5217465509995236
3: momentum and normalisation,burma14,momentum τ = 30,5,True,0.06710803490821547,344258,0.4648915180005133
3: momentum and normalisation,burma14,momentum τ = 30,6,True,0.019560637977730964,348101,0.45463793499948224
3: momentum and normalisation,burma14,momentum τ = 30,7,True,0.05025579295817033,375252,0.5162654380001186
3: momentum and normalisation,burma14,momentum τ = 30,8,True,0.10141438459223594,357425,0.47831304500141414
3: momentum and normalisation,burma14,momentum τ = 30,9,True,0.03490821546795065,329133,0.46141820100092446
3: momentum and normalisation,burma14,momentum τ = 30,10,True,0.14264219079145352,346958,0.4475120790011715
3: momentum and normalisation,burma14,momentum τ = 30,11,True,0.1432440565753837,349215,0.4904585539989057
3: momentum and normalisation,burma14,momentum τ = 30,12,True,0.05657538368943726,350247,0.44685146600022563
3: momentum and normalisation,burma14,momentum τ = 30,13,True,0.02708396027685826,353579,0.5024029879969021
3: momentum and normalisation,burma14,momentum τ = 30,14,True,0.11525729762263015,342348,0.47083034699971904
3: momentum and normalisation,burma14,momentum τ = 30,15,True,0.14835991573879026,362724,0.5098317039992253
3: momentum and normalisation,burma14,momentum τ = 30,16,True,0.154077640686127,338307,0.49762147100045695
3: momentum and normalisation,burma14,momentum τ = 30,17,True,0.0514595245260307,357754,0.49029703499763855
3: momentum and normalisation,burma14,momentum τ = 30,18,True,0.11916942521817635,354755,0.4615410759979568
3: momentum and normalisation,burma14,momentum τ = 30,19,True,0.22118567559434246,361579,0.5422555509976519
3: momentum and normalisation,burma14,momentum τ = 100,0,True,0.17303641287992777,436036,0.4860262239999429
3: momentum and normalisation,burma14,momentum τ = 100,1,True,0.2088474270237737,389054,0.4890564039997116
3: momentum and normalisation,burma14,momentum τ = 100,2,True,0.13120674089678003,404604,0.48223757399682654
3: momentum and normalisation,burma14,momentum τ = 100,3,True,0.09389106229310863,399837,0.47798069000054966
3: momentum and normalisation,burma14,momentum τ = 100,4,True,0.052061390309960875,389410,0.5506630970012338
3: momentum and normalisation,burma14,momentum τ = 100,5,True,0.07764068612699368,420303,0.5658989410003414
3: momentum and normalisation,burma14,momentum τ = 100,6,True,0.059283779717123085,386507,0.5120260260009672
3: momentum and normalisation,burma14,momentum τ = 100,7,True,0.09599759253686428,419986,0.5237723019999976
3: momentum and normalisation,burma14,momentum τ = 100,8,True,0.11646102919049052,408624,0.49383748100080993
3: momentum and normalisation,burma14,momentum τ = 100,9,True,0.14775804995486005,399944,0.5204756230014027
3: momentum and normalisation,burma14,momentum τ = 100,10,True,0.07733975323502859,399565,0.5238535680000496
3: momentum and normalisation,burma14,momentum τ = 100,11,True,0.1281974119771291,406643,0.5181539359982708
3: momentum and normalisation,burma14,momentum τ = 100,12,True,0.08185374661450497,390097,0.524854340001184
3: momentum and normalisation,burma14,momentum τ = 100,13,True,0.13752633162804695,403331,0.5397431900019001
3: momentum and normalisation,burma14,momentum τ = 100,14,True,0.03761661149563647,401455,0.4910721360029129
3: momentum and normalisation,burma14,momentum τ = 100,15,True,0.049352994282275055,397056,0.49907892599730985
3: momentum and normalisation,burma14,momentum τ = 100,16,True,0.039723141739392114,393072,0.5099518429997261
3: momentum and normalisation,burma14,momentum τ = 100,17,True,0.275353596148059,402379,0.50700138600223
3: momentum and normalisation,burma14,momentum τ = 100,18,True,0.10683117664760758,416495,0.5090967190008087
3: momentum and normalisation,burma14,momentum τ = 100,19,True,0.017454107733975325,411274,0.5292021479981486
3: momentum and normalisation,burma14,sign(field),0,True,0.465543183869997,1625651,3.2077272290007386
3: momentum and normalisation,burma14,sign(field),1,True,0.37947637676798074,1549594,3.07595830399805
3: momentum and normalisation,burma14,sign(field),2,True,0.2970207643695456,1584579,3.219391196002107
3: momentum and normalisation,burma14,sign(field),3,True,0.3888052964188986,1624431,3.0858360400015954
3: momentum and normalisation,burma14,sign(field),4,True,0.3469756244357508,1546933,3.201234321000811
3: momentum and normalisation,burma14,sign(field),5,True,0.6409870598856455,1666003,3.320818872001837
3: momentum and normalisation,burma14,sign(field),6,True,0.406560337044839,1584263,3.126901010000438
3: momentum and normalisation,burma14,sign(field),7,True,0.45922359313873007,1525118,2.9353563130025577
3: momentum and normalisation,burma14,sign(field),8,True,0.3674390610893771,1697245,3.303281139997125
3: momentum and normalisation,burma14,sign(field),9,True,0.7138128197411977,1722590,3.281063043999893
3: momentum and normalisation,burma14,sign(field),10,True,0.4285284381582907,1644810,3.418984924999677
3: momentum and normalisation,burma14,sign(field),11,True,0.5699668973818839,1682633,3.314637911000318
3: momentum and normalisation,burma14,sign(field),12,True,0.4968402046343665,1574825,3.3814603999999235
3: momentum and normalisation,burma14,sign(field),13,True,0.3554017454107734,1644967,3.2277895449988137
3: momentum and normalisation,burma14,sign(field),14,True,0.30243755642491726,1652766,3.4402004850016965
3: momentum and normalisation,burma14,sign(field),15,True,0.30514595245260306,1675599,3.3151802669999597
3: momentum and normalisation,burma14,sign(field),16,True,0.7980740294914234,1703022,2.92282412500208
3: momentum and normalisation,burma14,sign(field),17,True,0.5326512187782124,1707795,2.9367033669986995
3: momentum and normalisation,burma14,sign(field),18,True,0.3150767378874511,1624780,2.8657775260035123
3: momentum and normalisation,burma14,sign(field),19,True,0.24345470959975926,1612441,2.8249318359994504
3: momentum and normalisation,burma14,rms per spin,0,True,0.09389106229310863,18290,0.28085039899815456
3: momentum and normalisation,burma14,rms per spin,1,True,0.049352994282275055,18166,0.3449968850000005
3: momentum and normalisation,burma14,rms per spin,2,True,0.14595245260306952,18874,0.30266065599789727
3: momentum and normalisation,burma14,rms per spin,3,True,0.14414685525127896,17518,0.3313612500023737
3: momentum and normalisation,burma14,rms per spin,4,True,0.13120674089678003,17983,0.3197912110008474
3: momentum and normalisation,burma14,rms per spin,5,True,0.08245561239843514,18033,0.3191032559989253
3: momentum and normalisation,burma14,rms per spin,6,True,0.22961179656936503,18835,0.30395136199877015
3: momentum and normalisation,burma14,rms per spin,7,True,0.14234125789948843,17731,0.31792591600242304
3: momentum and normalisation,burma14,rms per spin,8,True,0.154077640686127,18243,0.3134310870009358
3: momentum and normalisation,burma14,rms per spin,9,True,0.25458922660246763,18421,0.2766062500013504
3: momentum and normalisation,burma14,rms per spin,10,True,0.26933493830875715,18880,0.29740685599972494
3: momentum and normalisation,burma14,rms per spin,11,True,0.11676196208245561,18382,0.348055860002205
3: momentum and normalisation,burma14,rms per spin,12,True,0.10111345170027083,17395,0.403994200998568
3: momentum and normalisation,burma14,rms per spin,13,True,0.05597351790550707,18583,0.37886740699832444
3: momentum and normalisation,burma14,rms per spin,14,True,0.13391513692446586,17848,0.3952608030012925
3: momentum and normalisation,burma14,rms per spin,15,True,0.02708396027685826,18035,0.3744937400006165
3: momentum and normalisation,burma14,rms per spin,16,True,0.05657538368943726,17270,0.3969610019994434
3: momentum and normalisation,burma14,rms per spin,17,True,0.062293108636774,18304,0.3688430719994358
3: momentum and normalisation,burma14,rms per spin,18,True,0.09690039121275955,17547,0.42997267299870146
3: momentum and normalisation,burma14,rms per spin,19,True,0.1134517002708396,18457,0.37106974700145656
3: momentum and normalisation,burma14,"Adam (τm = 10, τr = 30)",0,True,0.1501655130905808,26241,0.8829202779998013
3: momentum and normalisation,burma14,"Adam (τm = 10, τr = 30)",1,True,0.13933192897983748,25993,0.8854913409995788
3: momentum and normalisation,burma14,"Adam (τm = 10, τr = 30)",2,True,0.0911826662654228,26611,0.8976137959980406
3: momentum and normalisation,burma14,"Adam (τm = 10, τr = 30)",3,True,0.10532651218778212,26596,0.8138966229998914
3: momentum and normalisation,burma14,"Adam (τm = 10, τr = 30)",4,True,0.10201625037616611,25922,0.5289995499988436
3: momentum and normalisation,burma14,"Adam (τm = 10, τr = 30)",5,True,0.046945531146554316,27137,0.5090859589981847
3: momentum and normalisation,burma14,"Adam (τm = 10, τr = 30)",6,True,0.03701474571170629,26148,0.5211150340001041
3: momentum and normalisation,burma14,"Adam (τm = 10, τr = 30)",7,True,0.12037315678603672,26293,0.5199142700002994
3: momentum and normalisation,burma14,"Adam (τm = 10, τr = 30)",8,True,0.14173939211555822,26960,0.48901719900095486
3: momentum and normalisation,burma14,"Adam (τm = 10, τr = 30)",9,True,0.1284983448690942,25996,0.5044162049998704
3: momentum and normalisation,burma14,"Adam (τm = 10, τr = 30)",10,True,0.030996087872404453,25445,0.48937000300065847
3: momentum and normalisation,burma14,"Adam (τm = 10, τr = 30)",11,True,0.017454107733975325,25585,0.45573370900092414
3: momentum and normalisation,burma14,"Adam (τm = 10, τr = 30)",12,True,0.08305747818236534,27078,0.2683201560030284
3: momentum and normalisation,burma14,"Adam (τm = 10, τr = 30)",13,True,0.03761661149563647,26296,0.2751316509966273
3: momentum and normalisation,burma14,"Adam (τm = 10, τr = 30)",14,True,0.02708396027685826,26173,0.27636118100053864
3: momentum and normalisation,burma14,"Adam (τm = 10, τr = 30)",15,True,0.1134517002708396,26101,0.25934413300274173
3: momentum and normalisation,burma14,"Adam (τm = 10, τr = 30)",16,True,0.17062894974420703,26551,0.2710623849998228
3: momentum and normalisation,burma14,"Adam (τm = 10, τr = 30)",17,True,0.08034908215467951,36446,0.24213406699709594
3: momentum and normalisation,burma14,"Adam (τm = 10, τr = 30)",18,True,0.06831176647607584,26386,0.26190913499885937
3: momentum and normalisation,burma14,"Adam (τm = 10, τr = 30)",19,True,0.1977129100210653,26081,0.26290349600094487
3: momentum and normalisation,burma14,global rms,0,True,0.1134517002708396,23652,0.26030876700315275
3: momentum and normalisation,burma14,global rms,1,True,0.13150767378874512,24524,0.21400783099670662
3: momentum and normalisation,burma14,global rms,2,True,0.1823653325308456,23645,0.24585230199954822
3: momentum and normalisation,burma14,global rms,3,True,0.0,23354,0.21915507700032322
3: momentum and normalisation,burma14,global rms,4,True,0.13120674089678003,24963,0.2749859630021092
3: momentum and normalisation,burma14,global rms,5,True,0.010833584110743304,23611,0.2359985430011875
3: momentum and normalisation,burma14,global rms,6,True,0.08245561239843514,23095,0.21282814699952723
3: momentum and normalisation,burma14,global rms,7,True,0.091784532049353,23920,0.23717820700039738
3: momentum and normalisation,burma14,global rms,8,True,0.09058080048149263,23914,0.2396215660010057
3: momentum and normalisation,burma14,global rms,9,True,0.20433343364429732,24696,0.22985578600128065
3: momentum and normalisation,burma14,global rms,10,True,0.08727053866987662,24806,0.24537114299891982
3: momentum and normalisation,burma14,global rms,11,True,0.006921456515197111,23048,0.2692856909998227
3: momentum and normalisation,burma14,global rms,12,True,0.21396328618718025,23291,0.25110900700019556
3: momentum and normalisation,burma14,global rms,13,True,0.2308155281372254,26384,0.23986763599896221
3: momentum and normalisation,burma14,global rms,14,True,0.22148660848630755,24786,0.2611074529995676
3: momentum and normalisation,burma14,global rms,15,True,0.07493229009930785,23365,0.2351154449970636
3: momentum and normalisation,burma14,global rms,16,True,0.05657538368943726,23481,0.20953227000063634
3: momentum and normalisation,burma14,global rms,17,True,0.15227204333433644,24677,0.23632455600090907
3: momentum and normalisation,burma14,global rms,18,True,0.04664459825458923,23951,0.22486338499948033
3: momentum and normalisation,burma14,global rms,19,True,0.1462533854950346,24512,0.23050420399886207
3: momentum and normalisation,burma14,global rms + momentum,0,True,0.17393921155582306,29929,0.2572869430005085
3: momentum and normalisation,burma14,global rms + momentum,1,True,0.11224796870297923,28954,0.24326246400232776
3: momentum and normalisation,burma14,global rms + momentum,2,True,0.04152873909118267,29134,0.24579065500074648
3: momentum and normalisation,burma14,global rms + momentum,3,True,0.039723141739392114,29554,0.2638847310008714
3: momentum and normalisation,burma14,global rms + momentum,4,True,0.13752633162804695,30289,0.23149223200016422
3: momentum and normalisation,burma14,global rms + momentum,5,True,0.16160096298525428,30049,0.2238857980009925
3: momentum and normalisation,burma14,global rms + momentum,6,True,0.10502557929581703,29116,0.22717474199816934
3: momentum and normalisation,burma14,global rms + momentum,7,True,0.10562744507974722,28185,0.2513947330007795
3: momentum and normalisation,burma14,global rms + momentum,8,True,0.19530544688534457,29548,0.22918832899813424
3: momentum and normalisation,burma14,global rms + momentum,9,True,0.11375263316280469,30462,0.255162924000615
3: momentum and normalisation,burma14,global rms + momentum,10,True,0.04664459825458923,29127,0.24155347800115123
3: momentum and normalisation,burma14,global rms + momentum,11,True,0.04664459825458923,28552,0.25204135899912217
3: momentum and normalisation,burma14,global rms + momentum,12,True,0.06620523623232019,28856,0.23681713699988904
3: momentum and normalisation,burma14,global rms + momentum,13,True,0.1420403250075233,28768,0.24598805099958554
3: momentum and normalisation,burma14,global rms + momentum,14,True,0.07102016250376166,28455,0.24802008400001796
3: momentum and normalisation,burma14,global rms + momentum,15,True,0.039723141739392114,29150,0.24607709200063255
3: momentum and normalisation,burma14,global rms + momentum,16,True,0.017454107733975325,29237,0.2354874770026072
3: momentum and normalisation,burma14,global rms + momentum,17,True,0.1287992777610593,29952,0.23194432700256584
3: momentum and normalisation,burma14,global rms + momentum,18,True,0.07583508877520313,29020,0.2211463220010046
3: momentum and normalisation,burma14,global rms + momentum,19,True,0.10021065302437557,28603,0.21878552199996193
3: momentum and normalisation,ulysses16,baseline,0,True,0.10409680711473976,612930,0.6322092709997378
3: momentum and normalisation,ulysses16,baseline,1,True,0.06006706516984983,549622,0.544442780999816
3: momentum and normalisation,ulysses16,baseline,2,True,0.06619040676483452,588881,0.5729966740000236
3: momentum and normalisation,ulysses16,baseline,3,True,0.13908733051465227,519561,0.5146335190001992
3: momentum and normalisation,ulysses16,baseline,4,True,0.1363172474121592,562510,0.554982220997772
3: momentum and normalisation,ulysses16,baseline,5,True,0.29654468581425864,543256,0.5213211289992614
3: momentum and normalisation,ulysses16,baseline,6,True,0.17218253389706956,533152,0.5022767769987695
3: momentum and normalisation,ulysses16,baseline,7,True,0.1112407056422219,564449,0.561358664999716
3: momentum and normalisation,ulysses16,baseline,8,True,0.11255285026971862,557264,0.5682012699980987
3: momentum and normalisation,ulysses16,baseline,9,True,0.07406327452981484,527458,0.5358631769995554
3: momentum and normalisation,ulysses16,baseline,10,True,0.23706079603440736,546762,0.5574170430008962
3: momentum and normalisation,ulysses16,baseline,11,True,0.062399766729844,509172,0.5186732990005112
3: momentum and normalisation,ulysses16,baseline,12,True,0.04986149584487535,524683,0.5579724239978532
3: momentum and normalisation,ulysses16,baseline,13,True,0.09709870243475725,513012,0.5620058220010833
3: momentum and normalisation,ulysses16,baseline,14,True,0.16183117072459544,543979,0.5877594239973405
3: momentum and normalisation,ulysses16,baseline,15,True,0.2688438547893279,560447,0.6090557479983545
3: momentum and normalisation,ulysses16,baseline,16,True,0.11838460416970403,516520,0.6104329289992165
3: momentum and normalisation,ulysses16,baseline,17,True,0.11896777955970259,542413,0.5926119760006259
3: momentum and normalisation,ulysses16,baseline,18,True,0.17334888467706663,552452,0.6163504770011059
3: momentum and normalisation,ulysses16,baseline,19,True,0.09287068085726782,536912,0.6029673040029593
3: momentum and normalisation,ulysses16,momentum τ = 3,0,True,0.09097536083977256,519672,0.5745915319967025
3: momentum and normalisation,ulysses16,momentum τ = 3,1,True,0.2894007872867765,549645,0.6044464100014011
3: momentum and normalisation,ulysses16,momentum τ = 3,2,True,0.09549497011226127,534083,0.5785861539989128
3: momentum and normalisation,ulysses16,momentum τ = 3,3,True,0.11182388103222043,507942,0.5825496279976505
3: momentum and normalisation,ulysses16,momentum τ = 3,4,True,0.08601837002478495,555761,0.5992152129983879
3: momentum and normalisation,ulysses16,momentum τ = 3,5,True,0.09505758856976236,570535,0.6252697609997995
3: momentum and normalisation,ulysses16,momentum τ = 3,6,True,0.10730427175973174,573063,0.600141764
3: momentum and normalisation,ulysses16,momentum τ = 3,7,True,0.32497448607668755,514688,0.5802412669982004
3: momentum and normalisation,ulysses16,momentum τ = 3,8,True,0.07071001603732323,516999,0.5541439180015004
3: momentum and normalisation,ulysses16,momentum τ = 3,9,True,0.0734800991398163,533630,0.5991305120005563
3: momentum and normalisation,ulysses16,momentum τ = 3,10,True,0.2175244204694562,574825,0.668211636999331
3: momentum and normalisation,ulysses16,momentum τ = 3,11,True,0.10599212713223502,534015,0.6128674610008602
3: momentum and normalisation,ulysses16,momentum τ = 3,12,True,0.14593964134713516,561925,0.6396717909992731
3: momentum and normalisation,ulysses16,momentum τ = 3,13,True,0.058754920542353116,527529,0.5996598540004925
3: momentum and normalisation,ulysses16,momentum τ = 3,14,True,0.06429508674733926,553641,0.6129468330000236
3: momentum and normalisation,ulysses16,momentum τ = 3,15,True,0.17218253389706956,554430,0.6241088130009302
3: momentum and normalisation,ulysses16,momentum τ = 3,16,True,0.10847062253972882,538687,0.6087508349992277
3: momentum and normalisation,ulysses16,momentum τ = 3,17,True,0.10424260096223939,564743,0.6322889840012067
3: momentum and normalisation,ulysses16,momentum τ = 3,18,True,0.17276570928706808,636670,0.6756063279972295
3: momentum and normalisation,ulysses16,momentum τ = 3,19,True,0.08033240997229917,586909,0.6531067840005562
3: momentum and normalisation,ulysses16,momentum τ = 10,0,True,0.04825776352237936,537379,0.5991215249996458
3: momentum and normalisation,ulysses16,momentum τ = 10,1,True,0.1465228167371337,565624,0.6489846069998748
3: momentum and normalisation,ulysses16,momentum τ = 10,2,True,0.11517713952471206,568926,0.6006519100010337
3: momentum and normalisation,ulysses16,momentum τ = 10,3,True,0.0940370316372649,567298,0.6309802130017488
3: momentum and normalisation,ulysses16,momentum τ = 10,4,True,0.1001603732322496,552562,0.6094355339992035
3: momentum and normalisation,ulysses16,momentum τ = 10,5,True,0.06444088059483889,610056,0.6810758089995943
3: momentum and normalisation,ulysses16,momentum τ = 10,6,True,0.14200320746464498,539652,0.6297092350032472
3: momentum and normalisation,ulysses16,momentum τ = 10,7,True,0.042571803469893574,560457,0.6424031909991754
3: momentum and normalisation,ulysses16,momentum τ = 10,8,True,0.16810030616707974,568228,0.6529822759985109
3: momentum and normalisation,ulysses16,momentum τ = 10,9,True,0.06371191135734072,527273,0.5968375509983161
3: momentum and normalisation,ulysses16,momentum τ = 10,10,True,0.23297856830441754,529135,0.6112705509985972
3: momentum and normalisation,ulysses16,momentum τ = 10,11,True,0.1141565825922146,502159,0.6035301800002344
3: momentum and normalisation,ulysses16,momentum τ = 10,12,True,0.10380521941974048,590183,0.6490757209976437
3: momentum and normalisation,ulysses16,momentum τ = 10,13,True,0.1071584779122321,528544,0.6410837189978338
3: momentum and normalisation,ulysses16,momentum τ = 10,14,True,0.06312873596734218,581424,0.6239212639993639
3: momentum and normalisation,ulysses16,momentum τ = 10,15,True,0.1637264907420907,569342,0.6437338030009414
3: momentum and normalisation,ulysses16,momentum τ = 10,16,True,0.16401807843708996,529693,0.6123193040002661
3: momentum and normalisation,ulysses16,momentum τ = 10,17,True,0.12100889342469748,524694,0.6135074450030515
3: momentum and normalisation,ulysses16,momentum τ = 10,18,True,0.09345385624726636,565815,0.6235762249998515
3: momentum and normalisation,ulysses16,momentum τ = 10,19,True,0.07727073917480683,541654,0.6354875049983093
3: momentum and normalisation,ulysses16,momentum τ = 30,0,True,0.13894153666715264,511065,0.5560455619997811
3: momentum and normalisation,ulysses16,momentum τ = 30,1,True,0.15366671526461584,517651,0.5941154590000224
3: momentum and normalisation,ulysses16,momentum τ = 30,2,True,0.14550225980463624,552318,0.6358402709993243
3: momentum and normalisation,ulysses16,momentum τ = 30,3,True,0.13106866890217234,581408,0.6399078629983705
3: momentum and normalisation,ulysses16,momentum τ = 30,4,True,0.04592506196238519,552879,0.6061330840020673
3: momentum and normalisation,ulysses16,momentum τ = 30,5,True,0.21985712202945035,559498,0.6310299680008029
3: momentum and normalisation,ulysses16,momentum τ = 30,6,True,0.11051173640472373,539226,0.6246059229997627
3: momentum and normalisation,ulysses16,momentum τ = 30,7,True,0.1987170141420032,569060,0.6328408080007648
3: momentum and normalisation,ulysses16,momentum τ = 30,8,True,0.05773436360985566,572000,0.6200925980010652
3: momentum and normalisation,ulysses16,momentum τ = 30,9,True,0.03907275112990232,504249,0.5858450050000101
3: momentum and normalisation,ulysses16,momentum τ = 30,10,True,0.12217524420469456,536702,0.6071102909991168
3: momentum and normalisation,ulysses16,momentum τ = 30,11,True,0.09534917626476162,548834,0.6191779100008716
3: momentum and normalisation,ulysses16,momentum τ = 30,12,True,0.09520338241726199,525539,0.6094649900005606
3: momentum and normalisation,ulysses16,momentum τ = 30,13,True,0.13602565971715994,521958,0.5878493950003758
3: momentum and normalisation,ulysses16,momentum τ = 30,14,True,0.17261991543956845,557915,0.6320522610003536
3: momentum and normalisation,ulysses16,momentum τ = 30,15,True,0.10905379792972737,553084,0.6193285079971247
3: momentum and normalisation,ulysses16,momentum τ = 30,16,True,0.19346843563201632,560848,0.5912769150017994
3: momentum and normalisation,ulysses16,momentum τ = 30,17,True,0.10949117947222627,546018,0.6141793589995359
3: momentum and normalisation,ulysses16,momentum τ = 30,18,True,0.26709432861933224,551875,0.6050718349979434
3: momentum and normalisation,ulysses16,momentum τ = 30,19,True,0.1300481119696749,547688,0.6442335680003453
3: momentum and normalisation,ulysses16,momentum τ = 100,0,True,0.03805219419740487,612655,0.6417173100016953
3: momentum and normalisation,ulysses16,momentum τ = 100,1,True,0.050590465082373526,626162,0.6695984180005325
3: momentum and normalisation,ulysses16,momentum τ = 100,2,True,0.10234728094474413,608652,0.6788452670007246
3: momentum and normalisation,ulysses16,momentum τ = 100,3,True,0.16270593380959322,597986,0.6720556119980756
3: momentum and normalisation,ulysses16,momentum τ = 100,4,True,0.06589881906983525,631833,0.7011319340017508
3: momentum and normalisation,ulysses16,momentum τ = 100,5,True,0.13442192739466394,631383,0.6771738440002082
3: momentum and normalisation,ulysses16,momentum τ = 100,6,True,0.06458667444233854,634683,0.700457965998794
3: momentum and normalisation,ulysses16,momentum τ = 100,7,True,0.07654176993730864,589293,0.6461976009995851
3: momentum and normalisation,ulysses16,momentum τ = 100,8,True,0.1695582446420761,643766,0.7521746710008301
3: momentum and normalisation,ulysses16,momentum τ = 100,9,True,0.1702872138795743,595191,0.6572183910029707
3: momentum and normalisation,ulysses16,momentum τ = 100,10,True,0.17305729698206734,601529,0.7150264140000218
3: momentum and normalisation,ulysses16,momentum τ = 100,11,True,0.051465228167371334,596904,0.6761353990004864
3: momentum and normalisation,ulysses16,momentum τ = 100,12,True,0.09257909316226855,615234,0.7181029040002613
3: momentum and normalisation,ulysses16,momentum τ = 100,13,True,0.0734800991398163,623312,0.6873382859994308
3: momentum and normalisation,ulysses16,momentum τ = 100,14,True,0.03163726490742091,584481,0.6461611619997711
3: momentum and normalisation,ulysses16,momentum τ = 100,15,True,0.10278466248724304,600487,0.6881985399995756
3: momentum and normalisation,ulysses16,momentum τ = 100,16,True,0.201195509549497,604231,0.7729833329976827
3: momentum and normalisation,ulysses16,momentum τ = 100,17,True,0.1293191427321767,634292,0.8087520219996804
3: momentum and normalisation,ulysses16,momentum τ = 100,18,True,0.06210817903484473,616991,0.7499982420013112
3: momentum and normalisation,ulysses16,momentum τ = 100,19,True,0.1729115031345677,575603,0.6505597670002317
3: momentum and normalisation,ulysses16,sign(field),0,True,0.5553287651261116,1891405,4.871156941000663
3: momentum and normalisation,ulysses16,sign(field),1,True,0.561597900568596,1822811,4.721225481000147
3: momentum and normalisation,ulysses16,sign(field),2,True,0.7025805511007436,1940976,4.793084133001685
3: momentum and normalisation,ulysses16,sign(field),3,True,0.4343198717014142,1844658,4.835652116002166
3: momentum and normalisation,ulysses16,sign(field),4,True,0.7110365942557224,1886702,4.766700267002307
3: momentum and normalisation,ulysses16,sign(field),5,True,0.6337658550809155,1930612,5.171679151000717
3: momentum and normalisation,ulysses16,sign(field),6,True,0.8304417553579239,1930680,4.958038010001474
3: momentum and normalisation,ulysses16,sign(field),7,True,0.43271613937891823,1882092,5.110470989999158
3: momentum and normalisation,ulysses16,sign(field),8,True,0.5217961802011956,1795814,5.086995841000316
3: momentum and normalisation,ulysses16,sign(field),9,True,0.3958302959615104,1773591,5.129008902997157
3: momentum and normalisation,ulysses16,sign(field),10,True,0.6992272926082519,1901824,5.120522386998346
3: momentum and normalisation,ulysses16,sign(field),11,True,0.6339116489284152,1881636,5.112278363998485
3: momentum and normalisation,ulysses16,sign(field),12,True,0.5592651990086018,1823195,5.05724081399967
3: momentum and normalisation,ulysses16,sign(field),13,True,0.5570782912961073,1826634,4.274608192001324
3: momentum and normalisation,ulysses16,sign(field),14,True,0.4114302376439714,1903072,5.1732064000025275
3: momentum and normalisation,ulysses16,sign(field),15,True,0.7116197696457209,1871177,4.751616473997274
3: momentum and normalisation,ulysses16,sign(field),16,True,0.6451377751858871,1874846,4.940897586999199
3: momentum and normalisation,ulysses16,sign(field),17,True,0.5856538854060359,1822626,4.297214369998983
3: momentum and normalisation,ulysses16,sign(field),18,True,0.34378189240414053,1875984,4.750469282000267
3: momentum and normalisation,ulysses16,sign(field),19,True,0.38402099431403997,1793662,4.83975767100128
3: momentum and normalisation,ulysses16,rms per spin,0,True,0.2421635806968946,22863,0.33438763199956156
3: momentum and normalisation,ulysses16,rms per spin,1,True,0.15643679836710891,21807,0.3682533760002116
3: momentum and normalisation,ulysses16,rms per spin,2,True,0.20002915876949992,21690,0.3776204339992546
3: momentum and normalisation,ulysses16,rms per spin,3,True,0.28386062108179033,21805,0.3733267999996315
3: momentum and normalisation,ulysses16,rms per spin,4,True,0.2344365067794139,21990,0.3908769659974496
3: momentum and normalisation,ulysses16,rms per spin,5,True,0.12392477037469019,21712,0.36757248399953824
3: momentum and normalisation,ulysses16,rms per spin,6,True,0.16766292462458085,22008,0.41654883099909057
3: momentum and normalisation,ulysses16,rms per spin,7,True,0.12786120425718034,21624,0.3887204959974042
3: momentum and normalisation,ulysses16,rms per spin,8,True,0.21373378043446567,22264,0.4231959930002631
3: momentum and normalisation,ulysses16,rms per spin,9,True,0.15614521067210962,22511,0.4065907129988773
3: momentum and normalisation,ulysses16,rms per spin,10,True,0.11299023181221753,22467,0.46827175799990073
3: momentum and normalisation,ulysses16,rms per spin,11,True,0.21446274967196385,22147,0.4224260429982678
3: momentum and normalisation,ulysses16,rms per spin,12,True,0.2649074209068377,22572,0.5123070129993721
3: momentum and normalisation,ulysses16,rms per spin,13,True,0.11138649948972153,22016,0.4349323810019996
3: momentum and normalisation,ulysses16,rms per spin,14,True,0.13704621664965738,21702,0.3988179699990724
3: momentum and normalisation,ulysses16,rms per spin,15,True,0.23764397142440588,21600,0.41826383900115616
3: momentum and normalisation,ulysses16,rms per spin,16,True,0.15672838606210818,21952,0.4249957829997584
3: momentum and normalisation,ulysses16,rms per spin,17,True,0.08164455459979589,21397,0.438721500999236
3: momentum and normalisation,ulysses16,rms per spin,18,True,0.12961073042717597,21861,0.40882746699935524
3: momentum and normalisation,ulysses16,rms per spin,19,True,0.040239101909899405,21920,0.4352857859994401
3: momentum and normalisation,ulysses16,"Adam (τm = 10, τr = 30)",0,True,0.1005977547747485,30756,0.4324800239992328
3: momentum and normalisation,ulysses16,"Adam (τm = 10, τr = 30)",1,True,0.07114739757982214,31542,0.45436651700219954
3: momentum and normalisation,ulysses16,"Adam (τm = 10, τr = 30)",2,True,0.07464644991981338,31736,0.45295253499716637
3: momentum and normalisation,ulysses16,"Adam (τm = 10, τr = 30)",3,True,0.11605190260970986,31980,0.4332114719982201
3: momentum and normalisation,ulysses16,"Adam (τm = 10, τr = 30)",4,True,0.048549351217378627,31707,0.39337176399931195
3: momentum and normalisation,ulysses16,"Adam (τm = 10, τr = 30)",5,True,0.06793993293483015,31749,0.40705187500134343
3: momentum and normalisation,ulysses16,"Adam (τm = 10, τr = 30)",6,True,0.09287068085726782,31842,0.41440554600194446
3: momentum and normalisation,ulysses16,"Adam (τm = 10, τr = 30)",7,True,0.02988773873742528,30594,0.3757800169987604
3: momentum and normalisation,ulysses16,"Adam (τm = 10, τr = 30)",8,True,0.18209651552704476,31534,0.42558106100113946
3: momentum and normalisation,ulysses16,"Adam (τm = 10, τr = 30)",9,True,0.09680711473975798,30999,0.3651476100021682
3: momentum and normalisation,ulysses16,"Adam (τm = 10, τr = 30)",10,True,0.13515089663216212,32532,0.4202529499998491
3: momentum and normalisation,ulysses16,"Adam (τm = 10, τr = 30)",11,True,0.12363318267969092,32059,0.408751882998331
3: momentum and normalisation,ulysses16,"Adam (τm = 10, τr = 30)",12,True,0.17101618311707245,32006,0.3959389490009926
3: momentum and normalisation,ulysses16,"Adam (τm = 10, τr = 30)",13,True,0.15672838606210818,31031,0.3774049429994193
3: momentum and normalisation,ulysses16,"Adam (τm = 10, τr = 30)",14,True,0.06589881906983525,31140,0.37430251400292036
3: momentum and normalisation,ulysses16,"Adam (τm = 10, τr = 30)",15,True,0.09359965009476601,30494,0.3995605500022066
3: momentum and normalisation,ulysses16,"Adam (τm = 10, τr = 30)",16,True,0.14550225980463624,31578,0.43261874900053954
3: momentum and normalisation,ulysses16,"Adam (τm = 10, τr = 30)",17,True,0.09039218544977402,31119,0.38343064800210414
3: momentum and normalisation,ulysses16,"Adam (τm = 10, τr = 30)",18,True,0.1334013704621665,31528,0.4069074779981747
3: momentum and normalisation,ulysses16,"Adam (τm = 10, τr = 30)",19,True,0.04388394809739029,31006,0.38330904499889584
3: momentum and normalisation,ulysses16,global rms,0,True,0.1650386353695874,30140,0.3647486990012112
3: momentum and normalisation,ulysses16,global rms,1,True,0.06619040676483452,29521,0.41941779400076484
3: momentum and normalisation,ulysses16,global rms,2,True,0.11634349030470914,29372,0.3900813259970164
3: momentum and normalisation,ulysses16,global rms,3,True,0.08237352383729407,29257,0.3880974849998893
3: momentum and normalisation,ulysses16,global rms,4,True,0.04811196967487972,30955,0.38606085300125415
3: momentum and normalisation,ulysses16,global rms,5,True,0.09491179472226272,31885,0.36765894000200205
3: momentum and normalisation,ulysses16,global rms,6,True,0.23035427904942413,31636,0.3855595559980429
3: momentum and normalisation,ulysses16,global rms,7,True,0.18909462020702728,28151,0.35932194799897843
3: momentum and normalisation,ulysses16,global rms,8,True,0.1695582446420761,31393,0.37157067400039523
3: momentum and normalisation,ulysses16,global rms,9,True,0.1153229333722117,30297,0.3305460519986809
3: momentum and normalisation,ulysses16,global rms,10,True,0.169995626184575,31233,0.3659859219987993
3: momentum and normalisation,ulysses16,global rms,11,True,0.14419011517713953,31312,0.36441167399971164
3: momentum and normalisation,ulysses16,global rms,12,True,0.124799533459688,29833,0.38501186900248285
3: momentum and normalisation,ulysses16,global rms,13,True,0.2762793410118093,31540,0.39317314400250325
3: momentum and normalisation,ulysses16,global rms,14,True,0.13544248432716138,29989,0.3190059199987445
3: momentum and normalisation,ulysses16,global rms,15,True,0.1584779122321038,38216,0.3835860040016996
3: momentum and normalisation,ulysses16,global rms,16,True,0.1071584779122321,29491,0.36313362200235133
3: momentum and normalisation,ulysses16,global rms,17,True,0.1223210380521942,29292,0.3469289669992577
3: momentum and normalisation,ulysses16,global rms,18,True,0.06721096369733197,31483,0.34835430000021006
3: momentum and normalisation,ulysses16,global rms,19,True,0.10161831170724596,28771,0.3162769849986944
3: momentum and normalisation,ulysses16,global rms + momentum,0,True,0.06589881906983525,35753,0.34207855900240247
3: momentum and normalisation,ulysses16,global rms + momentum,1,True,0.10074354862224814,34799,0.3517322459993011
3: momentum and normalisation,ulysses16,global rms + momentum,2,True,0.07012684064732469,34410,0.3372270079998998
3: momentum and normalisation,ulysses16,global rms + momentum,3,True,0.044758711182388104,39300,0.3423691130010411
3: momentum and normalisation,ulysses16,global rms + momentum,4,True,0.10701268406473247,36332,0.31619975799912936
3: momentum and normalisation,ulysses16,global rms + momentum,5,True,0.11736404723720659,35291,0.33876180999868666
3: momentum and normalisation,ulysses16,global rms + momentum,6,True,0.27657092870680855,40523,0.3170004269995843
3: momentum and normalisation,ulysses16,global rms + momentum,7,True,0.13937891820965156,35171,0.31809201299984124
3: momentum and normalisation,ulysses16,global rms + momentum,8,True,0.16533022306458667,36948,0.304751130999648
3: momentum and normalisation,ulysses16,global rms + momentum,9,True,0.12436215191718909,36401,0.32459536099850084
3: momentum and normalisation,ulysses16,global rms + momentum,10,True,0.046654031199883365,35767,0.33990547599751153
3: momentum and normalisation,ulysses16,global rms + momentum,11,True,0.11196967487972008,40188,0.26521315799982403
3: momentum and normalisation,ulysses16,global rms + momentum,12,True,0.13106866890217234,37831,0.27814939800009597
3: momentum and normalisation,ulysses16,global rms + momentum,13,True,0.023618603294940952,34585,0.27147771900126827
3: momentum and normalisation,ulysses16,global rms + momentum,14,True,0.17189094620207027,40103,0.2780138990019623
3: momentum and normalisation,ulysses16,global rms + momentum,15,True,0.1494386936871264,36394,0.2685726080017048
3: momentum and normalisation,ulysses16,global rms + momentum,16,True,0.08543519463478641,36371,0.26329704700037837
3: momentum and normalisation,ulysses16,global rms + momentum,17,True,0.0874763084997813,38646,0.24170525800218456
3: momentum and normalisation,ulysses16,global rms + momentum,18,True,0.2036740049569908,38840,0.22832561100221938
3: momentum and normalisation,ulysses16,global rms + momentum,19,True,0.12144627496719639,36884,0.2124952510021103
3: momentum and normalisation,ulysses22,baseline,0,True,0.4848139170112648,876931,1.727871562998189
3: momentum and normalisation,ulysses22,baseline,1,True,0.4136603450734351,897590,1.7055203319978318
3: momentum and normalisation,ulysses22,baseline,2,True,0.4793954085270212,804159,1.5366139840007236
3: momentum and normalisation,ulysses22,baseline,3,True,0.2388421502923143,877512,1.7125832389974676
3: momentum and normalisation,ulysses22,baseline,4,True,0.3440752887494653,800125,1.5470490640000207
3: momentum and normalisation,ulysses22,baseline,5,True,0.20319406815913305,842562,1.5779052560028504
3: momentum and normalisation,ulysses22,baseline,6,True,0.43262512476828746,841813,1.6483084669998789
3: momentum and normalisation,ulysses22,baseline,7,True,0.420932553828604,904125,1.714914192998549
3: momentum and normalisation,ulysses22,baseline,8,True,0.27320690146870097,858331,1.6422716520028189
3: momentum and normalisation,ulysses22,baseline,9,True,0.41465849137316413,859662,1.630842473001394
3: momentum and normalisation,ulysses22,baseline,10,True,0.3962640809924426,885488,1.6938009280020196
3: momentum and normalisation,ulysses22,baseline,11,True,0.4317695707970911,858149,1.6730264610014274
3: momentum and normalisation,ulysses22,baseline,12,True,0.18080707257949521,820910,1.565569113001402
3: momentum and normalisation,ulysses22,baseline,13,True,0.28604021103664623,888868,1.6660322250027093
3: momentum and normalisation,ulysses22,baseline,14,True,0.32682161699700557,858794,1.5531337909997092
3: momentum and normalisation,ulysses22,baseline,15,True,0.2572365606730358,808573,1.5193414879977354
3: momentum and normalisation,ulysses22,baseline,16,True,0.28718094966490804,882526,1.6476981519990659
3: momentum and normalisation,ulysses22,baseline,17,True,0.46100099814629975,889562,1.6148137140007748
3: momentum and normalisation,ulysses22,baseline,18,True,0.479538000855554,943668,1.7299746610005968
3: momentum and normalisation,ulysses22,baseline,19,True,0.45258805076286895,828742,1.5521413040005427
3: momentum and normalisation,ulysses22,momentum τ = 3,0,True,0.34863824326251247,881922,1.655100906998996
3: momentum and normalisation,ulysses22,momentum τ = 3,1,True,0.2264366177099672,839388,1.5975379619994783
3: momentum and normalisation,ulysses22,momentum τ = 3,2,True,0.23313845715100528,876157,1.595162822999555
3: momentum and normalisation,ulysses22,momentum τ = 3,3,True,0.4414658491373164,856434,1.6119468750002852
3: momentum and normalisation,ulysses22,momentum τ = 3,4,True,0.41594182232995863,794778,1.5337013179996575
3: momentum and normalisation,ulysses22,momentum τ = 3,5,True,0.35548267503208325,878485,1.6424921229991014
3: momentum and normalisation,ulysses22,momentum τ = 3,6,True,0.4232140310851276,816770,1.5412379099980171
3: momentum and normalisation,ulysses22,momentum τ = 3,7,True,0.1920718665335805,840658,1.6055277589985053
3: momentum and normalisation,ulysses22,momentum τ = 3,8,True,0.5462712106088693,877792,1.5343929390000994
3: momentum and normalisation,ulysses22,momentum τ = 3,9,True,0.3543419364038215,824222,1.513959634998173
3: momentum and normalisation,ulysses22,momentum τ = 3,10,True,0.3079994296306859,843929,1.5882530989983934
3: momentum and normalisation,ulysses22,momentum τ = 3,11,True,0.31013831455867674,890545,1.6822915550001198
3: momentum and normalisation,ulysses22,momentum τ = 3,12,True,0.22829031798089264,930062,1.729036149001331
3: momentum and normalisation,ulysses22,momentum τ = 3,13,True,0.47255097675745045,819874,1.5553068529989105
3: momentum and normalisation,ulysses22,momentum τ = 3,14,True,0.48167688578354484,812363,1.5341683309998189
3: momentum and normalisation,ulysses22,momentum τ = 3,15,True,0.3586197062598032,852077,1.5818934269991587
3: momentum and normalisation,ulysses22,momentum τ = 3,16,True,0.45201768144873805,859037,1.6292385880005895
3: momentum and normalisation,ulysses22,momentum τ = 3,17,True,0.3246827320690147,960654,1.751300411997363
3: momentum and normalisation,ulysses22,momentum τ = 3,18,True,0.4716954227862541,809444,1.5496427100006258
3: momentum and normalisation,ulysses22,momentum τ = 3,19,True,0.30229573648937685,861911,1.6337011649993656
3: momentum and normalisation,ulysses22,momentum τ = 10,0,True,0.2843291030942535,819302,1.5947494130014093
3: momentum and normalisation,ulysses22,momentum τ = 10,1,True,0.24925139027520318,836603,1.6057374189986149
3: momentum and normalisation,ulysses22,momentum τ = 10,2,True,0.4356195636674747,842464,1.573397042000579
3: momentum and normalisation,ulysses22,momentum τ = 10,3,True,0.3031512904605732,868298,1.6469085630014888
3: momentum and normalisation,ulysses22,momentum τ = 10,4,True,0.3305290175388564,843939,1.6190553679989534
3: momentum and normalisation,ulysses22,momentum τ = 10,5,True,0.27876800228147725,820537,1.5862777549991733
3: momentum and normalisation,ulysses22,momentum τ = 10,6,True,0.41095109083131326,881444,1.67670585200176
3: momentum and normalisation,ulysses22,momentum τ = 10,7,True,0.3164123770141166,865651,1.6222532089996093
3: momentum and normalisation,ulysses22,momentum τ = 10,8,True,0.49194353343790104,865841,1.5787579959978757
3: momentum and normalisation,ulysses22,momentum τ = 10,9,True,0.374304862398403,841451,1.6191143809992354
3: momentum and normalisation,ulysses22,momentum τ = 10,10,True,0.42349921574219307,905114,1.7565293440020469
3: momentum and normalisation,ulysses22,momentum τ = 10,11,True,0.26736061599885924,779690,1.502020280000579
3: momentum and normalisation,ulysses22,momentum τ = 10,12,True,0.3105660915442749,856677,1.6026294309995137
3: momentum and normalisation,ulysses22,momentum τ = 10,13,True,0.45501212034792526,864591,1.623281293999753
3: momentum and normalisation,ulysses22,momentum τ = 10,14,True,0.3887066875802082,855142,1.6318986510013929
3: momentum and normalisation,ulysses22,momentum τ = 10,15,True,0.4215029231427349,866418,1.5942627629992785
3: momentum and normalisation,ulysses22,momentum τ = 10,16,True,0.32339940111222015,875685,1.6976171000023896
3: momentum and normalisation,ulysses22,momentum τ = 10,17,True,0.2876087266505062,878035,1.6054638670029817
3: momentum and normalisation,ulysses22,momentum τ = 10,18,True,0.307429060316555,841531,1.5788476470006572
3: momentum and normalisation,ulysses22,momentum τ = 10,19,True,0.4523028661058035,889059,1.6533487289998448
3: momentum and normalisation,ulysses22,momentum τ = 30,0,True,0.29302723513474976,824239,1.582742769998731
3: momentum and normalisation,ulysses22,momentum τ = 30,1,True,0.22372736346784544,780327,1.4955086459995073
3: momentum and normalisation,ulysses22,momentum τ = 30,2,True,0.23014401825181804,862721,1.647254764000536
3: momentum and normalisation,ulysses22,momentum τ = 30,3,True,0.4351917866818765,813687,1.530572048999602
3: momentum and normalisation,ulysses22,momentum τ = 30,4,True,0.233281049479538,878823,1.6347141109981749
3: momentum and normalisation,ulysses22,momentum τ = 30,5,True,0.43633252531013833,861011,1.6302997350030637
3: momentum and normalisation,ulysses22,momentum τ = 30,6,True,0.34450306573506345,813684,1.4968460320014856
3: momentum and normalisation,ulysses22,momentum τ = 30,7,True,0.29259945814915156,846845,1.5784344779967796
3: momentum and normalisation,ulysses22,momentum τ = 30,8,True,0.5170397832596606,864321,1.614197556002182
3: momentum and normalisation,ulysses22,momentum τ = 30,9,True,0.2532439754741195,828804,1.5395892590022413
3: momentum and normalisation,ulysses22,momentum τ = 30,10,True,0.4842435476971339,859640,1.5943121279997285
3: momentum and normalisation,ulysses22,momentum τ = 30,11,True,0.2693569085983174,782256,1.485453872999642
3: momentum and normalisation,ulysses22,momentum τ = 30,12,True,0.32111792385569654,902949,1.7475226739989012
3: momentum and normalisation,ulysses22,momentum τ = 30,13,True,0.41194923713104237,856730,1.6468819519977842
3: momentum and normalisation,ulysses22,momentum τ = 30,14,True,0.4039640667332097,915002,1.7136780610017013
3: momentum and normalisation,ulysses22,momentum τ = 30,15,True,0.4300584628546984,839885,1.694055534000654
3: momentum and normalisation,ulysses22,momentum τ = 30,16,True,0.3375160416369599,918857,1.7929369640005461
3: momentum and normalisation,ulysses22,momentum τ = 30,17,True,0.3440752887494653,892303,1.8494395240013546
3: momentum and normalisation,ulysses22,momentum τ = 30,18,True,0.4353343790104092,897932,1.7685677579975163
3: momentum and normalisation,ulysses22,momentum τ = 30,19,True,0.4123770141166405,851681,1.7003477879989077
3: momentum and normalisation,ulysses22,momentum τ = 100,0,True,0.38371595608156284,910492,1.9396515570006159
3: momentum and normalisation,ulysses22,momentum τ = 100,1,True,0.3303864252103237,923458,1.9427872190026392
3: momentum and normalisation,ulysses22,momentum τ = 100,2,True,0.3869955796378155,966678,1.9502484570002707
3: momentum and normalisation,ulysses22,momentum τ = 100,3,True,0.40667332097533154,878066,1.7645246520005458
3: momentum and normalisation,ulysses22,momentum τ = 100,4,True,0.3761585626693284,907015,1.924421595002059
3: momentum and normalisation,ulysses22,momentum τ = 100,5,True,0.29245686582061886,917748,1.8812692560022697
3: momentum and normalisation,ulysses22,momentum τ = 100,6,True,0.35591045201768146,864977,1.7143383830007224
3: momentum and normalisation,ulysses22,momentum τ = 100,7,True,0.39754741194923715,962835,2.013114705998305
3: momentum and normalisation,ulysses22,momentum τ = 100,8,True,0.35248823613289604,874920,1.7830103160013095
3: momentum and normalisation,ulysses22,momentum τ = 100,9,True,0.49764722657921,895324,1.8926891979972424
3: momentum and normalisation,ulysses22,momentum τ = 100,10,True,0.28718094966490804,907184,1.8660432510005194
3: momentum and normalisation,ulysses22,momentum τ = 100,11,True,0.4709824611435905,868012,1.8270741259984788
3: momentum and normalisation,ulysses22,momentum τ = 100,12,True,0.2954513047198061,943277,1.9781270890016458
3: momentum and normalisation,ulysses22,momentum τ = 100,13,True,0.35405675174675605,923610,1.9990941949981789
3: momentum and normalisation,ulysses22,momentum τ = 100,14,True,0.13189790389277056,859543,1.8324552080011927
3: momentum and normalisation,ulysses22,momentum τ = 100,15,True,0.38385854841009553,934896,2.2237265479998314
3: momentum and normalisation,ulysses22,momentum τ = 100,16,True,0.33708826465136177,956017,2.336591960000078
3: momentum and normalisation,ulysses22,momentum τ = 100,17,True,0.22372736346784544,905091,2.104973407000216
3: momentum and normalisation,ulysses22,momentum τ = 100,18,True,0.28047911022386995,954517,2.320621521997964
3: momentum and normalisation,ulysses22,momentum τ = 100,19,True,0.3998288892057607,932063,2.312058129002253
3: momentum and normalisation,ulysses22,sign(field),0,True,0.6820191073720234,1980338,16.542468002000533
3: momentum and normalisation,ulysses22,sign(field),1,True,1.054898046485099,1990087,16.62436967499889
3: momentum and normalisation,ulysses22,sign(field),2,True,0.61328960501925,1980198,16.887835634999647
3: momentum and normalisation,ulysses22,sign(field),3,True,1.3101383145586767,1990081,18.395945210999344
3: momentum and normalisation,ulysses22,sign(field),4,True,0.730928276058748,1950515,15.658105406997493
3: momentum and normalisation,ulysses22,sign(field),5,True,1.1755311564237845,1982876,17.225994434000313
3: momentum and normalisation,ulysses22,sign(field),6,True,1.2036218451447311,1990071,16.903478868000093
3: momentum and normalisation,ulysses22,sign(field),7,True,1.189220019962926,1990093,16.933310952001193
3: momentum and normalisation,ulysses22,sign(field),8,True,0.9095964637102524,1980190,17.63936501200078
3: momentum and normalisation,ulysses22,sign(field),9,True,1.00156851561386,1950565,17.96691092999754
3: momentum and normalisation,ulysses22,sign(field),10,True,1.067303579067446,1990155,16.561270220998267
3: momentum and normalisation,ulysses22,sign(field),11,False,,2000000,17.04697255499923
3: momentum and normalisation,ulysses22,sign(field),12,True,1.0126907172394126,1980234,16.94948248500077
3: momentum and normalisation,ulysses22,sign(field),13,False,,2000000,19.5913792930005
3: momentum and normalisation,ulysses22,sign(field),14,True,1.2750606017396264,1980510,16.974848516001657
3: momentum and normalisation,ulysses22,sign(field),15,True,0.9861685441323257,1980145,19.90142240500063
3: momentum and normalisation,ulysses22,sign(field),16,True,0.7359190075573934,1980282,17.15672674199959
3: momentum and normalisation,ulysses22,sign(field),17,False,,2000000,16.859414896996896
3: momentum and normalisation,ulysses22,sign(field),18,False,,2000000,18.044398530000763
3: momentum and normalisation,ulysses22,sign(field),19,True,0.8859261371738201,1980162,18.00172427399957
3: momentum and normalisation,ulysses22,rms per spin,0,True,0.4916583487808356,27022,0.801764068997727
3: momentum and normalisation,ulysses22,rms per spin,1,True,0.35177527449023244,27462,0.8577620639989618
3: momentum and normalisation,ulysses22,rms per spin,2,True,0.2749180094110937,26711,0.9714557379993494
3: momentum and normalisation,ulysses22,rms per spin,3,True,0.5017824041066591,26123,1.0480546889994002
3: momentum and normalisation,ulysses22,rms per spin,4,True,0.3446456580635962,27228,1.0750835670005472
3: momentum and normalisation,ulysses22,rms per spin,5,True,0.4046770283758734,26976,1.0863179259977187
3: momentum and normalisation,ulysses22,rms per spin,6,True,0.42121773848566946,26713,1.1770514550007647
3: momentum and normalisation,ulysses22,rms per spin,7,True,0.37958077855411376,26951,1.2270146390001173
3: momentum and normalisation,ulysses22,rms per spin,8,True,0.3380864109510908,27609,1.2492219239975384
3: momentum and normalisation,ulysses22,rms per spin,9,True,0.2983031512904606,25763,1.3622548560015275
3: momentum and normalisation,ulysses22,rms per spin,10,True,0.4957935263082846,26747,1.1809649040005752
3: momentum and normalisation,ulysses22,rms per spin,11,True,0.47925281619848853,26698,1.3263348069995118
3: momentum and normalisation,ulysses22,rms per spin,12,True,0.395551119349779,28707,1.6025438969991228
3: momentum and normalisation,ulysses22,rms per spin,13,True,0.33979751889348353,26887,1.37285582199911
3: momentum and normalisation,ulysses22,rms per spin,14,True,0.45372878939113076,27304,1.3710957300027076
3: momentum and normalisation,ulysses22,rms per spin,15,True,0.3472123199771852,26737,1.2353567290010687
3: momentum and normalisation,ulysses22,rms per spin,16,True,0.4922287180949665,26868,1.3125533329985046
3: momentum and normalisation,ulysses22,rms per spin,17,True,0.36631969200057035,26066,1.4267830809985753
3: momentum and normalisation,ulysses22,rms per spin,18,True,0.2573791530015685,26556,1.3282219230022747
3: momentum and normalisation,ulysses22,rms per spin,19,True,0.44959361186368174,26839,1.349543044998427
3: momentum and normalisation,ulysses22,"Adam (τm = 10, τr = 30)",0,True,0.3236845857692856,37849,1.2051474840009178
3: momentum and normalisation,ulysses22,"Adam (τm = 10, τr = 30)",1,True,0.3664622843291031,38108,1.3101042530033737
3: momentum and normalisation,ulysses22,"Adam (τm = 10, τr = 30)",2,True,0.432339940111222,37502,1.3493531819985947
3: momentum and normalisation,ulysses22,"Adam (τm = 10, τr = 30)",3,True,0.1582774846713247,37173,1.3070667889987817
3: momentum and normalisation,ulysses22,"Adam (τm = 10, τr = 30)",4,True,0.4552973050049907,37397,1.3137005450007564
3: momentum and normalisation,ulysses22,"Adam (τm = 10, τr = 30)",5,True,0.39754741194923715,37488,1.2928341209990322
3: momentum and normalisation,ulysses22,"Adam (τm = 10, τr = 30)",6,True,0.5354341936403821,38960,1.4887674050005444
3: momentum and normalisation,ulysses22,"Adam (τm = 10, τr = 30)",7,True,0.4746898616854413,39148,1.2971344390025479
3: momentum and normalisation,ulysses22,"Adam (τm = 10, τr = 30)",8,True,0.26850135462712105,37551,1.3713915640000778
3: momentum and normalisation,ulysses22,"Adam (τm = 10, τr = 30)",9,True,0.5395693711678312,37873,1.2237834040024609
3: momentum and normalisation,ulysses22,"Adam (τm = 10, τr = 30)",10,True,0.3985455582489662,37577,1.2852289889997337
3: momentum and normalisation,ulysses22,"Adam (τm = 10, τr = 30)",11,True,0.33780122629402537,37330,1.2872698479986866
3: momentum and normalisation,ulysses22,"Adam (τm = 10, τr = 30)",12,True,0.20618850705832026,37699,1.3098515899982885
3: momentum and normalisation,ulysses22,"Adam (τm = 10, τr = 30)",13,True,0.30386425210323686,37853,1.3704326229999424
3: momentum and normalisation,ulysses22,"Adam (τm = 10, τr = 30)",14,True,0.4483102809068872,37031,1.2544039160020475
3: momentum and normalisation,ulysses22,"Adam (τm = 10, τr = 30)",15,True,0.44731213460715813,37701,1.3374557969982561
3: momentum and normalisation,ulysses22,"Adam (τm = 10, τr = 30)",16,True,0.3895622415514045,37532,1.3301154620021407
3: momentum and normalisation,ulysses22,"Adam (τm = 10, τr = 30)",17,True,0.2692143162697847,37883,1.3516911799997615
3: momentum and normalisation,ulysses22,"Adam (τm = 10, τr = 30)",18,True,0.33295308712391275,38086,1.2752811200007272
3: momentum and normalisation,ulysses22,"Adam (τm = 10, τr = 30)",19,True,0.35876229858833597,38205,1.283273091998126
3: momentum and normalisation,ulysses22,global rms,0,True,0.27320690146870097,35324,1.2393182189989602
3: momentum and normalisation,ulysses22,global rms,1,True,0.46114359047483244,37809,1.276240383998811
3: momentum and normalisation,ulysses22,global rms,2,True,0.44959361186368174,37987,1.2163921299979847
3: momentum and normalisation,ulysses22,global rms,3,True,0.4133751604163696,36385,1.0829189910000423
3: momentum and normalisation,ulysses22,global rms,4,True,0.48738057892485387,39240,1.2275259449997975
3: momentum and normalisation,ulysses22,global rms,5,True,0.5417082560958221,41393,1.0653339479977149
3: momentum and normalisation,ulysses22,global rms,6,True,0.5203194068159133,36400,1.167134295003052
3: momentum and normalisation,ulysses22,global rms,7,True,0.3025809211464423,38366,1.1756283159993473
3: momentum and normalisation,ulysses22,global rms,8,True,0.2435476971338942,35028,1.0826232360013819
3: momentum and normalisation,ulysses22,global rms,9,True,0.14872379865963212,38278,1.2216023259970825
3: momentum and normalisation,ulysses22,global rms,10,True,0.40795665193212605,40193,1.1761571370007005
3: momentum and normalisation,ulysses22,global rms,11,True,0.1229145871952089,35471,1.1307079889993474
3: momentum and normalisation,ulysses22,global rms,12,True,0.28903464993583344,36340,1.153091050000512
3: momentum and normalisation,ulysses22,global rms,13,True,0.3516326821616997,38187,1.177329235997604
3: momentum and normalisation,ulysses22,global rms,14,True,0.3241123627548838,36701,1.1945517770000151
3: momentum and normalisation,ulysses22,global rms,15,True,0.24283473549123058,38004,1.1953343720015255
3: momentum and normalisation,ulysses22,global rms,16,True,0.22572365606730357,36608,1.174265171001025
3: momentum and normalisation,ulysses22,global rms,17,True,0.3380864109510908,36931,1.144705808001163
3: momentum and normalisation,ulysses22,global rms,18,True,0.26236988450021387,45674,1.2129217289984808
3: momentum and normalisation,ulysses22,global rms,19,True,0.33238271780978185,37364,1.133396597000683
3: momentum and normalisation,ulysses22,global rms + momentum,0,True,0.3024383288179096,46663,1.1599642149994907
3: momentum and normalisation,ulysses22,global rms + momentum,1,True,0.3460715813489234,49741,1.0784974819980562
3: momentum and normalisation,ulysses22,global rms + momentum,2,True,0.4148010837016968,46060,1.1397209419992578
3: momentum and normalisation,ulysses22,global rms + momentum,3,True,0.3931270497647227,43692,1.3075452530028997
3: momentum and normalisation,ulysses22,global rms + momentum,4,True,0.16112933124197917,42261,1.1558721149995108
3: momentum and normalisation,ulysses22,global rms + momentum,5,True,0.38827891059461,42593,1.0758008190023247
3: momentum and normalisation,ulysses22,global rms + momentum,6,True,0.21745330101240554,49320,1.1872543319987017
3: momentum and normalisation,ulysses22,global rms + momentum,7,True,0.4741194923713104,43992,1.2038183139993635
3: momentum and normalisation,ulysses22,global rms + momentum,8,True,0.32282903179808925,48826,1.0167016980012704
3: momentum and normalisation,ulysses22,global rms + momentum,9,True,0.3305290175388564,42686,1.1138694030014449
3: momentum and normalisation,ulysses22,global rms + momentum,10,True,0.16626265506915727,46034,1.0415283180009283
3: momentum and normalisation,ulysses22,global rms + momentum,11,True,0.21174960787109653,40796,0.9216109910012165
3: momentum and normalisation,ulysses22,global rms + momentum,12,True,0.5080564665620989,45440,0.990972903000511
3: momentum and normalisation,ulysses22,global rms + momentum,13,True,0.2957364893768715,43673,0.9303500309979427
3: momentum and normalisation,ulysses22,global rms + momentum,14,True,0.27805504063881364,45203,0.9030826460002572
3: momentum and normalisation,ulysses22,global rms + momentum,15,True,0.48410095536860115,49364,0.8799278699989372
3: momentum and normalisation,ulysses22,global rms + momentum,16,True,0.5043490660202481,55364,0.9103347239979485
3: momentum and normalisation,ulysses22,global rms + momentum,17,True,0.35961785255953227,42827,0.8230431810006849
3: momentum and normalisation,ulysses22,global rms + momentum,18,True,0.37601597034079565,48680,0.8065843609983858
3: momentum and normalisation,ulysses22,global rms + momentum,19,True,0.3778696706117211,44095,0.5925611290003872
3: momentum and normalisation,bayg29,baseline,0,True,0.7459627329192546,841393,3.6817229029984446
3: momentum and normalisation,bayg29,baseline,1,True,0.5881987577639751,848872,4.159755012002279
3: momentum and normalisation,bayg29,baseline,2,True,0.5782608695652174,835230,3.4631717410011333
3: momentum and normalisation,bayg29,baseline,3,True,0.7490683229813665,837703,3.3250627419984085
3: momentum and normalisation,bayg29,baseline,4,True,0.8490683229813665,853930,3.493912022000586
3: momentum and normalisation,bayg29,baseline,5,True,0.5577639751552795,830484,3.493183107999357
3: momentum and normalisation,bayg29,baseline,6,True,0.7968944099378882,800298,3.2849509629995737
3: momentum and normalisation,bayg29,baseline,7,True,0.6372670807453417,868613,3.2653018470009556
3: momentum and normalisation,bayg29,baseline,8,True,0.724223602484472,898804,4.0612779750008485
3: momentum and normalisation,bayg29,baseline,9,True,0.8167701863354038,780097,3.3449453949979215
3: momentum and normalisation,bayg29,baseline,10,True,0.6049689440993788,834891,3.5897608660015976
3: momentum and normalisation,bayg29,baseline,11,True,0.7906832298136646,845952,3.5792136720010603
3: momentum and normalisation,bayg29,baseline,12,True,0.6614906832298136,798325,2.979084922000766
3: momentum and normalisation,bayg29,baseline,13,True,0.36770186335403726,835400,3.206030917001044
3: momentum and normalisation,bayg29,baseline,14,True,0.815527950310559,866238,3.173806089998834
3: momentum and normalisation,bayg29,baseline,15,True,0.7478260869565218,866611,3.2704393540007004
3: momentum and normalisation,bayg29,baseline,16,True,0.6503105590062112,820834,3.044588101001864
3: momentum and normalisation,bayg29,baseline,17,True,0.6577639751552795,811952,2.9967873000023246
3: momentum and normalisation,bayg29,baseline,18,True,0.6509316770186335,873049,3.1666739909996977
3: momentum and normalisation,bayg29,baseline,19,True,0.7950310559006211,832688,3.0379608660005033
3: momentum and normalisation,bayg29,momentum τ = 3,0,True,0.5987577639751552,825181,3.1391214010000112
3: momentum and normalisation,bayg29,momentum τ = 3,1,True,0.5770186335403726,840838,3.14435061399854
3: momentum and normalisation,bayg29,momentum τ = 3,2,True,0.7198757763975155,847888,3.0635252370011585
3: momentum and normalisation,bayg29,momentum τ = 3,3,True,0.6975155279503106,862619,3.0757140679997974
3: momentum and normalisation,bayg29,momentum τ = 3,4,True,0.5900621118012422,824049,2.940348191001249
3: momentum and normalisation,bayg29,momentum τ = 3,5,True,0.7701863354037267,870802,3.0519092899994575
3: momentum and normalisation,bayg29,momentum τ = 3,6,True,0.8248447204968944,895312,3.0746559660001367
3: momentum and normalisation,bayg29,momentum τ = 3,7,True,0.853416149068323,853224,3.0379064219996508
3: momentum and normalisation,bayg29,momentum τ = 3,8,True,0.6633540372670808,835692,2.8203055350022623
3: momentum and normalisation,bayg29,momentum τ = 3,9,True,0.7590062111801242,880709,3.1519471499996143
3: momentum and normalisation,bayg29,momentum τ = 3,10,True,0.7236024844720497,853461,2.889038764998986
3: momentum and normalisation,bayg29,momentum τ = 3,11,True,0.7118012422360248,816119,2.776635266000085
3: momentum and normalisation,bayg29,momentum τ = 3,12,True,0.668944099378882,783058,2.8328502959993784
3: momentum and normalisation,bayg29,momentum τ = 3,13,True,0.6987577639751553,855251,3.0832834520006145
3: momentum and normalisation,bayg29,momentum τ = 3,14,True,0.5149068322981366,783203,2.775328178999189
3: momentum and normalisation,bayg29,momentum τ = 3,15,True,0.6925465838509317,850148,3.025227605001419
3: momentum and normalisation,bayg29,momentum τ = 3,16,True,0.8658385093167702,833393,2.800763833001838
3: momentum and normalisation,bayg29,momentum τ = 3,17,True,0.7956521739130434,845926,2.9864047299997765
3: momentum and normalisation,bayg29,momentum τ = 3,18,True,0.668944099378882,869386,2.9769573070007027
3: momentum and normalisation,bayg29,momentum τ = 3,19,True,0.7360248447204969,891166,3.0356711610002094
3: momentum and normalisation,bayg29,momentum τ = 10,0,True,0.5298136645962733,841535,2.9565139219994307
3: momentum and normalisation,bayg29,momentum τ = 10,1,True,0.6937888198757765,806972,2.785843601999659
3: momentum and normalisation,bayg29,momentum τ = 10,2,True,0.8608695652173913,801432,2.8452952670013474
3: momentum and normalisation,bayg29,momentum τ = 10,3,True,0.6503105590062112,844418,2.8481330200011143
3: momentum and normalisation,bayg29,momentum τ = 10,4,True,0.6875776397515528,824202,2.7520508990019152
3: momentum and normalisation,bayg29,momentum τ = 10,5,True,0.7993788819875777,864640,2.899108346999128
3: momentum and normalisation,bayg29,momentum τ = 10,6,True,0.868944099378882,813808,2.712491927002702
3: momentum and normalisation,bayg29,momentum τ = 10,7,True,0.7118012422360248,862367,2.9095401009981288
3: momentum and normalisation,bayg29,momentum τ = 10,8,True,0.7745341614906832,842819,2.885753487000329
3: momentum and normalisation,bayg29,momentum τ = 10,9,True,0.6683229813664596,845897,2.8929898150017834
3: momentum and normalisation,bayg29,momentum τ = 10,10,True,0.6273291925465838,873981,2.9298295920016244
3: momentum and normalisation,bayg29,momentum τ = 10,11,True,0.6478260869565218,857688,2.8728126290006912
3: momentum and normalisation,bayg29,momentum τ = 10,12,True,0.7080745341614907,834352,2.7768224840001494
3: momentum and normalisation,bayg29,momentum τ = 10,13,True,0.6236024844720497,829556,2.8047237200007658
3: momentum and normalisation,bayg29,momentum τ = 10,14,True,0.768944099378882,853648,2.8942613349972817
3: momentum and normalisation,bayg29,momentum τ = 10,15,True,0.7962732919254658,891358,3.006218219998118
3: momentum and normalisation,bayg29,momentum τ = 10,16,True,0.591304347826087,880109,3.0021157510018384
3: momentum and normalisation,bayg29,momentum τ = 10,17,True,0.6881987577639752,848333,2.889504324997688
3: momentum and normalisation,bayg29,momentum τ = 10,18,True,0.8900621118012423,850601,2.855369206998148
3: momentum and normalisation,bayg29,momentum τ = 10,19,True,0.6099378881987577,857251,2.896436241000629
3: momentum and normalisation,bayg29,momentum τ = 30,0,True,0.6521739130434783,853249,2.89496691399836
3: momentum and normalisation,bayg29,momentum τ = 30,1,True,0.8614906832298137,836379,2.8321212229966477
3: momentum and normalisation,bayg29,momentum τ = 30,2,True,0.7291925465838509,826173,2.7945207939992542
3: momentum and normalisation,bayg29,momentum τ = 30,3,True,0.6254658385093168,848884,2.8817724399996223
3: momentum and normalisation,bayg29,momentum τ = 30,4,True,0.8906832298136645,830399,2.780970259998867
3: momentum and normalisation,bayg29,momentum τ = 30,5,True,0.6863354037267081,857677,2.9220379530015634
3: momentum and normalisation,bayg29,momentum τ = 30,6,True,0.677639751552795,887521,2.99571898800059
3: momentum and normalisation,bayg29,momentum τ = 30,7,True,0.760248447204969,820214,2.764677256000141
3: momentum and normalisation,bayg29,momentum τ = 30,8,True,0.7664596273291926,822014,2.734465606001322
3: momentum and normalisation,bayg29,momentum τ = 30,9,True,0.6434782608695652,848462,2.8345575190032832
3: momentum and normalisation,bayg29,momentum τ = 30,10,True,0.8416149068322981,860878,2.900101444996835
3: momentum and normalisation,bayg29,momentum τ = 30,11,True,0.7714285714285715,858443,2.9274329519976163
3: momentum and normalisation,bayg29,momentum τ = 30,12,True,0.6459627329192547,828582,2.799862170999404
3: momentum and normalisation,bayg29,momentum τ = 30,13,True,0.877639751552795,828491,2.79625539799963
3: momentum and normalisation,bayg29,momentum τ = 30,14,True,0.768944099378882,840914,2.8600833550008247
3: momentum and normalisation,bayg29,momentum τ = 30,15,True,0.7484472049689441,817306,2.7813387740025064
3: momentum and normalisation,bayg29,momentum τ = 30,16,True,0.8366459627329192,861185,3.050552266999148
3: momentum and normalisation,bayg29,momentum τ = 30,17,True,0.6801242236024845,816898,2.8406253540015314
3: momentum and normalisation,bayg29,momentum τ = 30,18,True,0.6142857142857143,843527,2.963849488998676
3: momentum and normalisation,bayg29,momentum τ = 30,19,True,0.6409937888198758,869689,2.9936807230005797
3: momentum and normalisation,bayg29,momentum τ = 100,0,True,0.6720496894409937,906707,3.142720048002957
3: momentum and normalisation,bayg29,momentum τ = 100,1,True,0.7360248447204969,908827,3.246198953002022
3: momentum and normalisation,bayg29,momentum τ = 100,2,True,0.5509316770186335,906141,3.1294395000004442
3: momentum and normalisation,bayg29,momentum τ = 100,3,True,0.5062111801242236,903037,3.3828953730007925
3: momentum and normalisation,bayg29,momentum τ = 100,4,True,0.6807453416149069,885810,3.156806035000045
3: momentum and normalisation,bayg29,momentum τ = 100,5,True,0.5670807453416149,883429,3.4106801149973762
3: momentum and normalisation,bayg29,momentum τ = 100,6,True,0.775776397515528,915557,3.852123147000384
3: momentum and normalisation,bayg29,momentum τ = 100,7,True,0.5782608695652174,880502,3.140492230999371
3: momentum and normalisation,bayg29,momentum τ = 100,8,True,0.6236024844720497,886955,3.2874143100016227
3: momentum and normalisation,bayg29,momentum τ = 100,9,True,0.5857142857142857,900223,3.7988699470006395
3: momentum and normalisation,bayg29,momentum τ = 100,10,True,0.7335403726708074,888589,3.2961590199993225
3: momentum and normalisation,bayg29,momentum τ = 100,11,True,0.5838509316770186,862434,3.6311641130014323
3: momentum and normalisation,bayg29,momentum τ = 100,12,True,0.4751552795031056,898230,3.3432885490001354
3: momentum and normalisation,bayg29,momentum τ = 100,13,True,0.7161490683229814,898934,4.146266286999889
3: momentum and normalisation,bayg29,momentum τ = 100,14,True,0.5583850931677019,904420,3.422163930001261
3: momentum and normalisation,bayg29,momentum τ = 100,15,True,0.7037267080745342,915596,3.6403160500012746
3: momentum and normalisation,bayg29,momentum τ = 100,16,True,0.639751552795031,915142,3.6944397239967657
3: momentum and normalisation,bayg29,momentum τ = 100,17,True,0.6888198757763975,903490,3.8463892209983896
3: momentum and normalisation,bayg29,momentum τ = 100,18,True,0.47080745341614905,901856,3.8432962799997767
3: momentum and normalisation,bayg29,momentum τ = 100,19,True,0.8366459627329192,945180,4.245599490001041
3: momentum and normalisation,bayg29,sign(field),0,False,,2000000,71.27573416700034
3: momentum and normalisation,bayg29,sign(field),1,True,1.4273291925465839,1980360,82.28486035600145
3: momentum and normalisation,bayg29,sign(field),2,False,,2000000,116.072978709999
3: momentum and normalisation,bayg29,sign(field),3,True,1.4763975155279503,1970456,58.00421611500133
3: momentum and normalisation,bayg29,sign(field),4,True,1.387577639751553,1980094,67.66965151300246
3: momentum and normalisation,bayg29,sign(field),5,False,,2000000,111.10936252099782
3: momentum and normalisation,bayg29,sign(field),6,True,1.3726708074534162,1980121,60.988265653999406
3: momentum and normalisation,bayg29,sign(field),7,False,,2000000,64.62184856800013
3: momentum and normalisation,bayg29,sign(field),8,True,1.1496894409937888,1980526,103.23000702599893
3: momentum and normalisation,bayg29,sign(field),9,False,,2000000,109.3927124619986
3: momentum and normalisation,bayg29,sign(field),10,False,,2000000,69.18273118500292
3: momentum and normalisation,bayg29,sign(field),11,True,1.1341614906832298,1990076,120.57449978400109
3: momentum and normalisation,bayg29,sign(field),12,False,,2000000,70.69916203100001
3: momentum and normalisation,bayg29,sign(field),13,False,,2000000,112.39842943400072
3: momentum and normalisation,bayg29,sign(field),14,True,1.8788819875776397,1990101,55.875519435998285
3: momentum and normalisation,bayg29,sign(field),15,True,1.3385093167701863,1980496,69.70159163200151
3: momentum and normalisation,bayg29,sign(field),16,True,1.0571428571428572,1990107,94.36453196100047
3: momentum and normalisation,bayg29,sign(field),17,False,,2000000,66.15757191100056
3: momentum and normalisation,bayg29,sign(field),18,False,,2000000,94.18356859300184
3: momentum and normalisation,bayg29,sign(field),19,False,,2000000,64.78890266699818
3: momentum and normalisation,bayg29,rms per spin,0,True,0.6732919254658385,29335,1.4836788819993671
3: momentum and normalisation,bayg29,rms per spin,1,True,0.508695652173913,29137,1.3806505769971409
3: momentum and normalisation,bayg29,rms per spin,2,True,0.7385093167701864,29271,1.6167912220007565
3: momentum and normalisation,bayg29,rms per spin,3,True,0.7571428571428571,29080,1.5487819049994869
3: momentum and normalisation,bayg29,rms per spin,4,True,0.7919254658385093,29273,2.1174846530011564
3: momentum and normalisation,bayg29,rms per spin,5,True,0.8621118012422361,29192,1.908573480999621
3: momentum and normalisation,bayg29,rms per spin,6,True,0.6720496894409937,29468,1.153956685000594
3: momentum and normalisation,bayg29,rms per spin,7,True,0.7496894409937889,29725,2.100971308998851
3: momentum and normalisation,bayg29,rms per spin,8,True,0.7540372670807454,29118,1.9567965189999086
3: momentum and normalisation,bayg29,rms per spin,9,True,0.6695652173913044,29071,1.8467788599991763
3: momentum and normalisation,bayg29,rms per spin,10,True,0.6378881987577639,29399,1.6026057150011184
3: momentum and normalisation,bayg29,rms per spin,11,True,0.7118012422360248,28971,1.6120679960004054
3: momentum and normalisation,bayg29,rms per spin,12,True,0.6242236024844721,29234,1.936453435999283
3: momentum and normalisation,bayg29,rms per spin,13,True,0.8105590062111802,29105,1.8168721919973905
3: momentum and normalisation,bayg29,rms per spin,14,True,0.7211180124223603,30319,1.8460115130001213
3: momentum and normalisation,bayg29,rms per spin,15,True,0.7484472049689441,29732,1.9728832280015922
3: momentum and normalisation,bayg29,rms per spin,16,True,0.7372670807453416,29143,1.9728304780001054
3: momentum and normalisation,bayg29,rms per spin,17,True,0.7658385093167702,28809,1.9300656800005527
3: momentum and normalisation,bayg29,rms per spin,18,True,0.6521739130434783,29188,1.6505166569986613
3: momentum and normalisation,bayg29,rms per spin,19,True,0.570807453416149,29249,1.8703291109995916
3: momentum and normalisation,bayg29,"Adam (τm = 10, τr = 30)",0,True,0.7291925465838509,37675,2.176928062002844
3: momentum and normalisation,bayg29,"Adam (τm = 10, τr = 30)",1,True,0.6372670807453417,37747,2.03906074599945
3: momentum and normalisation,bayg29,"Adam (τm = 10, τr = 30)",2,True,0.5906832298136646,38242,1.655022637998627
3: momentum and normalisation,bayg29,"Adam (τm = 10, τr = 30)",3,True,0.7062111801242236,37898,2.021515469001315
3: momentum and normalisation,bayg29,"Adam (τm = 10, τr = 30)",4,True,0.7683229813664596,38206,1.9377220409987785
3: momentum and normalisation,bayg29,"Adam (τm = 10, τr = 30)",5,True,0.9161490683229814,38205,1.8222951739990094
3: momentum and normalisation,bayg29,"Adam (τm = 10, τr = 30)",6,True,0.6627329192546584,38121,2.1844375020009466
3: momentum and normalisation,bayg29,"Adam (τm = 10, τr = 30)",7,True,0.5770186335403726,38276,2.329605108996475
3: momentum and normalisation,bayg29,"Adam (τm = 10, τr = 30)",8,True,0.7900621118012422,37575,2.0592162100001588
3: momentum and normalisation,bayg29,"Adam (τm = 10, τr = 30)",9,True,0.6925465838509317,37982,2.096566812000674
3: momentum and normalisation,bayg29,"Adam (τm = 10, τr = 30)",10,True,0.7440993788819876,38141,1.7853864270000486
3: momentum and normalisation,bayg29,"Adam (τm = 10, τr = 30)",11,True,0.6739130434782609,37852,2.0985478380025597
3: momentum and normalisation,bayg29,"Adam (τm = 10, τr = 30)",12,True,0.5813664596273292,38054,1.8578703530001803
3: momentum and normalisation,bayg29,"Adam (τm = 10, τr = 30)",13,True,0.6322981366459627,38001,2.2453640650019224
3: momentum and normalisation,bayg29,"Adam (τm = 10, τr = 30)",14,True,0.7111801242236024,37530,1.7936479229974793
3: momentum and normalisation,bayg29,"Adam (τm = 10, τr = 30)",15,True,0.8478260869565217,38527,2.251930521997565
3: momentum and normalisation,bayg29,"Adam (τm = 10, τr = 30)",16,True,0.6937888198757765,38334,1.8160842760007654
3: momentum and normalisation,bayg29,"Adam (τm = 10, τr = 30)",17,True,0.622360248447205,37773,1.7046940740001446
3: momentum and normalisation,bayg29,"Adam (τm = 10, τr = 30)",18,True,0.7347826086956522,37721,1.7570871399984753
3: momentum and normalisation,bayg29,"Adam (τm = 10, τr = 30)",19,True,0.6546583850931676,38365,1.9771739679999882
3: momentum and normalisation,bayg29,global rms,0,True,0.6770186335403726,33538,1.5883437029988272
3: momentum and normalisation,bayg29,global rms,1,True,0.7105590062111802,34276,1.4593997879965173
3: momentum and normalisation,bayg29,global rms,2,True,0.7049689440993789,33722,1.745887427998241
3: momentum and normalisation,bayg29,global rms,3,True,0.6291925465838509,33555,1.360097904002032
3: momentum and normalisation,bayg29,global rms,4,True,0.7751552795031056,33849,1.5848107310011983
3: momentum and normalisation,bayg29,global rms,5,True,0.7049689440993789,54070,1.57817360899935
3: momentum and normalisation,bayg29,global rms,6,True,0.5968944099378882,42883,1.8262034030012728
3: momentum and normalisation,bayg29,global rms,7,True,0.7701863354037267,33109,1.5429013680004573
3: momentum and normalisation,bayg29,global rms,8,True,0.7167701863354037,44433,1.2398084259984898
3: momentum and normalisation,bayg29,global rms,9,True,0.5993788819875776,34259,1.4203686140026548
3: momentum and normalisation,bayg29,global rms,10,True,0.7391304347826086,34312,1.3896657050026988
3: momentum and normalisation,bayg29,global rms,11,True,0.6316770186335404,43719,1.557020067000849
3: momentum and normalisation,bayg29,global rms,12,True,0.6819875776397516,34400,1.4845279740002297
3: momentum and normalisation,bayg29,global rms,13,True,0.7832298136645963,33511,1.141950392000581
3: momentum and normalisation,bayg29,global rms,14,True,0.5720496894409938,33184,1.3247796050018223
3: momentum and normalisation,bayg29,global rms,15,True,0.9055900621118013,33530,1.2468529079997097
3: momentum and normalisation,bayg29,global rms,16,True,0.6428571428571429,33146,1.777428930003225
3: momentum and normalisation,bayg29,global rms,17,True,0.7149068322981367,33362,1.9907598389982013
3: momentum and normalisation,bayg29,global rms,18,True,0.8596273291925466,43437,1.4652603260001342
3: momentum and normalisation,bayg29,global rms,19,True,0.7198757763975155,33656,1.2127396510004473
3: momentum and normalisation,bayg29,global rms + momentum,0,True,0.6385093167701863,41569,1.406184769999527
3: momentum and normalisation,bayg29,global rms + momentum,1,True,0.6801242236024845,43297,2.1216785780015925
3: momentum and normalisation,bayg29,global rms + momentum,2,True,0.698136645962733,42388,1.2666412200014747
3: momentum and normalisation,bayg29,global rms + momentum,3,True,0.6503105590062112,40126,1.245480845002021
3: momentum and normalisation,bayg29,global rms + momentum,4,True,0.5677018633540373,41868,1.8080978149992006
3: momentum and normalisation,bayg29,global rms + momentum,5,True,0.615527950310559,42511,1.709947061001003
3: momentum and normalisation,bayg29,global rms + momentum,6,True,0.6118012422360248,40145,1.6453366189998633
3: momentum and normalisation,bayg29,global rms + momentum,7,True,0.7434782608695653,41753,1.3420381949981675
3: momentum and normalisation,bayg29,global rms + momentum,8,True,0.5714285714285714,42630,1.4694393709978613
3: momentum and normalisation,bayg29,global rms + momentum,9,True,0.7583850931677019,41443,1.4588310409999394
3: momentum and normalisation,bayg29,global rms + momentum,10,True,0.684472049689441,42779,1.3267920010002854
3: momentum and normalisation,bayg29,global rms + momentum,11,True,0.6577639751552795,42373,1.5713009760002024
3: momentum and normalisation,bayg29,global rms + momentum,12,True,0.6658385093167701,42008,2.1551261019994854
3: momentum and normalisation,bayg29,global rms + momentum,13,True,0.591304347826087,41614,2.164318478000496
3: momentum and normalisation,bayg29,global rms + momentum,14,True,0.47267080745341616,41686,2.2557530869999027
3: momentum and normalisation,bayg29,global rms + momentum,15,True,0.7316770186335404,42018,2.320213913997577
3: momentum and normalisation,bayg29,global rms + momentum,16,True,0.739751552795031,41686,1.5964722850003454
3: momentum and normalisation,bayg29,global rms + momentum,17,True,0.7391304347826086,43785,2.069032186998811
3: momentum and normalisation,bayg29,global rms + momentum,18,True,0.646583850931677,41953,1.552027025998541
3: momentum and normalisation,bayg29,global rms + momentum,19,True,0.7341614906832298,44366,2.2640153150023252
3: momentum and normalisation,jeu_100_25_1,baseline,0,True,0.558034270934368,2000000,0.9884414860025572
3: momentum and normalisation,jeu_100_25_1,baseline,1,True,0.309569996766893,1990001,0.9193361639991053
3: momentum and normalisation,jeu_100_25_1,baseline,2,True,0.25493048819915937,2000000,1.0493401450003148
3: momentum and normalisation,jeu_100_25_1,baseline,3,True,0.3904515572798793,2000000,0.9824345479973999
3: momentum and normalisation,jeu_100_25_1,baseline,4,True,0.42870999030067897,2000000,0.8955782150005689
3: momentum and normalisation,jeu_100_25_1,baseline,5,True,0.28914753745015626,2000000,0.974081025000487
3: momentum and normalisation,jeu_100_25_1,baseline,6,True,0.33468046125660095,2000000,0.96349753100003
3: momentum and normalisation,jeu_100_25_1,baseline,7,True,0.3352731975428387,1990001,0.9065635680017294
3: momentum and normalisation,jeu_100_25_1,baseline,8,True,0.3355965082444229,2000000,0.8952750759999617
3: momentum and normalisation,jeu_100_25_1,baseline,9,True,0.2929194956353055,2000000,0.8980481759972463
3: momentum and normalisation,jeu_100_25_1,baseline,10,True,0.32950749003125335,2000000,0.8729855839992524
3: momentum and normalisation,jeu_100_25_1,baseline,11,True,0.3101088479362,2000000,0.9700713429992902
3: momentum and normalisation,jeu_100_25_1,baseline,12,True,0.2848367280957,2000000,0.927569596999092
3: momentum and normalisation,jeu_100_25_1,baseline,13,True,0.4332902252397888,2000000,0.9063195919989084
3: momentum and normalisation,jeu_100_25_1,baseline,14,True,0.47488953551029206,2000000,0.9849369889998343
3: momentum and normalisation,jeu_100_25_1,baseline,15,True,0.44870136868197,2000000,0.9967006780025258
3: momentum and normalisation,jeu_100_25_1,baseline,16,True,0.30337320831986203,2000000,0.9120213459973456
3: momentum and normalisation,jeu_100_25_1,baseline,17,True,0.3326328268132342,2000000,0.9130207170019276
3: momentum and normalisation,jeu_100_25_1,baseline,18,True,0.37665696734561915,2000000,1.0125769959995523
3: momentum and normalisation,jeu_100_25_1,baseline,19,True,0.24981140209074254,1990001,0.9870973069992033
3: momentum and normalisation,jeu_100_25_1,momentum τ = 3,0,True,0.558034270934368,2000000,0.9954160130000673
3: momentum and normalisation,jeu_100_25_1,momentum τ = 3,1,True,0.309569996766893,1990001,0.9235476219982957
3: momentum and normalisation,jeu_100_25_1,momentum τ = 3,2,True,0.25493048819915937,2000000,0.8786243889990146
3: momentum and normalisation,jeu_100_25_1,momentum τ = 3,3,True,0.3904515572798793,2000000,1.0065839939998114
3: momentum and normalisation,jeu_100_25_1,momentum τ = 3,4,True,0.42870999030067897,2000000,0.9621316709999519
3: momentum and normalisation,jeu_100_25_1,momentum τ = 3,5,True,0.28914753745015626,2000000,0.9311737740026729
3: momentum and normalisation,jeu_100_25_1,momentum τ = 3,6,True,0.33468046125660095,2000000,0.9813215200010745
3: momentum and normalisation,jeu_100_25_1,momentum τ = 3,7,True,0.3352731975428387,1990001,1.011628883999947
3: momentum and normalisation,jeu_100_25_1,momentum τ = 3,8,True,0.3355965082444229,2000000,0.987677335000626
3: momentum and normalisation,jeu_100_25_1,momentum τ = 3,9,True,0.2929194956353055,2000000,0.9213920229994983
3: momentum and normalisation,jeu_100_25_1,momentum τ = 3,10,True,0.32950749003125335,2000000,0.8921112610005366
3: momentum and normalisation,jeu_100_25_1,momentum τ = 3,11,True,0.3101088479362,2000000,0.8911820850007643
3: momentum and normalisation,jeu_100_25_1,momentum τ = 3,12,True,0.2848367280957,2000000,0.9703767969986075
3: momentum and normalisation,jeu_100_25_1,momentum τ = 3,13,True,0.4332902252397888,2000000,0.9346180060019833
3: momentum and normalisation,jeu_100_25_1,momentum τ = 3,14,True,0.47488953551029206,2000000,0.9585130159975961
3: momentum and normalisation,jeu_100_25_1,momentum τ = 3,15,True,0.44870136868197,2000000,1.0351238700022805
3: momentum and normalisation,jeu_100_25_1,momentum τ = 3,16,True,0.30337320831986203,2000000,1.0027714989992091
3: momentum and normalisation,jeu_100_25_1,momentum τ = 3,17,True,0.3326328268132342,2000000,0.9335653849993832
3: momentum and normalisation,jeu_100_25_1,momentum τ = 3,18,True,0.37665696734561915,2000000,0.9671898059968953
3: momentum and normalisation,jeu_100_25_1,momentum τ = 3,19,True,0.24981140209074254,1990001,0.9582456850002927
3: momentum and normalisation,jeu_100_25_1,momentum τ = 10,0,True,0.558034270934368,2000000,1.0034490529978939
3: momentum and normalisation,jeu_100_25_1,momentum τ = 10,1,True,0.309569996766893,1990001,0.8500763680021919
3: momentum and normalisation,jeu_100_25_1,momentum τ = 10,2,True,0.25493048819915937,2000000,0.9143933500017738
3: momentum and normalisation,jeu_100_25_1,momentum τ = 10,3,True,0.3904515572798793,2000000,0.9423591479971947
3: momentum and normalisation,jeu_100_25_1,momentum τ = 10,4,True,0.42870999030067897,2000000,0.968237188000785
3: momentum and normalisation,jeu_100_25_1,momentum τ = 10,5,True,0.28914753745015626,2000000,0.9888710970008106
3: momentum and normalisation,jeu_100_25_1,momentum τ = 10,6,True,0.33468046125660095,2000000,1.0862462790028076
3: momentum and normalisation,jeu_100_25_1,momentum τ = 10,7,True,0.3352731975428387,1990001,0.9819133220007643
3: momentum and normalisation,jeu_100_25_1,momentum τ = 10,8,True,0.3355965082444229,2000000,1.0322114849986974
3: momentum and normalisation,jeu_100_25_1,momentum τ = 10,9,True,0.2929194956353055,2000000,0.8794152609989396
3: momentum and normalisation,jeu_100_25_1,momentum τ = 10,10,True,0.32950749003125335,2000000,1.0830853080005909
3: momentum and normalisation,jeu_100_25_1,momentum τ = 10,11,True,0.3101088479362,2000000,1.009452014000999
3: momentum and normalisation,jeu_100_25_1,momentum τ = 10,12,True,0.2848367280957,2000000,0.8797179590001178
3: momentum and normalisation,jeu_100_25_1,momentum τ = 10,13,True,0.4332902252397888,2000000,0.8556548679989646
3: momentum and normalisation,jeu_100_25_1,momentum τ = 10,14,True,0.47488953551029206,2000000,0.9981457499998214
3: momentum and normalisation,jeu_100_25_1,momentum τ = 10,15,True,0.44870136868197,2000000,0.851806853999733
3: momentum and normalisation,jeu_100_25_1,momentum τ = 10,16,True,0.30337320831986203,2000000,0.9931284519989276
3: momentum and normalisation,jeu_100_25_1,momentum τ = 10,17,True,0.3656105183748249,2000000,0.9805942099992535
3: momentum and normalisation,jeu_100_25_1,momentum τ = 10,18,True,0.37665696734561915,2000000,0.9543598899981589
3: momentum and normalisation,jeu_100_25_1,momentum τ = 10,19,True,0.24981140209074254,1990001,0.8260151299982681
3: momentum and normalisation,jeu_100_25_1,momentum τ = 30,0,True,0.558034270934368,2000000,1.1116152649992728
3: momentum and normalisation,jeu_100_25_1,momentum τ = 30,1,True,0.309569996766893,1990001,0.9595827510020172
3: momentum and normalisation,jeu_100_25_1,momentum τ = 30,2,True,0.25493048819915937,2000000,0.8267325709966826
3: momentum and normalisation,jeu_100_25_1,momentum τ = 30,3,True,0.3904515572798793,2000000,0.9627128520005499
3: momentum and normalisation,jeu_100_25_1,momentum τ = 30,4,True,0.42870999030067897,2000000,0.9624003850003646
3: momentum and normalisation,jeu_100_25_1,momentum τ = 30,5,True,0.28914753745015626,2000000,0.974336924002273
3: momentum and normalisation,jeu_100_25_1,momentum τ = 30,6,True,0.33468046125660095,2000000,0.8687654899986228
3: momentum and normalisation,jeu_100_25_1,momentum τ = 30,7,True,0.3352731975428387,1990001,1.0201548770019144
3: momentum and normalisation,jeu_100_25_1,momentum τ = 30,8,True,0.3355965082444229,2000000,1.0287007160004578
3: momentum and normalisation,jeu_100_25_1,momentum τ = 30,9,True,0.3208319862054101,1990001,0.8747893020008632
3: momentum and normalisation,jeu_100_25_1,momentum τ = 30,10,True,0.31328806983511154,2000000,0.9595453789988824
3: momentum and normalisation,jeu_100_25_1,momentum τ = 30,11,True,0.3101088479362,2000000,0.916223156000342
3: momentum and normalisation,jeu_100_25_1,momentum τ = 30,12,True,0.2848367280957,2000000,0.839153245997295
3: momentum and normalisation,jeu_100_25_1,momentum τ = 30,13,True,0.4332902252397888,2000000,0.918642209002428
3: momentum and normalisation,jeu_100_25_1,momentum τ = 30,14,True,0.47488953551029206,2000000,0.997356451000087
3: momentum and normalisation,jeu_100_25_1,momentum τ = 30,15,True,0.44870136868197,2000000,0.8880300719974912
3: momentum and normalisation,jeu_100_25_1,momentum τ = 30,16,True,0.30337320831986203,2000000,0.9335729490012454
3: momentum and normalisation,jeu_100_25_1,momentum τ = 30,17,True,0.34702015303373207,2000000,0.8931579409982078
3: momentum and normalisation,jeu_100_25_1,momentum τ = 30,18,True,0.37665696734561915,2000000,1.002621943000122
3: momentum and normalisation,jeu_100_25_1,momentum τ = 30,19,True,0.24981140209074254,1990001,0.9243092169999727
3: momentum and normalisation,jeu_100_25_1,momentum τ = 100,0,True,0.3627546071774976,2000000,1.012280588998692
3: momentum and normalisation,jeu_100_25_1,momentum τ = 100,1,True,0.309569996766893,1990001,0.9265733430002001
3: momentum and normalisation,jeu_100_25_1,momentum τ = 100,2,True,0.25493048819915937,2000000,0.9878071029997955
3: momentum and normalisation,jeu_100_25_1,momentum τ = 100,3,True,0.3904515572798793,2000000,0.9636132419982459
3: momentum and normalisation,jeu_100_25_1,momentum τ = 100,4,True,0.42870999030067897,2000000,0.8335108829996898
3: momentum and normalisation,jeu_100_25_1,momentum τ = 100,5,True,0.28914753745015626,2000000,0.8498334840005555
3: momentum and normalisation,jeu_100_25_1,momentum τ = 100,6,True,0.4914322664080181,2000000,0.8776922380020551
3: momentum and normalisation,jeu_100_25_1,momentum τ = 100,7,True,0.3352731975428387,1990001,1.0723478500003694
3: momentum and normalisation,jeu_100_25_1,momentum τ = 100,8,True,0.3355965082444229,2000000,1.0479747259996657
3: momentum and normalisation,jeu_100_25_1,momentum τ = 100,9,True,0.39993533785968316,2000000,0.8923775600014778
3: momentum and normalisation,jeu_100_25_1,momentum τ = 100,10,True,0.3195926285160039,1990001,0.8844285199993465
3: momentum and normalisation,jeu_100_25_1,momentum τ = 100,11,True,0.3101088479362,2000000,0.9264915979983925
3: momentum and normalisation,jeu_100_25_1,momentum τ = 100,12,True,0.2848367280957,2000000,1.0008760769997025
3: momentum and normalisation,jeu_100_25_1,momentum τ = 100,13,True,0.4332902252397888,2000000,0.9052068750024773
3: momentum and normalisation,jeu_100_25_1,momentum τ = 100,14,True,0.47488953551029206,2000000,0.8775951930001611
3: momentum and normalisation,jeu_100_25_1,momentum τ = 100,15,True,0.44870136868197,2000000,0.9020786469991435
3: momentum and normalisation,jeu_100_25_1,momentum τ = 100,16,True,0.30337320831986203,2000000,0.9102411040003062
3: momentum and normalisation,jeu_100_25_1,momentum τ = 100,17,True,0.3656105183748249,2000000,1.0213009059989417
3: momentum and normalisation,jeu_100_25_1,momentum τ = 100,18,True,0.37665696734561915,2000000,1.054514323001058
3: momentum and normalisation,jeu_100_25_1,momentum τ = 100,19,True,0.24981140209074254,1990001,1.1296933099984017
3: momentum and normalisation,jeu_100_25_1,sign(field),0,False,,2000000,5.299860178998642
3: momentum and normalisation,jeu_100_25_1,sign(field),1,False,,2000000,4.951747309001803
3: momentum and normalisation,jeu_100_25_1,sign(field),2,True,0.8175449940726371,1990043,6.383358475999557
3: momentum and normalisation,jeu_100_25_1,sign(field),3,False,,1990021,5.4057515029999195
3: momentum and normalisation,jeu_100_25_1,sign(field),4,False,,1990043,5.2857557669995
3: momentum and normalisation,jeu_100_25_1,sign(field),5,False,,1990030,4.559951838000416
3: momentum and normalisation,jeu_100_25_1,sign(field),6,True,0.5749003125336782,1980080,5.6000631080023595
3: momentum and normalisation,jeu_100_25_1,sign(field),7,False,,2000000,5.470708046999789
3: momentum and normalisation,jeu_100_25_1,sign(field),8,False,,1980058,5.144291365999379
3: momentum and normalisation,jeu_100_25_1,sign(field),9,False,,2000000,5.367404106000322
3: momentum and normalisation,jeu_100_25_1,sign(field),10,False,,2000000,5.639752469000086
3: momentum and normalisation,jeu_100_25_1,sign(field),11,False,,1990021,5.569126140999288
3: momentum and normalisation,jeu_100_25_1,sign(field),12,False,,2000000,4.996009709000646
3: momentum and normalisation,jeu_100_25_1,sign(field),13,False,,1990040,4.911720002000948
3: momentum and normalisation,jeu_100_25_1,sign(field),14,True,0.7081582067033085,1980023,5.663970827001322
3: momentum and normalisation,jeu_100_25_1,sign(field),15,False,,1980034,4.787380564997875
3: momentum and normalisation,jeu_100_25_1,sign(field),16,False,,2000000,4.2142426619975595
3: momentum and normalisation,jeu_100_25_1,sign(field),17,False,,1990063,4.967609569997876
3: momentum and normalisation,jeu_100_25_1,sign(field),18,False,,1990021,5.589150203999452
3: momentum and normalisation,jeu_100_25_1,sign(field),19,False,,1990055,5.4098919950010895
3: momentum and normalisation,jeu_100_25_1,rms per spin,0,True,0.17954520961310486,102818,0.1792015610008093
3: momentum and normalisation,jeu_100_25_1,rms per spin,1,True,0.12754607177497576,118083,0.21434102800049004
3: momentum and normalisation,jeu_100_25_1,rms per spin,2,True,0.12948593598448108,119996,0.21966952000002493
3: momentum and normalisation,jeu_100_25_1,rms per spin,3,True,0.09828645328160363,105351,0.19243897699925583
3: momentum and normalisation,jeu_100_25_1,rms per spin,4,True,0.10556094406724863,105528,0.20619295799770043
3: momentum and normalisation,jeu_100_25_1,rms per spin,5,True,0.30202608039659445,101958,0.15294038000138244
3: momentum and normalisation,jeu_100_25_1,rms per spin,6,True,0.16801379458993426,102711,0.18446948700147914
3: momentum and normalisation,jeu_100_25_1,rms per spin,7,True,0.11617631210259727,123589,0.22455619799802662
3: momentum and normalisation,jeu_100_25_1,rms per spin,8,True,0.13266515788339261,105190,0.20435065799756558
3: momentum and normalisation,jeu_100_25_1,rms per spin,9,True,0.1641340661709236,108594,0.18569448799826205
3: momentum and normalisation,jeu_100_25_1,rms per spin,10,True,0.18218558034270935,116142,0.2265725420002127
3: momentum and normalisation,jeu_100_25_1,rms per spin,11,True,0.11709235909041922,109438,0.195380616998591
3: momentum and normalisation,jeu_100_25_1,rms per spin,12,True,0.2033624312964759,112366,0.22666618999937782
3: momentum and normalisation,jeu_100_25_1,rms per spin,13,True,0.12878542946438193,123934,0.2535709620024136
3: momentum and normalisation,jeu_100_25_1,rms per spin,14,True,0.17367173186765816,117764,0.2289459870007704
3: momentum and normalisation,jeu_100_25_1,rms per spin,15,True,0.15190214462765383,106205,0.1899474450001435
3: momentum and normalisation,jeu_100_25_1,rms per spin,16,True,0.1166612781549736,119092,0.2340036509995116
3: momentum and normalisation,jeu_100_25_1,rms per spin,17,True,0.1368681970039875,108683,0.21529038199878414
3: momentum and normalisation,jeu_100_25_1,rms per spin,18,True,0.14893846319646514,112817,0.21091973100192263
3: momentum and normalisation,jeu_100_25_1,rms per spin,19,True,0.23213708373747172,115873,0.2417394529984449
3: momentum and normalisation,jeu_100_25_1,"Adam (τm = 10, τr = 30)",0,True,0.1930164888457808,64472,0.1013384749967372
3: momentum and normalisation,jeu_100_25_1,"Adam (τm = 10, τr = 30)",1,True,0.1397779933182455,66155,0.11096093300147913
3: momentum and normalisation,jeu_100_25_1,"Adam (τm = 10, τr = 30)",2,True,0.20821209182023925,65427,0.11250907000066945
3: momentum and normalisation,jeu_100_25_1,"Adam (τm = 10, τr = 30)",3,True,0.12415130940834142,65916,0.11896978599907015
3: momentum and normalisation,jeu_100_25_1,"Adam (τm = 10, τr = 30)",4,True,0.1037288500916047,64981,0.1561138539982494
3: momentum and normalisation,jeu_100_25_1,"Adam (τm = 10, τr = 30)",5,True,0.13228796206487767,64573,0.1248642499995185
3: momentum and normalisation,jeu_100_25_1,"Adam (τm = 10, τr = 30)",6,True,0.16488845780795344,63226,0.11056700900007854
3: momentum and normalisation,jeu_100_25_1,"Adam (τm = 10, τr = 30)",7,True,0.11617631210259727,64518,0.12441605299682124
3: momentum and normalisation,jeu_100_25_1,"Adam (τm = 10, τr = 30)",8,True,0.09176635413298846,62742,0.11415933400348877
3: momentum and normalisation,jeu_100_25_1,"Adam (τm = 10, τr = 30)",9,True,0.10448324172863455,64335,0.10876189000191516
3: momentum and normalisation,jeu_100_25_1,"Adam (τm = 10, τr = 30)",10,True,0.09440672486259295,64209,0.10078329399766517
3: momentum and normalisation,jeu_100_25_1,"Adam (τm = 10, τr = 30)",11,True,0.08842547688328484,63427,0.09878206000212231
3: momentum and normalisation,jeu_100_25_1,"Adam (τm = 10, τr = 30)",12,True,0.15869166936092252,63342,0.11092247899796348
3: momentum and normalisation,jeu_100_25_1,"Adam (τm = 10, τr = 30)",13,True,0.15599741351438734,67720,0.11047644599966588
3: momentum and normalisation,jeu_100_25_1,"Adam (τm = 10, τr = 30)",14,True,0.2032546610626145,64027,0.12689641299948562
3: momentum and normalisation,jeu_100_25_1,"Adam (τm = 10, τr = 30)",15,True,0.14678305851923698,64697,0.13111238900091848
3: momentum and normalisation,jeu_100_25_1,"Adam (τm = 10, τr = 30)",16,True,0.11913999353378597,63740,0.13081903900092584
3: momentum and normalisation,jeu_100_25_1,"Adam (τm = 10, τr = 30)",17,True,0.1066386464058627,66245,0.12110539700006484
3: momentum and normalisation,jeu_100_25_1,"Adam (τm = 10, τr = 30)",18,True,0.10631533570427848,65074,0.12118936700062477
3: momentum and normalisation,jeu_100_25_1,"Adam (τm = 10, τr = 30)",19,True,0.2696411251212415,65256,0.1012706250003248
3: momentum and normalisation,jeu_100_25_1,global rms,0,True,0.12323526242051945,1993861,1.141977453000436
3: momentum and normalisation,jeu_100_25_1,global rms,1,True,0.06186011423644789,1970723,1.322493105999456
3: momentum and normalisation,jeu_100_25_1,global rms,2,True,0.11078780040952689,1927073,1.2146079410013044
3: momentum and normalisation,jeu_100_25_1,global rms,3,True,0.08853324711714625,1996900,1.193743641997571
3: momentum and normalisation,jeu_100_25_1,global rms,4,True,0.08411466752882854,1952835,1.1352117850001378
3: momentum and normalisation,jeu_100_25_1,global rms,5,True,0.10631533570427848,1958713,1.1120558270013134
3: momentum and normalisation,jeu_100_25_1,global rms,6,True,0.10787800409526889,1975038,1.2421452410017082
3: momentum and normalisation,jeu_100_25_1,global rms,7,True,0.12043323634012286,2000000,1.3752524929986976
3: momentum and normalisation,jeu_100_25_1,global rms,8,True,0.05717210906347667,1968881,1.013350883997191
3: momentum and normalisation,jeu_100_25_1,global rms,9,True,0.08562345080288825,1974438,0.98152552999818
3: momentum and normalisation,jeu_100_25_1,global rms,10,True,0.08794051083090851,1956841,1.2902013610000722
3: momentum and normalisation,jeu_100_25_1,global rms,11,True,0.15050113158745554,1977534,1.198419467000349
3: momentum and normalisation,jeu_100_25_1,global rms,12,True,0.12835434852893632,2000000,1.168634531000862
3: momentum and normalisation,jeu_100_25_1,global rms,13,True,0.09532277185041492,1955480,0.9209410510011367
3: momentum and normalisation,jeu_100_25_1,global rms,14,True,0.08616230197219528,1992332,0.955283725001209
3: momentum and normalisation,jeu_100_25_1,global rms,15,True,0.09920250026942558,1996494,0.967544924998947
3: momentum and normalisation,jeu_100_25_1,global rms,16,True,0.07748679814635198,1973997,1.3067941869994684
3: momentum and normalisation,jeu_100_25_1,global rms,17,True,0.11569134605022093,1941345,1.0986833839997416
3: momentum and normalisation,jeu_100_25_1,global rms,18,True,0.1327190430003233,2000000,0.9578465129998222
3: momentum and normalisation,jeu_100_25_1,global rms,19,True,0.11391313719150771,1956266,0.9611016930030019
3: momentum and normalisation,jeu_100_25_1,global rms + momentum,0,True,0.13315012393576894,2000000,1.1583497790015826
3: momentum and normalisation,jeu_100_25_1,global rms + momentum,1,True,0.08195926285160039,1933748,0.9379147260005993
3: momentum and normalisation,jeu_100_25_1,global rms + momentum,2,True,0.09397564392714733,1926096,1.029253692002385
3: momentum and normalisation,jeu_100_25_1,global rms + momentum,3,True,0.15082444228903977,1963414,1.2390598160018271
3: momentum and normalisation,jeu_100_25_1,global rms + momentum,4,True,0.15879943959478393,1950202,1.0660176139972464
3: momentum and normalisation,jeu_100_25_1,global rms + momentum,5,True,0.09467615044724648,1965885,1.2464487750003173
3: momentum and normalisation,jeu_100_25_1,global rms + momentum,6,True,0.08551568056902684,1955111,1.0502775969980576
3: momentum and normalisation,jeu_100_25_1,global rms + momentum,7,True,0.14516650501131587,1983662,1.2391068449978775
3: momentum and normalisation,jeu_100_25_1,global rms + momentum,8,True,0.1499083953012178,1959487,1.2048316100008378
3: momentum and normalisation,jeu_100_25_1,global rms + momentum,9,True,0.09710098070912813,1979145,1.0571081500020227
3: momentum and normalisation,jeu_100_25_1,global rms + momentum,10,True,0.10308222868843625,1951279,1.1567242329983856
3: momentum and normalisation,jeu_100_25_1,global rms + momentum,11,True,0.07118223946545964,1986054,1.0134589609988325
3: momentum and normalisation,jeu_100_25_1,global rms + momentum,12,True,0.08384524194417502,1977595,1.3080932400007441
3: momentum and normalisation,jeu_100_25_1,global rms + momentum,13,True,0.08772497036318569,1978259,1.1599664579989621
3: momentum and normalisation,jeu_100_25_1,global rms + momentum,14,True,0.07366095484427201,1956072,1.1489394269992772
3: momentum and normalisation,jeu_100_25_1,global rms + momentum,15,True,0.1125660092682401,1950844,1.0597436749994813
3: momentum and normalisation,jeu_100_25_1,global rms + momentum,16,True,0.11612242698566656,2000000,1.296670000996528
3: momentum and normalisation,jeu_100_25_1,global rms + momentum,17,True,0.11283543485289363,1948384,1.066505988001154
3: momentum and normalisation,jeu_100_25_1,global rms + momentum,18,True,0.18256277616122427,1958705,1.1860512829989602
3: momentum and normalisation,jeu_100_25_1,global rms + momentum,19,True,0.09537665696734562,1947462,0.9845229080019635
3: momentum and normalisation,jeu_200_25_1,baseline,0,False,,2000000,1.4335826740025368
3: momentum and normalisation,jeu_200_25_1,baseline,1,True,0.6636340068772898,2000000,1.9720298879983602
3: momentum and normalisation,jeu_200_25_1,baseline,2,True,0.603220489040848,2000000,1.4290758120005194
3: momentum and normalisation,jeu_200_25_1,baseline,3,True,0.555206636633552,2000000,1.8382581769983517
3: momentum and normalisation,jeu_200_25_1,baseline,4,True,0.5789445365655617,2000000,2.059324777001166
3: momentum and normalisation,jeu_200_25_1,baseline,5,False,,2000000,1.5170434370011208
3: momentum and normalisation,jeu_200_25_1,baseline,6,True,0.5512886358411473,2000000,1.8760766929990496
3: momentum and normalisation,jeu_200_25_1,baseline,7,True,0.6560376832435764,2000000,1.436388394999085
3: momentum and normalisation,jeu_200_25_1,baseline,8,False,,2000000,1.9281988230031857
3: momentum and normalisation,jeu_200_25_1,baseline,9,True,0.7432462177351901,2000000,2.2775226550002117
3: momentum and normalisation,jeu_200_25_1,baseline,10,True,0.6352737464598588,2000000,2.265006377998361
3: momentum and normalisation,jeu_200_25_1,baseline,11,False,,2000000,1.5163648100024147
3: momentum and normalisation,jeu_200_25_1,baseline,12,False,,2000000,1.41802878299859
3: momentum and normalisation,jeu_200_25_1,baseline,13,False,,2000000,1.5447110159984732
3: momentum and normalisation,jeu_200_25_1,baseline,14,True,0.5758580715218572,2000000,1.4358799239998916
3: momentum and normalisation,jeu_200_25_1,baseline,15,True,0.5574909142490988,2000000,1.6903570470021805
3: momentum and normalisation,jeu_200_25_1,baseline,16,False,,2000000,1.9678045340006065
3: momentum and normalisation,jeu_200_25_1,baseline,17,True,0.6905561995881452,2000000,1.4211639630011632
3: momentum and normalisation,jeu_200_25_1,baseline,18,False,,2000000,2.1942790180000884
3: momentum and normalisation,jeu_200_25_1,baseline,19,False,,2000000,1.6620859139984532
3: momentum and normalisation,jeu_200_25_1,momentum τ = 3,0,False,,2000000,1.9592822390004585
3: momentum and normalisation,jeu_200_25_1,momentum τ = 3,1,True,0.6636340068772898,2000000,1.476173007999023
3: momentum and normalisation,jeu_200_25_1,momentum τ = 3,2,True,0.603220489040848,2000000,1.7040584679998574
3: momentum and normalisation,jeu_200_25_1,momentum τ = 3,3,True,0.555206636633552,2000000,1.9431174399978772
3: momentum and normalisation,jeu_200_25_1,momentum τ = 3,4,True,0.5789445365655617,2000000,1.400256922999688
3: momentum and normalisation,jeu_200_25_1,momentum τ = 3,5,False,,2000000,2.0873432270018384
3: momentum and normalisation,jeu_200_25_1,momentum τ = 3,6,True,0.5512886358411473,2000000,1.7296114179989672
3: momentum and normalisation,jeu_200_25_1,momentum τ = 3,7,True,0.6560376832435764,2000000,2.0866002479997405
3: momentum and normalisation,jeu_200_25_1,momentum τ = 3,8,False,,2000000,1.54604957400079
3: momentum and normalisation,jeu_200_25_1,momentum τ = 3,9,True,0.7432462177351901,2000000,1.6948419270011073
3: momentum and normalisation,jeu_200_25_1,momentum τ = 3,10,True,0.6352737464598588,2000000,2.0098412510014896
3: momentum and normalisation,jeu_200_25_1,momentum τ = 3,11,False,,2000000,1.6910720839987334
3: momentum and normalisation,jeu_200_25_1,momentum τ = 3,12,False,,2000000,1.6342711739998776
3: momentum and normalisation,jeu_200_25_1,momentum τ = 3,13,False,,2000000,2.010171170997637
3: momentum and normalisation,jeu_200_25_1,momentum τ = 3,14,True,0.5758580715218572,2000000,1.8487747840008524
3: momentum and normalisation,jeu_200_25_1,momentum τ = 3,15,True,0.5574909142490988,2000000,1.766170245999092
3: momentum and normalisation,jeu_200_25_1,momentum τ = 3,16,False,,2000000,2.1884073179971892
3: momentum and normalisation,jeu_200_25_1,momentum τ = 3,17,True,0.6905561995881452,2000000,1.6641399190011725
3: momentum and normalisation,jeu_200_25_1,momentum τ = 3,18,False,,2000000,1.7265205619987682
3: momentum and normalisation,jeu_200_25_1,momentum τ = 3,19,False,,2000000,1.7076072899981227
3: momentum and normalisation,jeu_200_25_1,momentum τ = 10,0,False,,2000000,1.7790172060012992
3: momentum and normalisation,jeu_200_25_1,momentum τ = 10,1,True,0.6636340068772898,2000000,1.7743597459993907
3: momentum and normalisation,jeu_200_25_1,momentum τ = 10,2,True,0.603220489040848,2000000,2.1419634600024438
3: momentum and normalisation,jeu_200_25_1,momentum τ = 10,3,True,0.555206636633552,2000000,1.4235334110016993
3: momentum and normalisation,jeu_200_25_1,momentum τ = 10,4,True,0.5789445365655617,2000000,1.4151120189999347
3: momentum and normalisation,jeu_200_25_1,momentum τ = 10,5,False,,2000000,1.6735473959997762
3: momentum and normalisation,jeu_200_25_1,momentum τ = 10,6,True,0.5512886358411473,2000000,1.7875154140019731
3: momentum and normalisation,jeu_200_25_1,momentum τ = 10,7,True,0.6083319882019751,2000000,1.8802437060003285
3: momentum and normalisation,jeu_200_25_1,momentum τ = 10,8,False,,2000000,1.5422794190017157
3: momentum and normalisation,jeu_200_25_1,momentum τ = 10,9,True,0.7432462177351901,2000000,1.6029244239980471
3: momentum and normalisation,jeu_200_25_1,momentum τ = 10,10,True,0.6352737464598588,2000000,2.004100750997168
3: momentum and normalisation,jeu_200_25_1,momentum τ = 10,11,False,,2000000,1.5636374819987395
3: momentum and normalisation,jeu_200_25_1,momentum τ = 10,12,False,,2000000,1.6229317149991402
3: momentum and normalisation,jeu_200_25_1,momentum τ = 10,13,False,,2000000,1.613065943998663
3: momentum and normalisation,jeu_200_25_1,momentum τ = 10,14,True,0.5758580715218572,2000000,1.7102553510012513
3: momentum and normalisation,jeu_200_25_1,momentum τ = 10,15,True,0.5574909142490988,2000000,1.449228420999134
3: momentum and normalisation,jeu_200_25_1,momentum τ = 10,16,False,,2000000,1.614026098002796
3: momentum and normalisation,jeu_200_25_1,momentum τ = 10,17,True,0.6905561995881452,2000000,2.123058414999832
3: momentum and normalisation,jeu_200_25_1,momentum τ = 10,18,False,,2000000,1.7120586060009373
3: momentum and normalisation,jeu_200_25_1,momentum τ = 10,19,False,,2000000,1.5838705150017631
3: momentum and normalisation,jeu_200_25_1,momentum τ = 30,0,False,,2000000,1.4240522729996883
3: momentum and normalisation,jeu_200_25_1,momentum τ = 30,1,True,0.6636340068772898,2000000,1.3651662189986382
3: momentum and normalisation,jeu_200_25_1,momentum τ = 30,2,True,0.603220489040848,2000000,1.4961392320001323
3: momentum and normalisation,jeu_200_25_1,momentum τ = 30,3,True,0.555206636633552,2000000,1.4875691160013957
3: momentum and normalisation,jeu_200_25_1,momentum τ = 30,4,True,0.5789445365655617,2000000,2.15271340199979
3: momentum and normalisation,jeu_200_25_1,momentum τ = 30,5,False,,2000000,1.8524896720009565
3: momentum and normalisation,jeu_200_25_1,momentum τ = 30,6,True,0.5512886358411473,2000000,1.5052260060001572
3: momentum and normalisation,jeu_200_25_1,momentum τ = 30,7,True,0.6083319882019751,2000000,1.926930548997916
3: momentum and normalisation,jeu_200_25_1,momentum τ = 30,8,False,,2000000,1.4713050570026098
3: momentum and normalisation,jeu_200_25_1,momentum τ = 30,9,True,0.5765966709221731,2000000,1.7042542330018478
3: momentum and normalisation,jeu_200_25_1,momentum τ = 30,10,True,0.6352737464598588,2000000,1.4388854169992555
3: momentum and normalisation,jeu_200_25_1,momentum τ = 30,11,True,0.6419651635435162,2000000,1.542946886002028
3: momentum and normalisation,jeu_200_25_1,momentum τ = 30,12,True,0.6024721068670179,2000000,1.4981913330011594
3: momentum and normalisation,jeu_200_25_1,momentum τ = 30,13,False,,2000000,2.289390453002852
3: momentum and normalisation,jeu_200_25_1,momentum τ = 30,14,True,0.5758580715218572,2000000,1.458512241999415
3: momentum and normalisation,jeu_200_25_1,momentum τ = 30,15,True,0.5574909142490988,2000000,1.4511566549990675
3: momentum and normalisation,jeu_200_25_1,momentum τ = 30,16,False,,2000000,1.4404748449996987
3: momentum and normalisation,jeu_200_25_1,momentum τ = 30,17,True,0.6905561995881452,2000000,1.7162344850003137
3: momentum and normalisation,jeu_200_25_1,momentum τ = 30,18,True,0.586946845300111,2000000,1.7500665039988235
3: momentum and normalisation,jeu_200_25_1,momentum τ = 30,19,False,,2000000,1.5477786579976964
3: momentum and normalisation,jeu_200_25_1,momentum τ = 100,0,False,,2000000,1.8927941379988624
3: momentum and normalisation,jeu_200_25_1,momentum τ = 100,1,True,0.6636340068772898,2000000,1.8516642850008793
3: momentum and normalisation,jeu_200_25_1,momentum τ = 100,2,True,0.603220489040848,2000000,1.4859458230021119
3: momentum and normalisation,jeu_200_25_1,momentum τ = 100,3,True,0.555206636633552,2000000,1.533756953998818
3: momentum and normalisation,jeu_200_25_1,momentum τ = 100,4,True,0.5789445365655617,2000000,1.526807664999069
3: momentum and normalisation,jeu_200_25_1,momentum τ = 100,5,False,,2000000,1.6321034520005924
3: momentum and normalisation,jeu_200_25_1,momentum τ = 100,6,True,0.5512886358411473,2000000,1.6211254139998346
3: momentum and normalisation,jeu_200_25_1,momentum τ = 100,7,True,0.6083319882019751,2000000,1.685965855998802
3: momentum and normalisation,jeu_200_25_1,momentum τ = 100,8,True,0.543530896444451,2000000,1.595021473000088
3: momentum and normalisation,jeu_200_25_1,momentum τ = 100,9,True,0.5765966709221731,2000000,1.5831933109984675
3: momentum and normalisation,jeu_200_25_1,momentum τ = 100,10,True,0.6352737464598588,2000000,1.840994165999291
3: momentum and normalisation,jeu_200_25_1,momentum τ = 100,11,False,,2000000,1.4816356279989122
3: momentum and normalisation,jeu_200_25_1,momentum τ = 100,12,False,,2000000,2.0168401340015407
3: momentum and normalisation,jeu_200_25_1,momentum τ = 100,13,False,,2000000,1.5356659319986647
3: momentum and normalisation,jeu_200_25_1,momentum τ = 100,14,True,0.5758580715218572,2000000,1.892543559999467
3: momentum and normalisation,jeu_200_25_1,momentum τ = 100,15,True,0.5574909142490988,2000000,1.487300001001131
3: momentum and normalisation,jeu_200_25_1,momentum τ = 100,16,False,,2000000,1.7061018940003123
3: momentum and normalisation,jeu_200_25_1,momentum τ = 100,17,True,0.5795217202028947,2000000,1.9106469529979222
3: momentum and normalisation,jeu_200_25_1,momentum τ = 100,18,True,0.586946845300111,2000000,1.6329209840005205
3: momentum and normalisation,jeu_200_25_1,momentum τ = 100,19,True,0.5880425159336924,2000000,2.0994600510020973
3: momentum and normalisation,jeu_200_25_1,sign(field),0,False,,2000000,12.754581662997225
3: momentum and normalisation,jeu_200_25_1,sign(field),1,True,0.8142006740330952,2000000,13.291599955999118
3: momentum and normalisation,jeu_200_25_1,sign(field),2,False,,2000000,14.181709912998485
3: momentum and normalisation,jeu_200_25_1,sign(field),3,False,,1980024,14.264772704998904
3: momentum and normalisation,jeu_200_25_1,sign(field),4,False,,1980042,14.522658353002043
3: momentum and normalisation,jeu_200_25_1,sign(field),5,False,,2000000,13.443618745001004
3: momentum and normalisation,jeu_200_25_1,sign(field),6,False,,2000000,13.11705119600083
3: momentum and normalisation,jeu_200_25_1,sign(field),7,False,,1990067,12.184578460000921
3: momentum and normalisation,jeu_200_25_1,sign(field),8,True,0.7070939782137634,2000000,12.687697635999939
3: momentum and normalisation,jeu_200_25_1,sign(field),9,False,,1980075,13.622959423002612
3: momentum and normalisation,jeu_200_25_1,sign(field),10,False,,2000000,14.769694726997841
3: momentum and normalisation,jeu_200_25_1,sign(field),11,True,0.7111831775426651,1980064,13.294035209997674
3: momentum and normalisation,jeu_200_25_1,sign(field),12,False,,2000000,13.369403789998614
3: momentum and normalisation,jeu_200_25_1,sign(field),13,False,,2000000,13.612140437999187
3: momentum and normalisation,jeu_200_25_1,sign(field),14,False,,2000000,12.58477477300039
3: momentum and normalisation,jeu_200_25_1,sign(field),15,False,,2000000,11.553567306000332
3: momentum and normalisation,jeu_200_25_1,sign(field),16,False,,2000000,13.220077895999566
3: momentum and normalisation,jeu_200_25_1,sign(field),17,True,0.6096477712396241,2000000,12.007306704999792
3: momentum and normalisation,jeu_200_25_1,sign(field),18,False,,1990021,11.231432707998465
3: momentum and normalisation,jeu_200_25_1,sign(field),19,True,0.7147343243282903,1990021,14.898938035003084
3: momentum and normalisation,jeu_200_25_1,rms per spin,0,True,0.03288479316771098,278864,1.3658226739971724
3: momentum and normalisation,jeu_200_25_1,rms per spin,1,True,0.022896581409795492,231034,0.9676100299984682
3: momentum and normalisation,jeu_200_25_1,rms per spin,2,True,0.023958012336077403,270788,1.1649444399990898
3: momentum and normalisation,jeu_200_25_1,rms per spin,3,True,0.04373878038162599,288465,1.5970441280005616
3: momentum and normalisation,jeu_200_25_1,rms per spin,4,True,0.029392343023170498,284188,1.610214435000671
3: momentum and normalisation,jeu_200_25_1,rms per spin,5,True,0.03246413390660386,281294,1.2658947740019357
3: momentum and normalisation,jeu_200_25_1,rms per spin,6,True,0.034063617376162314,258047,1.1602898060009466
3: momentum and normalisation,jeu_200_25_1,rms per spin,7,True,0.027968949476866185,232528,1.01788886599752
3: momentum and normalisation,jeu_200_25_1,rms per spin,8,True,0.02530803508102582,232577,1.0030303140010801
3: momentum and normalisation,jeu_200_25_1,rms per spin,9,True,0.03515439662298658,311306,1.6601286349978182
3: momentum and normalisation,jeu_200_25_1,rms per spin,10,True,0.028727114424210408,287128,1.3195001470012357
3: momentum and normalisation,jeu_200_25_1,rms per spin,11,True,0.04205614333719753,366141,2.0499876360008784
3: momentum and normalisation,jeu_200_25_1,rms per spin,12,True,0.038108794224250515,230003,0.9497366159994272
3: momentum and normalisation,jeu_200_25_1,rms per spin,13,True,0.03493428421891891,306279,1.5392374069997459
3: momentum and normalisation,jeu_200_25_1,rms per spin,14,True,0.027611878243600844,247783,1.2810687090022839
3: momentum and normalisation,jeu_200_25_1,rms per spin,15,True,0.02186449880405594,318859,1.6366265549986565
3: momentum and normalisation,jeu_200_25_1,rms per spin,16,True,0.02861461252879804,275979,1.2474185379978735
3: momentum and normalisation,jeu_200_25_1,rms per spin,17,True,0.04113656262687034,262532,1.3019591989977926
3: momentum and normalisation,jeu_200_25_1,rms per spin,18,True,0.0350076550202748,218158,1.085276444999181
3: momentum and normalisation,jeu_200_25_1,rms per spin,19,True,0.03694464417607036,275003,1.3360668939967582
3: momentum and normalisation,jeu_200_25_1,"Adam (τm = 10, τr = 30)",0,True,0.046370346456924005,75751,0.19017572099983227
3: momentum and normalisation,jeu_200_25_1,"Adam (τm = 10, τr = 30)",1,True,0.03063964664622067,63943,0.15488939399801893
3: momentum and normalisation,jeu_200_25_1,"Adam (τm = 10, τr = 30)",2,True,0.04544587435983976,65090,0.1676765090014669
3: momentum and normalisation,jeu_200_25_1,"Adam (τm = 10, τr = 30)",3,True,0.035413640121110736,67246,0.16545235800003866
3: momentum and normalisation,jeu_200_25_1,"Adam (τm = 10, τr = 30)",4,True,0.04076481723333382,66369,0.17081167899959837
3: momentum and normalisation,jeu_200_25_1,"Adam (τm = 10, τr = 30)",5,True,0.0444627056216708,65239,0.21866203600075096
3: momentum and normalisation,jeu_200_25_1,"Adam (τm = 10, τr = 30)",6,True,0.04486379933574968,66374,0.2019551710000087
3: momentum and normalisation,jeu_200_25_1,"Adam (τm = 10, τr = 30)",7,True,0.02378681379958032,65498,0.21145796899872948
3: momentum and normalisation,jeu_200_25_1,"Adam (τm = 10, τr = 30)",8,True,0.04152298218067804,65210,0.21763877000194043
3: momentum and normalisation,jeu_200_25_1,"Adam (τm = 10, τr = 30)",9,True,0.03321251608043396,67506,0.2592954300016572
3: momentum and normalisation,jeu_200_25_1,"Adam (τm = 10, τr = 30)",10,True,0.04001154367274666,67487,0.2920166869989771
3: momentum and normalisation,jeu_200_25_1,"Adam (τm = 10, τr = 30)",11,True,0.043044203462123544,69843,0.2554452439981105
3: momentum and normalisation,jeu_200_25_1,"Adam (τm = 10, τr = 30)",12,True,0.038744674502668254,66243,0.2670400200004224
3: momentum and normalisation,jeu_200_25_1,"Adam (τm = 10, τr = 30)",13,True,0.03257663580201623,64671,0.2789772800024366
3: momentum and normalisation,jeu_200_25_1,"Adam (τm = 10, τr = 30)",14,True,0.03413209679076115,67577,0.29721513999902527
3: momentum and normalisation,jeu_200_25_1,"Adam (τm = 10, τr = 30)",15,True,0.036797902573358576,67125,0.2519708139989234
3: momentum and normalisation,jeu_200_25_1,"Adam (τm = 10, τr = 30)",16,True,0.03571690610004843,67782,0.24203799400129355
3: momentum and normalisation,jeu_200_25_1,"Adam (τm = 10, τr = 30)",17,True,0.03594680127763022,64040,0.2362956809993193
3: momentum and normalisation,jeu_200_25_1,"Adam (τm = 10, τr = 30)",18,True,0.026795016655171908,67714,0.2380807020017528
3: momentum and normalisation,jeu_200_25_1,"Adam (τm = 10, τr = 30)",19,True,0.04224690742072285,64766,0.2335658849988249
3: momentum and normalisation,jeu_200_25_1,global rms,0,True,0.42988930791768776,2000000,1.9926975420021336
3: momentum and normalisation,jeu_200_25_1,global rms,1,True,0.36176696455212015,2000000,2.5182729700027267
3: momentum and normalisation,jeu_200_25_1,global rms,2,True,0.37639710234248513,2000000,2.5766753280004195
3: momentum and normalisation,jeu_200_25_1,global rms,3,True,0.42397562132840283,2000000,2.2425892830033263
3: momentum and normalisation,jeu_200_25_1,global rms,4,True,0.3882195841342979,2000000,2.50297559700266
3: momentum and normalisation,jeu_200_25_1,global rms,5,True,0.4753107253437422,2000000,2.9217890680010896
3: momentum and normalisation,jeu_200_25_1,global rms,6,True,0.35298203393644134,2000000,2.525029741002072
3: momentum and normalisation,jeu_200_25_1,global rms,7,True,0.42963495580632066,2000000,2.348649489998934
3: momentum and normalisation,jeu_200_25_1,global rms,8,True,0.424073449063544,2000000,2.4736320660013007
3: momentum and normalisation,jeu_200_25_1,global rms,9,True,0.3826091635239507,2000000,1.9271443180005008
3: momentum and normalisation,jeu_200_25_1,global rms,10,True,0.49311537313943876,2000000,2.5313642250002886
3: momentum and normalisation,jeu_200_25_1,global rms,11,True,0.4627300786045852,2000000,2.093245937001484
3: momentum and normalisation,jeu_200_25_1,global rms,12,True,0.313821591559423,2000000,2.293474967998918
3: momentum and normalisation,jeu_200_25_1,global rms,13,True,0.3769547204327899,2000000,2.294065717000194
3: momentum and normalisation,jeu_200_25_1,global rms,14,True,0.44994888500838875,2000000,2.678266236001946
3: momentum and normalisation,jeu_200_25_1,global rms,15,True,0.49979700744958205,2000000,2.0304160669984412
3: momentum and normalisation,jeu_200_25_1,global rms,16,True,0.34011768676537485,2000000,2.0689344399979746
3: momentum and normalisation,jeu_200_25_1,global rms,17,True,0.40265406645438045,2000000,2.1817614779974974
3: momentum and normalisation,jeu_200_25_1,global rms,18,True,0.4221120029739632,2000000,2.340417430001253
3: momentum and normalisation,jeu_200_25_1,global rms,19,True,0.38189991244417704,2000000,2.5175733329997456
3: momentum and normalisation,jeu_200_25_1,global rms + momentum,0,True,0.445942839254357,2000000,2.361345491000975
3: momentum and normalisation,jeu_200_25_1,global rms + momentum,1,True,0.38037379977597446,2000000,2.411858134000795
3: momentum and normalisation,jeu_200_25_1,global rms + momentum,2,True,0.42648490273477435,2000000,2.7789458519982873
3: momentum and normalisation,jeu_200_25_1,global rms + momentum,3,True,0.4330882748568047,2000000,2.016773426999862
3: momentum and normalisation,jeu_200_25_1,global rms + momentum,4,True,0.42269407799805325,2000000,1.8946346859993355
3: momentum and normalisation,jeu_200_25_1,global rms + momentum,5,True,0.4407286209713316,2000000,2.2651077730006364
3: momentum and normalisation,jeu_200_25_1,global rms + momentum,6,True,0.40359810409849295,2000000,1.8719478739985789
3: momentum and normalisation,jeu_200_25_1,global rms + momentum,7,True,0.4131314168880019,2000000,2.0696358309978677
3: momentum and normalisation,jeu_200_25_1,global rms + momentum,8,True,0.4310730235128961,2000000,2.0039567969979544
3: momentum and normalisation,jeu_200_25_1,global rms + momentum,9,True,0.3600843275076917,2000000,2.201964643998508
3: momentum and normalisation,jeu_200_25_1,global rms + momentum,10,True,0.3842379953140515,2000000,1.8922154629981378
3: momentum and normalisation,jeu_200_25_1,global rms + momentum,11,True,0.3231837058124349,2000000,1.9485118379998312
3: momentum and normalisation,jeu_200_25_1,global rms + momentum,12,True,0.40455192451611954,2000000,1.9044273590006924
3: momentum and normalisation,jeu_200_25_1,global rms + momentum,13,True,0.35266898518398954,2000000,1.8853947200004768
3: momentum and normalisation,jeu_200_25_1,global rms + momentum,14,True,0.3706839626102396,2000000,2.191682305998256
3: momentum and normalisation,jeu_200_25_1,global rms + momentum,15,True,0.37740961940119644,2000000,1.9253357320012583
3: momentum and normalisation,jeu_200_25_1,global rms + momentum,16,True,0.359531600804144,2000000,2.008890835000784
3: momentum and normalisation,jeu_200_25_1,global rms + momentum,17,True,0.4293072328935977,2000000,1.932105648000288
3: momentum and normalisation,jeu_200_25_1,global rms + momentum,18,True,0.4478553714763673,2000000,2.295557228000689
3: momentum and normalisation,jeu_200_25_1,global rms + momentum,19,True,0.37051276407374256,2000000,2.3572190949998912
3: momentum and normalisation,jeu_300_50_1,baseline,0,True,0.401603883290902,2000000,2.4962365200008207
3: momentum and normalisation,jeu_300_50_1,baseline,1,True,0.39917487859846235,2000000,2.3158797019968915
3: momentum and normalisation,jeu_300_50_1,baseline,2,True,0.4915101708484375,2000000,2.2214765890021226
3: momentum and normalisation,jeu_300_50_1,baseline,3,True,0.5007450635884989,2000000,2.7614177180003026
3: momentum and normalisation,jeu_300_50_1,baseline,4,True,0.4685524729293563,2000000,2.779207571002189
3: momentum and normalisation,jeu_300_50_1,baseline,5,True,0.42800543068571173,2000000,2.7517994289992203
3: momentum and normalisation,jeu_300_50_1,baseline,6,True,0.4103109009133603,2000000,2.6045796110010997
3: momentum and normalisation,jeu_300_50_1,baseline,7,True,0.4599564843906743,2000000,2.274519397000404
3: momentum and normalisation,jeu_300_50_1,baseline,8,True,0.4573463269825996,2000000,2.175160844999482
3: momentum and normalisation,jeu_300_50_1,baseline,9,True,0.48780335775323885,2000000,2.2065647749986965
3: momentum and normalisation,jeu_300_50_1,baseline,10,False,,2000000,2.192461174003256
3: momentum and normalisation,jeu_300_50_1,baseline,11,True,0.43749939128791787,2000000,2.320790505000332
3: momentum and normalisation,jeu_300_50_1,baseline,12,False,,2000000,2.535968653999589
3: momentum and normalisation,jeu_300_50_1,baseline,13,True,0.4708217515714511,2000000,2.2919958630009205
3: momentum and normalisation,jeu_300_50_1,baseline,14,True,0.42764312525444165,2000000,2.4152693830001226
3: momentum and normalisation,jeu_300_50_1,baseline,15,False,,2000000,2.2459651329991175
3: momentum and normalisation,jeu_300_50_1,baseline,16,False,,2000000,2.253197193000233
3: momentum and normalisation,jeu_300_50_1,baseline,17,True,0.40276676685255924,2000000,2.1909621699996933
3: momentum and normalisation,jeu_300_50_1,baseline,18,True,0.42379411701686276,2000000,2.574397125001269
3: momentum and normalisation,jeu_300_50_1,baseline,19,True,0.41855627129274864,2000000,2.424216940002225
3: momentum and normalisation,jeu_300_50_1,momentum τ = 3,0,True,0.401603883290902,2000000,2.328584487997432
3: momentum and normalisation,jeu_300_50_1,momentum τ = 3,1,True,0.39917487859846235,2000000,2.401902219000476
3: momentum and normalisation,jeu_300_50_1,momentum τ = 3,2,True,0.4915101708484375,2000000,2.20299414100009
3: momentum and normalisation,jeu_300_50_1,momentum τ = 3,3,True,0.5007450635884989,2000000,2.2580511380001553
3: momentum and normalisation,jeu_300_50_1,momentum τ = 3,4,True,0.4685524729293563,2000000,2.2486477899983583
3: momentum and normalisation,jeu_300_50_1,momentum τ = 3,5,True,0.42800543068571173,2000000,2.1972261990013067
3: momentum and normalisation,jeu_300_50_1,momentum τ = 3,6,True,0.4103109009133603,2000000,2.3016363339993404
3: momentum and normalisation,jeu_300_50_1,momentum τ = 3,7,True,0.4599564843906743,2000000,2.8225972349973745
3: momentum and normalisation,jeu_300_50_1,momentum τ = 3,8,True,0.4573463269825996,2000000,2.2525966059984057
3: momentum and normalisation,jeu_300_50_1,momentum τ = 3,9,True,0.48780335775323885,2000000,2.3937235819976195
3: momentum and normalisation,jeu_300_50_1,momentum τ = 3,10,False,,2000000,2.8957073780002247
3: momentum and normalisation,jeu_300_50_1,momentum τ = 3,11,True,0.43749939128791787,2000000,2.2188972100011597
3: momentum and normalisation,jeu_300_50_1,momentum τ = 3,12,False,,2000000,2.3935971790015174
3: momentum and normalisation,jeu_300_50_1,momentum τ = 3,13,True,0.4708217515714511,2000000,2.355609149002703
3: momentum and normalisation,jeu_300_50_1,momentum τ = 3,14,True,0.42764312525444165,2000000,2.545643691002624
3: momentum and normalisation,jeu_300_50_1,momentum τ = 3,15,False,,2000000,2.1896095349984535
3: momentum and normalisation,jeu_300_50_1,momentum τ = 3,16,False,,2000000,2.1986116570005834
3: momentum and normalisation,jeu_300_50_1,momentum τ = 3,17,True,0.40276676685255924,2000000,2.2127467970021826
3: momentum and normalisation,jeu_300_50_1,momentum τ = 3,18,True,0.42379411701686276,2000000,2.292328769002779
3: momentum and normalisation,jeu_300_50_1,momentum τ = 3,19,True,0.41855627129274864,2000000,2.5529252950000227
3: momentum and normalisation,jeu_300_50_1,momentum τ = 10,0,True,0.401603883290902,2000000,3.1417045070011227
3: momentum and normalisation,jeu_300_50_1,momentum τ = 10,1,True,0.39917487859846235,2000000,2.329652789998363
3: momentum and normalisation,jeu_300_50_1,momentum τ = 10,2,True,0.4915101708484375,2000000,2.292767807000928
3: momentum and normalisation,jeu_300_50_1,momentum τ = 10,3,True,0.5007450635884989,2000000,2.686169628999778
3: momentum and normalisation,jeu_300_50_1,momentum τ = 10,4,True,0.4685524729293563,2000000,3.4078914770034316
3: momentum and normalisation,jeu_300_50_1,momentum τ = 10,5,False,,2000000,2.1926400560005277
3: momentum and normalisation,jeu_300_50_1,momentum τ = 10,6,True,0.4103109009133603,2000000,2.7969681799986574
3: momentum and normalisation,jeu_300_50_1,momentum τ = 10,7,True,0.4599564843906743,2000000,2.378414087001147
3: momentum and normalisation,jeu_300_50_1,momentum τ = 10,8,True,0.4573463269825996,2000000,2.2324560699998983
3: momentum and normalisation,jeu_300_50_1,momentum τ = 10,9,True,0.48780335775323885,2000000,2.1907299859994964
3: momentum and normalisation,jeu_300_50_1,momentum τ = 10,10,False,,2000000,2.1843244960000447
3: momentum and normalisation,jeu_300_50_1,momentum τ = 10,11,True,0.43749939128791787,2000000,2.70072969100147
3: momentum and normalisation,jeu_300_50_1,momentum τ = 10,12,False,,2000000,2.2071857810005895
3: momentum and normalisation,jeu_300_50_1,momentum τ = 10,13,True,0.4708217515714511,2000000,2.2641931649995968
3: momentum and normalisation,jeu_300_50_1,momentum τ = 10,14,True,0.42764312525444165,2000000,2.426566009002272
3: momentum and normalisation,jeu_300_50_1,momentum τ = 10,15,False,,2000000,2.1920351709995884
3: momentum and normalisation,jeu_300_50_1,momentum τ = 10,16,False,,2000000,2.204869615001371
3: momentum and normalisation,jeu_300_50_1,momentum τ = 10,17,True,0.40276676685255924,2000000,2.2058575629998813
3: momentum and normalisation,jeu_300_50_1,momentum τ = 10,18,True,0.42379411701686276,2000000,3.179992280998704
3: momentum and normalisation,jeu_300_50_1,momentum τ = 10,19,True,0.41855627129274864,2000000,2.1961277009977493
3: momentum and normalisation,jeu_300_50_1,momentum τ = 30,0,True,0.401603883290902,2000000,2.4867097860005742
3: momentum and normalisation,jeu_300_50_1,momentum τ = 30,1,True,0.39917487859846235,2000000,3.120722494000802
3: momentum and normalisation,jeu_300_50_1,momentum τ = 30,2,True,0.4915101708484375,2000000,2.4207011420003255
3: momentum and normalisation,jeu_300_50_1,momentum τ = 30,3,True,0.5007450635884989,2000000,3.033941886998946
3: momentum and normalisation,jeu_300_50_1,momentum τ = 30,4,True,0.4685524729293563,2000000,2.189209000000119
3: momentum and normalisation,jeu_300_50_1,momentum τ = 30,5,False,,2000000,2.316575520999322
3: momentum and normalisation,jeu_300_50_1,momentum τ = 30,6,True,0.4103109009133603,2000000,2.2714298229984706
3: momentum and normalisation,jeu_300_50_1,momentum τ = 30,7,True,0.4599564843906743,2000000,2.27763071300069
3: momentum and normalisation,jeu_300_50_1,momentum τ = 30,8,True,0.4573463269825996,2000000,2.4574696119998407
3: momentum and normalisation,jeu_300_50_1,momentum τ = 30,9,True,0.48780335775323885,2000000,2.1984724510002707
3: momentum and normalisation,jeu_300_50_1,momentum τ = 30,10,False,,2000000,2.532299221998983
3: momentum and normalisation,jeu_300_50_1,momentum τ = 30,11,True,0.4927353865273024,2000000,2.188042981997569
3: momentum and normalisation,jeu_300_50_1,momentum τ = 30,12,False,,2000000,2.333388979001029
3: momentum and normalisation,jeu_300_50_1,momentum τ = 30,13,True,0.4708217515714511,2000000,2.2022724429989466
3: momentum and normalisation,jeu_300_50_1,momentum τ = 30,14,True,0.42764312525444165,2000000,2.499251020999509
3: momentum and normalisation,jeu_300_50_1,momentum τ = 30,15,False,,2000000,3.037239749002765
3: momentum and normalisation,jeu_300_50_1,momentum τ = 30,16,False,,2000000,2.3337822510002297
3: momentum and normalisation,jeu_300_50_1,momentum τ = 30,17,True,0.40276676685255924,2000000,2.580325424001785
3: momentum and normalisation,jeu_300_50_1,momentum τ = 30,18,True,0.42379411701686276,2000000,2.182676566997543
3: momentum and normalisation,jeu_300_50_1,momentum τ = 30,19,True,0.41855627129274864,2000000,2.2493534479981463
3: momentum and normalisation,jeu_300_50_1,momentum τ = 100,0,True,0.401603883290902,2000000,2.687540787999751
3: momentum and normalisation,jeu_300_50_1,momentum τ = 100,1,False,,2000000,2.193073654001637
3: momentum and normalisation,jeu_300_50_1,momentum τ = 100,2,True,0.4915101708484375,2000000,2.2476463559978583
3: momentum and normalisation,jeu_300_50_1,momentum τ = 100,3,True,0.5007450635884989,2000000,2.2965040170020075
3: momentum and normalisation,jeu_300_50_1,momentum τ = 100,4,True,0.4685524729293563,2000000,2.35773812700063
3: momentum and normalisation,jeu_300_50_1,momentum τ = 100,5,False,,2000000,2.4660465710003336
3: momentum and normalisation,jeu_300_50_1,momentum τ = 100,6,True,0.4103109009133603,2000000,3.6015267800030415
3: momentum and normalisation,jeu_300_50_1,momentum τ = 100,7,True,0.4599564843906743,2000000,3.164654491996771
3: momentum and normalisation,jeu_300_50_1,momentum τ = 100,8,True,0.4573463269825996,2000000,2.32464391800022
3: momentum and normalisation,jeu_300_50_1,momentum τ = 100,9,True,0.48780335775323885,2000000,2.84131576299842
3: momentum and normalisation,jeu_300_50_1,momentum τ = 100,10,False,,2000000,2.5394249180026236
3: momentum and normalisation,jeu_300_50_1,momentum τ = 100,11,True,0.4927353865273024,2000000,3.4149724779999815
3: momentum and normalisation,jeu_300_50_1,momentum τ = 100,12,False,,2000000,2.265174299998762
3: momentum and normalisation,jeu_300_50_1,momentum τ = 100,13,True,0.4708217515714511,2000000,2.647526867000124
3: momentum and normalisation,jeu_300_50_1,momentum τ = 100,14,True,0.44029849292627865,2000000,2.519403518999752
3: momentum and normalisation,jeu_300_50_1,momentum τ = 100,15,False,,2000000,2.340745296998648
3: momentum and normalisation,jeu_300_50_1,momentum τ = 100,16,False,,2000000,2.5282113299981575
3: momentum and normalisation,jeu_300_50_1,momentum τ = 100,17,True,0.5407486476852383,2000000,3.0550390610005707
3: momentum and normalisation,jeu_300_50_1,momentum τ = 100,18,False,,2000000,3.1785611459999927
3: momentum and normalisation,jeu_300_50_1,momentum τ = 100,19,True,0.41855627129274864,2000000,3.172483802998613
3: momentum and normalisation,jeu_300_50_1,sign(field),0,False,,2000000,33.33191009800066
3: momentum and normalisation,jeu_300_50_1,sign(field),1,False,,2000000,31.6437492369987
3: momentum and normalisation,jeu_300_50_1,sign(field),2,False,,2000000,30.95810268399873
3: momentum and normalisation,jeu_300_50_1,sign(field),3,False,,2000000,29.3695127409992
3: momentum and normalisation,jeu_300_50_1,sign(field),4,False,,2000000,29.39550268399762
3: momentum and normalisation,jeu_300_50_1,sign(field),5,False,,2000000,37.54912815500211
3: momentum and normalisation,jeu_300_50_1,sign(field),6,False,,2000000,30.50082448300236
3: momentum and normalisation,jeu_300_50_1,sign(field),7,True,0.5489102592821288,2000000,28.407213710001088
3: momentum and normalisation,jeu_300_50_1,sign(field),8,False,,2000000,32.37798360600209
3: momentum and normalisation,jeu_300_50_1,sign(field),9,False,,2000000,33.16672538099738
3: momentum and normalisation,jeu_300_50_1,sign(field),10,False,,1990021,35.246531856999354
3: momentum and normalisation,jeu_300_50_1,sign(field),11,False,,2000000,29.520709969001473
3: momentum and normalisation,jeu_300_50_1,sign(field),12,False,,2000000,27.69662291200075
3: momentum and normalisation,jeu_300_50_1,sign(field),13,False,,1980042,28.613247875000525
3: momentum and normalisation,jeu_300_50_1,sign(field),14,False,,2000000,33.215629350997915
3: momentum and normalisation,jeu_300_50_1,sign(field),15,True,0.5227073955109188,2000000,32.94969447300173
3: momentum and normalisation,jeu_300_50_1,sign(field),16,True,0.5330525790887434,2000000,31.328600148000987
3: momentum and normalisation,jeu_300_50_1,sign(field),17,False,,2000000,26.747319352998602
3: momentum and normalisation,jeu_300_50_1,sign(field),18,False,,2000000,26.111319789000845
3: momentum and normalisation,jeu_300_50_1,sign(field),19,False,,2000000,24.859121236997453
3: momentum and normalisation,jeu_300_50_1,rms per spin,0,True,0.1462740002999733,222338,2.0377993149995746
3: momentum and normalisation,jeu_300_50_1,rms per spin,1,True,0.19717206975743068,216990,1.907337289001589
3: momentum and normalisation,jeu_300_50_1,rms per spin,2,True,0.14677850087362357,279272,2.783512388003146
3: momentum and normalisation,jeu_300_50_1,rms per spin,3,True,0.13321347386628593,230766,2.191632160000154
3: momentum and normalisation,jeu_300_50_1,rms per spin,4,True,0.14605194213242068,254094,2.0564927559971693
3: momentum and normalisation,jeu_300_50_1,rms per spin,5,True,0.15021455883470106,255607,2.228630259000056
3: momentum and normalisation,jeu_300_50_1,rms per spin,6,True,0.1529941816864344,249972,2.3855804099985107
3: momentum and normalisation,jeu_300_50_1,rms per spin,7,True,0.1490614146663576,267119,2.514026234002813
3: momentum and normalisation,jeu_300_50_1,rms per spin,8,True,0.13082342674710107,273502,2.8254784800010384
3: momentum and normalisation,jeu_300_50_1,rms per spin,9,True,0.13936097892590074,262424,2.28189502999885
3: momentum and normalisation,jeu_300_50_1,rms per spin,10,True,0.14061346490604407,239828,2.221255928001483
3: momentum and normalisation,jeu_300_50_1,rms per spin,11,True,0.11733436700761037,248311,2.183233610998286
3: momentum and normalisation,jeu_300_50_1,rms per spin,12,True,0.1519228484219261,240088,2.297581865997927
3: momentum and normalisation,jeu_300_50_1,rms per spin,13,True,0.14295091930133488,232562,2.0436579900015204
3: momentum and normalisation,jeu_300_50_1,rms per spin,14,True,0.12135089281018507,240877,2.151021588000731
3: momentum and normalisation,jeu_300_50_1,rms per spin,15,True,0.1720035295561369,264351,2.4830404040003486
3: momentum and normalisation,jeu_300_50_1,rms per spin,16,True,0.09726342526671329,217130,1.7935000799989211
3: momentum and normalisation,jeu_300_50_1,rms per spin,17,True,0.14721482569407787,226518,2.0650129770001513
3: momentum and normalisation,jeu_300_50_1,rms per spin,18,True,0.14750895537215195,242749,2.23436443600076
3: momentum and normalisation,jeu_300_50_1,rms per spin,19,True,0.12328124056496273,243230,2.2514879970003676
3: momentum and normalisation,jeu_300_50_1,"Adam (τm = 10, τr = 30)",0,True,0.14357618835207517,73716,0.29873347200191347
3: momentum and normalisation,jeu_300_50_1,"Adam (τm = 10, τr = 30)",1,True,0.16353610100919594,76699,0.31244709599923226
3: momentum and normalisation,jeu_300_50_1,"Adam (τm = 10, τr = 30)",2,True,0.18804820610114556,78268,0.30696685500151943
3: momentum and normalisation,jeu_300_50_1,"Adam (τm = 10, τr = 30)",3,True,0.1370858566478177,77791,0.31903561700164573
3: momentum and normalisation,jeu_300_50_1,"Adam (τm = 10, τr = 30)",4,True,0.16827334191698531,86826,0.3175315920016146
3: momentum and normalisation,jeu_300_50_1,"Adam (τm = 10, τr = 30)",5,True,0.1520786787149455,76304,0.27757260499856784
3: momentum and normalisation,jeu_300_50_1,"Adam (τm = 10, τr = 30)",6,True,0.13097341340413224,84241,0.35334994599907077
3: momentum and normalisation,jeu_300_50_1,"Adam (τm = 10, τr = 30)",7,True,0.12726465243027082,76612,0.3165280350003741
3: momentum and normalisation,jeu_300_50_1,"Adam (τm = 10, τr = 30)",8,True,0.1569795414304052,76038,0.3366992199989909
3: momentum and normalisation,jeu_300_50_1,"Adam (τm = 10, τr = 30)",9,True,0.13702936816659816,77252,0.35001138799998444
3: momentum and normalisation,jeu_300_50_1,"Adam (τm = 10, τr = 30)",10,True,0.1376799596399541,85110,0.3334262750031485
3: momentum and normalisation,jeu_300_50_1,"Adam (τm = 10, τr = 30)",11,True,0.19325488576665584,75989,0.27159931200003484
3: momentum and normalisation,jeu_300_50_1,"Adam (τm = 10, τr = 30)",12,True,0.1655502075464715,74575,0.31617727400225704
3: momentum and normalisation,jeu_300_50_1,"Adam (τm = 10, τr = 30)",13,True,0.12322864784106868,77853,0.3141002150005079
3: momentum and normalisation,jeu_300_50_1,"Adam (τm = 10, τr = 30)",14,True,0.15511152579283533,73396,0.3066372249995766
3: momentum and normalisation,jeu_300_50_1,"Adam (τm = 10, τr = 30)",15,True,0.16769871771147632,76356,0.306322734002606
3: momentum and normalisation,jeu_300_50_1,"Adam (τm = 10, τr = 30)",16,True,0.1448656840268106,74735,0.33360223199997563
3: momentum and normalisation,jeu_300_50_1,"Adam (τm = 10, τr = 30)",17,True,0.1771050237738591,85112,0.3143616849993123
3: momentum and normalisation,jeu_300_50_1,"Adam (τm = 10, τr = 30)",18,True,0.09501557328990863,77917,0.2988249560003169
3: momentum and normalisation,jeu_300_50_1,"Adam (τm = 10, τr = 30)",19,True,0.1294073189592874,76548,0.3062679989998287
3: momentum and normalisation,jeu_300_50_1,global rms,0,True,0.27997249595328205,2000000,3.7215825999992376
3: momentum and normalisation,jeu_300_50_1,global rms,1,True,0.3220388835538657,2000000,3.8252979480021168
3: momentum and normalisation,jeu_300_50_1,global rms,2,True,0.28781075969215725,2000000,4.5195314189986675
3: momentum and normalisation,jeu_300_50_1,global rms,3,True,0.3111073884985556,2000000,3.323165046000213
3: momentum and normalisation,jeu_300_50_1,global rms,4,True,0.2823566994364787,2000000,4.171958671999164
3: momentum and normalisation,jeu_300_50_1,global rms,5,True,0.3158426815276823,2000000,4.253301147000457
3: momentum and normalisation,jeu_300_50_1,global rms,6,True,0.30468328466883143,2000000,3.0108608820009977
3: momentum and normalisation,jeu_300_50_1,global rms,7,True,0.3118475823903977,2000000,2.937302500999067
3: momentum and normalisation,jeu_300_50_1,global rms,8,True,0.2786615736132565,2000000,3.791908504001185
3: momentum and normalisation,jeu_300_50_1,global rms,9,True,0.2697617160031867,2000000,4.151527451002039
3: momentum and normalisation,jeu_300_50_1,global rms,10,True,0.2705019098950288,2000000,4.204028743999515
3: momentum and normalisation,jeu_300_50_1,global rms,11,True,0.28636543372440243,2000000,3.9782531860000745
3: momentum and normalisation,jeu_300_50_1,global rms,12,True,0.2857479561883131,2000000,4.153389348000928
3: momentum and normalisation,jeu_300_50_1,global rms,13,True,0.3250990009330339,2000000,3.732707940002001
3: momentum and normalisation,jeu_300_50_1,global rms,14,True,0.3071122893612711,2000000,4.378567155003111
3: momentum and normalisation,jeu_300_50_1,global rms,15,True,0.30197573332761957,2000000,3.7979790749996027
3: momentum and normalisation,jeu_300_50_1,global rms,16,True,0.2672255779842962,2000000,3.2570688240011805
3: momentum and normalisation,jeu_300_50_1,global rms,17,True,0.3356039105612033,2000000,4.169222914999409
3: momentum and normalisation,jeu_300_50_1,global rms,18,True,0.2818346679548638,2000000,4.1405616069969255
3: momentum and normalisation,jeu_300_50_1,global rms,19,True,0.2912429218959093,2000000,3.7665575920000265
3: momentum and normalisation,jeu_300_50_1,global rms + momentum,0,True,0.2928538175499972,2000000,3.8847102369982167
3: momentum and normalisation,jeu_300_50_1,global rms + momentum,1,True,0.281386655862433,2000000,3.086455783999554
3: momentum and normalisation,jeu_300_50_1,global rms + momentum,2,True,0.3006745503809077,2000000,3.7427969589989516
3: momentum and normalisation,jeu_300_50_1,global rms + momentum,3,True,0.26583868837642366,2000000,2.857782478000445
3: momentum and normalisation,jeu_300_50_1,global rms + momentum,4,True,0.2830891018136698,2000000,3.492574676001823
3: momentum and normalisation,jeu_300_50_1,global rms + momentum,5,True,0.2768831603941727,2000000,3.287109156997758
3: momentum and normalisation,jeu_300_50_1,global rms + momentum,6,True,0.32720465776745833,2000000,3.776430308000272
3: momentum and normalisation,jeu_300_50_1,global rms + momentum,7,True,0.24803507739895866,2000000,3.7330245150005794
3: momentum and normalisation,jeu_300_50_1,global rms + momentum,8,True,0.3139493434674967,2000000,3.2251335399996606
3: momentum and normalisation,jeu_300_50_1,global rms + momentum,9,True,0.25954119665977765,2000000,3.129273613998521
3: momentum and normalisation,jeu_300_50_1,global rms + momentum,10,True,0.27185958132296023,2000000,2.975262769003166
3: momentum and normalisation,jeu_300_50_1,global rms + momentum,11,True,0.2733380212279817,2000000,3.312817662997986
3: momentum and normalisation,jeu_300_50_1,global rms + momentum,12,True,0.2651004423632443,2000000,3.2679750440001953
3: momentum and normalisation,jeu_300_50_1,global rms + momentum,13,True,0.32381340101562395,2000000,2.932145978000335
3: momentum and normalisation,jeu_300_50_1,global rms + momentum,14,True,0.3080628541486894,2000000,2.770961996000551
3: momentum and normalisation,jeu_300_50_1,global rms + momentum,15,True,0.30237504845348173,2000000,2.9712092830013717
3: momentum and normalisation,jeu_300_50_1,global rms + momentum,16,True,0.29480364409140225,2000000,3.0991201840006397
3: momentum and normalisation,jeu_300_50_1,global rms + momentum,17,True,0.27087200684094986,2000000,2.7209403710003244
3: momentum and normalisation,jeu_300_50_1,global rms + momentum,18,True,0.3072311099596984,2000000,3.4194310780003434
3: momentum and normalisation,jeu_300_50_1,global rms + momentum,19,True,0.3150615821839226,2000000,3.3975459180001053
3: momentum and normalisation,G1,baseline,0,True,0.0031830695113558155,514119,1.5769066180000664
3: momentum and normalisation,G1,baseline,1,True,0.009635237439779766,559869,1.8405803950008703
3: momentum and normalisation,G1,baseline,2,True,0.004215416379903647,539138,1.7767250750002859
3: momentum and normalisation,G1,baseline,3,True,0.008947006194081212,530295,2.100019229001191
3: momentum and normalisation,G1,baseline,4,True,0.007656572608396421,538031,1.676335634001589
3: momentum and normalisation,G1,baseline,5,True,0.00524776324845148,540621,1.7922994360014854
3: momentum and normalisation,G1,baseline,6,True,0.007656572608396421,546757,1.6920937150025566
3: momentum and normalisation,G1,baseline,7,True,0.006022023399862354,573143,1.8460113430010097
3: momentum and normalisation,G1,baseline,8,True,0.007140399174122505,526078,1.809374074000516
3: momentum and normalisation,G1,baseline,9,True,0.007570543702684102,514062,1.662683767000999
3: momentum and normalisation,G1,baseline,10,True,0.007914659325533379,542976,1.6670881339996413
3: momentum and normalisation,G1,baseline,11,True,0.011527873365450792,504084,1.7729562040003657
3: momentum and normalisation,G1,baseline,12,True,0.006624225739848589,487696,1.6226954250014387
3: momentum and normalisation,G1,baseline,13,True,0.008000688231245699,564890,2.2557906190013455
3: momentum and normalisation,G1,baseline,14,True,0.007140399174122505,546377,1.856055585998547
3: momentum and normalisation,G1,baseline,15,True,0.006710254645560908,528449,1.6022051100007957
3: momentum and normalisation,G1,baseline,16,True,0.0030970406056434964,544005,1.7282042889964941
3: momentum and normalisation,G1,baseline,17,True,0.004817618719889883,513424,1.681718820000242
3: momentum and normalisation,G1,baseline,18,True,0.008688919476944253,556193,1.746901185997558
3: momentum and normalisation,G1,baseline,19,True,0.008086717136958018,519033,1.6093896989987115
3: momentum and normalisation,G1,momentum τ = 3,0,True,0.00258086717136958,516735,1.6721547249981086
3: momentum and normalisation,G1,momentum τ = 3,1,True,0.007312456985547144,561628,1.6677083679969655
3: momentum and normalisation,G1,momentum τ = 3,2,True,0.00920509291121817,554491,2.381641985000897
3: momentum and normalisation,G1,momentum τ = 3,3,True,0.007914659325533379,539200,1.822534111001005
3: momentum and normalisation,G1,momentum τ = 3,4,True,0.0015485203028217482,524259,1.623106368999288
3: momentum and normalisation,G1,momentum τ = 3,5,True,0.0062801101169993115,537679,1.6963631739999983
3: momentum and normalisation,G1,momentum τ = 3,6,True,0.006366139022711631,507146,1.5471043290017406
3: momentum and normalisation,G1,momentum τ = 3,7,True,0.003785271851342051,521837,1.6424522070010426
3: momentum and normalisation,G1,momentum τ = 3,8,True,0.01316242257398486,573167,1.790291088000231
3: momentum and normalisation,G1,momentum τ = 3,9,True,0.006624225739848589,583946,1.7623278739993111
3: momentum and normalisation,G1,momentum τ = 3,10,True,0.004301445285615967,548928,1.704145494997647
3: momentum and normalisation,G1,momentum τ = 3,11,True,0.006108052305574673,523272,1.6471187639981508
3: momentum and normalisation,G1,momentum τ = 3,12,True,0.005763936682725396,537911,1.7020833950009546
3: momentum and normalisation,G1,momentum τ = 3,13,True,0.006968341362697867,540383,1.6548409509996418
3: momentum and normalisation,G1,momentum τ = 3,14,True,0.00524776324845148,548116,1.8052621060014644
3: momentum and normalisation,G1,momentum τ = 3,15,True,0.007914659325533379,527639,1.6568203729984816
3: momentum and normalisation,G1,momentum τ = 3,16,True,0.005849965588437715,585851,1.74066492899874
3: momentum and normalisation,G1,momentum τ = 3,17,True,0.006366139022711631,537432,1.7184507609999855
3: momentum and normalisation,G1,momentum τ = 3,18,True,0.007398485891259464,546519,1.8197764709984767
3: momentum and normalisation,G1,momentum τ = 3,19,True,0.01049552649690296,536044,1.649069380997389
3: momentum and normalisation,G1,momentum τ = 10,0,True,0.00782863041982106,560949,1.659833058998629
3: momentum and normalisation,G1,momentum τ = 10,1,True,0.006194081211286993,541257,1.6809664529973816
3: momentum and normalisation,G1,momentum τ = 10,2,True,0.0056779077770130765,585531,1.7551923189967056
3: momentum and normalisation,G1,momentum τ = 10,3,True,0.00653819683413627,530643,1.6073640279973915
3: momentum and normalisation,G1,momentum τ = 10,4,True,0.007484514796971782,548894,1.6526897699986876
3: momentum and normalisation,G1,momentum τ = 10,5,True,0.004989676531314522,527654,1.56033668499731
3: momentum and normalisation,G1,momentum τ = 10,6,True,0.008172746042670338,543509,1.9563264610005717
3: momentum and normalisation,G1,momentum τ = 10,7,True,0.008086717136958018,571752,1.687335824000911
3: momentum and normalisation,G1,momentum τ = 10,8,True,0.008688919476944253,553492,1.65834746100154
3: momentum and normalisation,G1,momentum τ = 10,9,True,0.006882312456985547,564849,1.637347421998129
3: momentum and normalisation,G1,momentum τ = 10,10,True,0.005763936682725396,538386,1.649958340000012
3: momentum and normalisation,G1,momentum τ = 10,11,True,0.007398485891259464,533994,1.6582118820006144
3: momentum and normalisation,G1,momentum τ = 10,12,True,0.0070543702684101855,546684,1.6472256289998768
3: momentum and normalisation,G1,momentum τ = 10,13,True,0.005419821059876118,528401,1.5921177439995517
3: momentum and normalisation,G1,momentum τ = 10,14,True,0.0056779077770130765,543693,1.6502653870011272
3: momentum and normalisation,G1,momentum τ = 10,15,True,0.008602890571231933,558922,1.7013067900006718
3: momentum and normalisation,G1,momentum τ = 10,16,True,0.005419821059876118,532641,1.5922445270007302
3: momentum and normalisation,G1,momentum τ = 10,17,True,0.004387474191328286,518827,1.5524298259988427
3: momentum and normalisation,G1,momentum τ = 10,18,True,0.006194081211286993,548756,1.6343011719982314
3: momentum and normalisation,G1,momentum τ = 10,19,True,0.008086717136958018,546677,1.6476547489983204
3: momentum and normalisation,G1,momentum τ = 30,0,True,0.005591878871300757,535047,1.6610738809977192
3: momentum and normalisation,G1,momentum τ = 30,1,True,0.007484514796971782,556331,1.6649712479993468
3: momentum and normalisation,G1,momentum τ = 30,2,True,0.004559532002752925,534485,1.6636304459971143
3: momentum and normalisation,G1,momentum τ = 30,3,True,0.005419821059876118,602501,1.853337813001417
3: momentum and normalisation,G1,momentum τ = 30,4,True,0.0012044046799724708,559501,1.7100518619990908
3: momentum and normalisation,G1,momentum τ = 30,5,True,0.0064521679284239505,590962,1.7709480459998304
3: momentum and normalisation,G1,momentum τ = 30,6,True,0.008000688231245699,505816,1.5373411729997315
3: momentum and normalisation,G1,momentum τ = 30,7,True,0.011097728836889195,551243,2.106668604999868
3: momentum and normalisation,G1,momentum τ = 30,8,True,0.008602890571231933,540528,2.0412169760020333
3: momentum and normalisation,G1,momentum τ = 30,9,True,0.0027529249827942187,552376,1.712954858001467
3: momentum and normalisation,G1,momentum τ = 30,10,True,0.005591878871300757,583380,1.7251071000027878
3: momentum and normalisation,G1,momentum τ = 30,11,True,0.009291121816930488,577689,1.7263701829979254
3: momentum and normalisation,G1,momentum τ = 30,12,True,0.0056779077770130765,580336,1.6942181360027462
3: momentum and normalisation,G1,momentum τ = 30,13,True,0.005333792154163799,554165,1.666880206001224
3: momentum and normalisation,G1,momentum τ = 30,14,True,0.003355127322780454,587252,1.7434682759994757
3: momentum and normalisation,G1,momentum τ = 30,15,True,0.009893324156916725,565199,1.7597804260003613
3: momentum and normalisation,G1,momentum τ = 30,16,True,0.0027529249827942187,558913,1.6203642899999977
3: momentum and normalisation,G1,momentum τ = 30,17,True,0.007742601514108741,547777,1.6037059769987536
3: momentum and normalisation,G1,momentum τ = 30,18,True,0.00653819683413627,543486,1.5853428190021077
3: momentum and normalisation,G1,momentum τ = 30,19,True,0.008086717136958018,570509,1.7100725509990298
3: momentum and normalisation,G1,momentum τ = 100,0,True,0.0056779077770130765,659150,2.004813945000933
3: momentum and normalisation,G1,momentum τ = 100,1,True,0.008344803854094977,709298,2.239740528002585
3: momentum and normalisation,G1,momentum τ = 100,2,True,0.005591878871300757,744331,2.451550320998649
3: momentum and normalisation,G1,momentum τ = 100,3,True,0.005419821059876118,696830,2.124393895999674
3: momentum and normalisation,G1,momentum τ = 100,4,True,0.00524776324845148,682449,2.0774819329999445
3: momentum and normalisation,G1,momentum τ = 100,5,True,0.008947006194081212,638844,1.9243839030023082
3: momentum and normalisation,G1,momentum τ = 100,6,True,0.004387474191328286,697472,2.777891756999452
3: momentum and normalisation,G1,momentum τ = 100,7,True,0.008344803854094977,700810,2.132157341999118
3: momentum and normalisation,G1,momentum τ = 100,8,True,0.008516861665519614,648912,1.9816223179986991
3: momentum and normalisation,G1,momentum τ = 100,9,True,0.006710254645560908,663205,2.1120304809992376
3: momentum and normalisation,G1,momentum τ = 100,10,True,0.005763936682725396,703668,2.212901814000361
3: momentum and normalisation,G1,momentum τ = 100,11,True,0.009893324156916725,694013,2.2111456080019707
3: momentum and normalisation,G1,momentum τ = 100,12,True,0.006108052305574673,697579,2.278471318000811
3: momentum and normalisation,G1,momentum τ = 100,13,True,0.0036132140399174123,719282,2.178778098001203
3: momentum and normalisation,G1,momentum τ = 100,14,True,0.007656572608396421,681857,2.105448162998073
3: momentum and normalisation,G1,momentum τ = 100,15,True,0.006710254645560908,688620,2.0713674100006756
3: momentum and normalisation,G1,momentum τ = 100,16,True,0.005935994494150034,692484,2.286371294001583
3: momentum and normalisation,G1,momentum τ = 100,17,True,0.0047315898141775635,690278,2.8052242060002754
3: momentum and normalisation,G1,momentum τ = 100,18,True,0.00653819683413627,696000,2.6368759340002725
3: momentum and normalisation,G1,momentum τ = 100,19,True,0.007140399174122505,701816,2.3827083819996915
3: momentum and normalisation,G1,sign(field),0,True,0.004989676531314522,1810725,10.137966172998858
3: momentum and normalisation,G1,sign(field),1,True,0.00911906400550585,1990080,10.449174271998345
3: momentum and normalisation,G1,sign(field),2,True,0.0036132140399174123,2000000,10.442105915000866
3: momentum and normalisation,G1,sign(field),3,True,0.006968341362697867,1980067,12.196934409999812
3: momentum and normalisation,G1,sign(field),4,True,0.0056779077770130765,1850699,12.164903222001158
3: momentum and normalisation,G1,sign(field),5,True,0.005419821059876118,1960196,10.351354470996739
3: momentum and normalisation,G1,sign(field),6,True,0.005849965588437715,1980067,10.217287145998853
3: momentum and normalisation,G1,sign(field),7,True,0.0047315898141775635,2000000,11.279980756997247
3: momentum and normalisation,G1,sign(field),8,True,0.007656572608396421,2000000,10.293602734996966
3: momentum and normalisation,G1,sign(field),9,True,0.0072264280798348245,1970112,11.524742255001911
3: momentum and normalisation,G1,sign(field),10,True,0.007656572608396421,2000000,10.934992529000738
3: momentum and normalisation,G1,sign(field),11,True,0.007312456985547144,1960156,11.749194946001808
3: momentum and normalisation,G1,sign(field),12,True,0.005849965588437715,1283171,9.584606262997113
3: momentum and normalisation,G1,sign(field),13,True,0.006796283551273228,2000000,11.87276386099984
3: momentum and normalisation,G1,sign(field),14,True,0.00653819683413627,2000000,9.50345626499984
3: momentum and normalisation,G1,sign(field),15,True,0.008947006194081212,2000000,10.326599767999141
3: momentum and normalisation,G1,sign(field),16,True,0.008516861665519614,1990037,10.44253751100041
3: momentum and normalisation,G1,sign(field),17,True,0.004645560908465244,1910422,8.5878706279982
3: momentum and normalisation,G1,sign(field),18,True,0.00920509291121817,1970131,12.107001588999992
3: momentum and normalisation,G1,sign(field),19,True,0.006366139022711631,2000000,9.56619732600302
3: momentum and normalisation,G1,rms per spin,0,True,0.007398485891259464,78835,0.6174784030008595
3: momentum and normalisation,G1,rms per spin,1,True,0.0056779077770130765,118167,1.1512847789999796
3: momentum and normalisation,G1,rms per spin,2,True,0.0056779077770130765,88011,0.6848350330001267
3: momentum and normalisation,G1,rms per spin,3,True,0.004473503097040606,227878,1.4549954510002863
3: momentum and normalisation,G1,rms per spin,4,True,0.006624225739848589,158818,1.099873678998847
3: momentum and normalisation,G1,rms per spin,5,True,0.008000688231245699,128708,1.0158581860014237
3: momentum and normalisation,G1,rms per spin,6,True,0.007742601514108741,98777,0.6750171820021933
3: momentum and normalisation,G1,rms per spin,7,True,0.007484514796971782,137012,1.094659945996682
3: momentum and normalisation,G1,rms per spin,8,True,0.008860977288368892,158735,1.0816777889995137
3: momentum and normalisation,G1,rms per spin,9,True,0.007398485891259464,57551,0.707360245000018
3: momentum and normalisation,G1,rms per spin,10,True,0.0056779077770130765,38910,0.4677486079999653
3: momentum and normalisation,G1,rms per spin,11,True,0.008774948382656573,127875,1.0207381610016455
3: momentum and normalisation,G1,rms per spin,12,True,0.005849965588437715,158501,1.2872980419997475
3: momentum and normalisation,G1,rms per spin,13,True,0.008860977288368892,58174,0.7509980120012187
3: momentum and normalisation,G1,rms per spin,14,True,0.006366139022711631,127229,1.0238070049999806
3: momentum and normalisation,G1,rms per spin,15,True,0.00920509291121817,197987,1.3727051349997055
3: momentum and normalisation,G1,rms per spin,16,True,0.007398485891259464,128082,1.050411953998264
3: momentum and normalisation,G1,rms per spin,17,True,0.007484514796971782,88430,0.8074368199995661
3: momentum and normalisation,G1,rms per spin,18,True,0.008172746042670338,148465,1.1862331199990876
3: momentum and normalisation,G1,rms per spin,19,True,0.006882312456985547,148442,1.0021220470007393
3: momentum and normalisation,G1,"Adam (τm = 10, τr = 30)",0,True,0.0070543702684101855,91170,0.8195930990004854
3: momentum and normalisation,G1,"Adam (τm = 10, τr = 30)",1,True,0.004817618719889883,110348,0.8568397609997191
3: momentum and normalisation,G1,"Adam (τm = 10, τr = 30)",2,True,0.00524776324845148,120423,1.0311688920010056
3: momentum and normalisation,G1,"Adam (τm = 10, τr = 30)",3,True,0.005075705437026841,120202,0.8246282600011909
3: momentum and normalisation,G1,"Adam (τm = 10, τr = 30)",4,True,0.005849965588437715,143757,1.205003688002762
3: momentum and normalisation,G1,"Adam (τm = 10, τr = 30)",5,True,0.00653819683413627,77712,0.6262647319999814
3: momentum and normalisation,G1,"Adam (τm = 10, τr = 30)",6,True,0.008258774948382657,92557,0.7597039669999504
3: momentum and normalisation,G1,"Adam (τm = 10, τr = 30)",7,True,0.005849965588437715,91570,0.9391009229984775
3: momentum and normalisation,G1,"Adam (τm = 10, τr = 30)",8,True,0.004301445285615967,115583,0.9711723569998867
3: momentum and normalisation,G1,"Adam (τm = 10, τr = 30)",9,True,0.008172746042670338,68081,0.7126039860013407
3: momentum and normalisation,G1,"Adam (τm = 10, τr = 30)",10,True,0.00911906400550585,91131,0.8221892889996525
3: momentum and normalisation,G1,"Adam (τm = 10, τr = 30)",11,True,0.006194081211286993,171610,1.319718754002679
3: momentum and normalisation,G1,"Adam (τm = 10, τr = 30)",12,True,0.0064521679284239505,112973,0.8784943409991683
3: momentum and normalisation,G1,"Adam (τm = 10, τr = 30)",13,True,0.0055058499655884375,68082,0.5587478870002087
3: momentum and normalisation,G1,"Adam (τm = 10, τr = 30)",14,True,0.0027529249827942187,103843,0.7907252250006422
3: momentum and normalisation,G1,"Adam (τm = 10, τr = 30)",15,True,0.007484514796971782,151695,0.9605278970011568
3: momentum and normalisation,G1,"Adam (τm = 10, τr = 30)",16,True,0.005763936682725396,154099,1.127122578000126
3: momentum and normalisation,G1,"Adam (τm = 10, τr = 30)",17,True,0.0062801101169993115,91507,0.6776756719991681
3: momentum and normalisation,G1,"Adam (τm = 10, τr = 30)",18,True,0.007312456985547144,125527,1.0195081300007587
3: momentum and normalisation,G1,"Adam (τm = 10, τr = 30)",19,True,0.008860977288368892,123120,0.9071019260009052
3: momentum and normalisation,G1,global rms,0,True,0.006194081211286993,104420,0.7613946680030494
3: momentum and normalisation,G1,global rms,1,True,0.007570543702684102,126238,0.8802702739994857
3: momentum and normalisation,G1,global rms,2,True,0.005419821059876118,119923,0.7315899749992241
3: momentum and normalisation,G1,global rms,3,True,0.006194081211286993,117257,0.7836042379967694
3: momentum and normalisation,G1,global rms,4,True,0.0072264280798348245,115774,0.6620302759984042
3: momentum and normalisation,G1,global rms,5,True,0.0049036476256022025,152787,0.819923650000419
3: momentum and normalisation,G1,global rms,6,True,0.006968341362697867,116632,0.6297141230024863
3: momentum and normalisation,G1,global rms,7,True,0.008947006194081212,109461,0.6790958660021715
3: momentum and normalisation,G1,global rms,8,True,0.0056779077770130765,91793,0.5051295390003361
3: momentum and normalisation,G1,global rms,9,True,0.0064521679284239505,131554,0.7464606610010378
3: momentum and normalisation,G1,global rms,10,True,0.008086717136958018,127883,0.7514518590032822
3: momentum and normalisation,G1,global rms,11,True,0.009635237439779766,130699,0.6992127559969958
3: momentum and normalisation,G1,global rms,12,True,0.006882312456985547,129611,0.6453768130013486
3: momentum and normalisation,G1,global rms,13,True,0.0034411562284927736,137203,0.6796445340005448
3: momentum and normalisation,G1,global rms,14,True,0.007914659325533379,109709,0.6391206980006245
3: momentum and normalisation,G1,global rms,15,True,0.008344803854094977,111633,0.5777763070000219
3: momentum and normalisation,G1,global rms,16,True,0.00516173434273916,111581,0.6520105390009121
3: momentum and normalisation,G1,global rms,17,True,0.0064521679284239505,117246,0.5832755049996194
3: momentum and normalisation,G1,global rms,18,True,0.008430832759807294,150358,0.7535917979985243
3: momentum and normalisation,G1,global rms,19,True,0.009721266345492086,108023,0.6077175209975394
3: momentum and normalisation,G1,global rms + momentum,0,True,0.006882312456985547,166518,0.8347313150006812
3: momentum and normalisation,G1,global rms + momentum,1,True,0.006108052305574673,112337,0.6128192090000084
3: momentum and normalisation,G1,global rms + momentum,2,True,0.003355127322780454,131463,0.6536646099993959
3: momentum and normalisation,G1,global rms + momentum,3,True,0.009549208534067447,113699,0.5931061299997964
3: momentum and normalisation,G1,global rms + momentum,4,True,0.006796283551273228,123606,0.6098840809972899
3: momentum and normalisation,G1,global rms + momentum,5,True,0.005075705437026841,145036,0.6780463599970972
3: momentum and normalisation,G1,global rms + momentum,6,True,0.004301445285615967,118083,0.6256687940003758
3: momentum and normalisation,G1,global rms + momentum,7,True,0.007656572608396421,119614,0.5966030929994304
3: momentum and normalisation,G1,global rms + momentum,8,True,0.0030970406056434964,130125,0.6147682330010866
3: momentum and normalisation,G1,global rms + momentum,9,True,0.005935994494150034,130328,0.6344405560012092
3: momentum and normalisation,G1,global rms + momentum,10,True,0.007312456985547144,139840,0.6755825719992572
3: momentum and normalisation,G1,global rms + momentum,11,True,0.005075705437026841,117464,0.6025250990023778
3: momentum and normalisation,G1,global rms + momentum,12,True,0.0047315898141775635,115917,0.5523565740004415
3: momentum and normalisation,G1,global rms + momentum,13,True,0.004043358568479009,142157,0.6936333350022323
3: momentum and normalisation,G1,global rms + momentum,14,True,0.008430832759807294,158344,0.7339038969985268
3: momentum and normalisation,G1,global rms + momentum,15,True,0.006194081211286993,176363,0.7656331379985204
3: momentum and normalisation,G1,global rms + momentum,16,True,0.0056779077770130765,140906,0.6778427110002667
3: momentum and normalisation,G1,global rms + momentum,17,True,0.005763936682725396,116163,0.5483401880010206
3: momentum and normalisation,G1,global rms + momentum,18,True,0.008688919476944253,101362,0.522605783000472
3: momentum and normalisation,G1,global rms + momentum,19,True,0.007570543702684102,145667,0.5590039159978915
4: combinations,burma14,baseline,0,True,0.1357207342762564,346389,0.584602189999714
4: combinations,burma14,baseline,1,True,0.19861570869696057,331918,0.6079990489997726
4: combinations,burma14,baseline,2,True,0.09359012940114354,332836,0.6147887530023581
4: combinations,burma14,baseline,3,True,0.15979536563346375,365344,0.6504648660011298
4: combinations,burma14,baseline,4,True,0.06680710201625037,338660,0.5730019340007857
4: combinations,burma14,baseline,5,True,0.095094793860969,354255,0.6292930689996865
4: combinations,burma14,baseline,6,True,0.019560637977730964,359167,0.6180754429988156
4: combinations,burma14,baseline,7,True,0.08847427023773699,348951,0.6162087270022312
4: combinations,burma14,baseline,8,True,0.10833584110743304,330386,0.6149569549997977
4: combinations,burma14,baseline,9,True,0.1134517002708396,345831,0.5954653990011138
4: combinations,burma14,baseline,10,True,0.10863677399939814,330406,0.5983822429989232
4: combinations,burma14,baseline,11,True,0.18296719831477581,340516,0.6091002930006653
4: combinations,burma14,baseline,12,True,0.08576587421005116,328162,0.6161337730009109
4: combinations,burma14,baseline,13,True,0.1679205537165212,375812,0.6621700830000918
4: combinations,burma14,baseline,14,True,0.06861269936804093,328792,0.5791403430011997
4: combinations,burma14,baseline,15,True,0.13090580800481494,327479,0.6087133639994136
4: combinations,burma14,baseline,16,True,0.08997893469756245,361858,0.619807271999889
4: combinations,burma14,baseline,17,True,0.18417092988263617,335405,0.660232009999163
4: combinations,burma14,baseline,18,True,0.04664459825458923,353559,0.6700246120017255
4: combinations,burma14,baseline,19,True,0.10382184772795666,315424,0.6262729580012092
4: combinations,burma14,Adam,0,True,0.1501655130905808,26241,0.518820309000148
4: combinations,burma14,Adam,1,True,0.13933192897983748,25993,0.5643645689997356
4: combinations,burma14,Adam,2,True,0.0911826662654228,26611,0.562164405000658
4: combinations,burma14,Adam,3,True,0.10532651218778212,26596,0.493754862996866
4: combinations,burma14,Adam,4,True,0.10201625037616611,25922,0.5389943100017263
4: combinations,burma14,Adam,5,True,0.046945531146554316,27137,0.5462399349999032
4: combinations,burma14,Adam,6,True,0.03701474571170629,26148,0.5522535460004292
4: combinations,burma14,Adam,7,True,0.12037315678603672,26293,0.5437334760026715
4: combinations,burma14,Adam,8,True,0.14173939211555822,26960,0.5420717699998931
4: combinations,burma14,Adam,9,True,0.1284983448690942,25996,0.5013296069992066
4: combinations,burma14,Adam,10,True,0.030996087872404453,25445,0.543369459999667
4: combinations,burma14,Adam,11,True,0.017454107733975325,25585,0.5633317850006279
4: combinations,burma14,Adam,12,True,0.08305747818236534,27078,0.38685018199976184
4: combinations,burma14,Adam,13,True,0.03761661149563647,26296,0.3862640810002631
4: combinations,burma14,Adam,14,True,0.02708396027685826,26173,0.4451066219990025
4: combinations,burma14,Adam,15,True,0.1134517002708396,26101,0.4109733179975592
4: combinations,burma14,Adam,16,True,0.17062894974420703,26551,0.4133401409999351
4: combinations,burma14,Adam,17,True,0.08034908215467951,36446,0.4307149520027451
4: combinations,burma14,Adam,18,True,0.06831176647607584,26386,0.422558726000716
4: combinations,burma14,Adam,19,True,0.1977129100210653,26081,0.42196575200068764
4: combinations,burma14,geometric ramp + Adam,0,True,0.10021065302437557,40001,0.41100831399671733
4: combinations,burma14,geometric ramp + Adam,1,True,0.03761661149563647,39260,0.3729444889977458
4: combinations,burma14,geometric ramp + Adam,2,True,0.14595245260306952,39573,0.36442442900079186
4: combinations,burma14,geometric ramp + Adam,3,True,0.13782726452001204,39915,0.41694000999996206
4: combinations,burma14,geometric ramp + Adam,4,True,0.2338248570568763,39594,0.36549530499905813
4: combinations,burma14,geometric ramp + Adam,5,True,0.046945531146554316,39713,0.4298312420032744
4: combinations,burma14,geometric ramp + Adam,6,True,0.1760457417995787,39747,0.3536146730002656
4: combinations,burma14,geometric ramp + Adam,7,True,0.1462533854950346,39918,0.36058481199870585
4: combinations,burma14,geometric ramp + Adam,8,True,0.09328919650917845,39618,0.3780170729987731
4: combinations,burma14,geometric ramp + Adam,9,True,0.06710803490821547,39967,0.4064194159982435
4: combinations,burma14,geometric ramp + Adam,10,True,0.07523322299127294,41488,0.4056051599982311
4: combinations,burma14,geometric ramp + Adam,11,True,0.010833584110743304,37630,0.387340798999503
4: combinations,burma14,geometric ramp + Adam,12,True,0.1357207342762564,40465,0.4006781950010918
4: combinations,burma14,geometric ramp + Adam,13,True,0.14143845922359313,41166,0.4318099239972071
4: combinations,burma14,geometric ramp + Adam,14,True,0.029491423412578995,38850,0.42023384400090436
4: combinations,burma14,geometric ramp + Adam,15,True,0.10412278061992175,39109,0.4244850170034624
4: combinations,burma14,geometric ramp + Adam,16,True,0.12217875413782726,40118,0.4243472740017751
4: combinations,burma14,geometric ramp + Adam,17,True,0.07643695455913331,39491,0.46508643999914057
4: combinations,burma14,geometric ramp + Adam,18,True,0.154077640686127,41136,0.4246355750001385
4: combinations,burma14,geometric ramp + Adam,19,True,0.0845621426421908,50758,0.46508909600015613
4: combinations,burma14,in-run ramp + Adam,0,True,0.07523322299127294,24387,0.36569675000282587
4: combinations,burma14,in-run ramp + Adam,1,True,0.006921456515197111,24271,0.36273751499902573
4: combinations,burma14,in-run ramp + Adam,2,True,0.0659043033403551,24947,0.39053836799939745
4: combinations,burma14,in-run ramp + Adam,3,True,0.08245561239843514,24717,0.3866155730029277
4: combinations,burma14,in-run ramp + Adam,4,True,0.049352994282275055,24959,0.4188360819971422
4: combinations,burma14,in-run ramp + Adam,5,True,0.006921456515197111,24140,0.41819547900013276
4: combinations,burma14,in-run ramp + Adam,6,True,0.1318086066807102,24660,0.40465783900071983
4: combinations,burma14,in-run ramp + Adam,7,True,0.017454107733975325,24576,0.41250725899953977
4: combinations,burma14,in-run ramp + Adam,8,True,0.034607282575985554,24841,0.41628834400034975
4: combinations,burma14,in-run ramp + Adam,9,True,0.095094793860969,24849,0.4573271939989354
4: combinations,burma14,in-run ramp + Adam,10,True,0.0659043033403551,24750,0.4018124430003809
4: combinations,burma14,in-run ramp + Adam,11,True,0.1134517002708396,25094,0.4252719600008277
4: combinations,burma14,in-run ramp + Adam,12,True,0.014444778814324405,24969,0.3660470290014928
4: combinations,burma14,in-run ramp + Adam,13,True,0.003912127595546194,24581,0.41779133600357454
4: combinations,burma14,in-run ramp + Adam,14,True,0.014444778814324405,24528,0.3756271560014284
4: combinations,burma14,in-run ramp + Adam,15,True,0.10653024375564249,24560,0.3958187390016974
4: combinations,burma14,in-run ramp + Adam,16,True,0.1318086066807102,24905,0.3886064879989135
4: combinations,burma14,in-run ramp + Adam,17,True,0.08245561239843514,24732,0.43915009899865254
4: combinations,burma14,in-run ramp + Adam,18,True,0.0,24756,0.4510835929977475
4: combinations,burma14,in-run ramp + Adam,19,True,0.010833584110743304,24302,0.43700440999964485
4: combinations,burma14,adaptive + Adam,0,True,0.12157688835389709,34494,0.4324022549990332
4: combinations,burma14,adaptive + Adam,1,True,0.04724646403851941,34164,0.4060930920022656
4: combinations,burma14,adaptive + Adam,2,True,0.10713210953957268,35072,0.3999404059977678
4: combinations,burma14,adaptive + Adam,3,True,0.0550707192296118,33643,0.39618600100220647
4: combinations,burma14,adaptive + Adam,4,True,0.08937706891363226,35484,0.42126806000305805
4: combinations,burma14,adaptive + Adam,5,True,0.07854348480288896,34155,0.4681267999985721
4: combinations,burma14,adaptive + Adam,6,True,0.14805898284682517,34300,0.44795597700067447
4: combinations,burma14,adaptive + Adam,7,True,0.014444778814324405,34069,0.4542074330020114
4: combinations,burma14,adaptive + Adam,8,True,0.044538068010833584,35340,0.3894506699980411
4: combinations,burma14,adaptive + Adam,9,True,0.12669274751730364,35005,0.45147476100100903
4: combinations,burma14,adaptive + Adam,10,True,0.0842612097502257,33534,0.44026824699903955
4: combinations,burma14,adaptive + Adam,11,True,0.15377670779416192,35016,0.4446713910001563
4: combinations,burma14,adaptive + Adam,12,True,0.021366235329521515,34803,0.46341133000169066
4: combinations,burma14,adaptive + Adam,13,True,0.03761661149563647,34269,0.4140592139992805
4: combinations,burma14,adaptive + Adam,14,True,0.03280168522419501,35177,0.445686150000256
4: combinations,burma14,adaptive + Adam,15,True,0.07372855853144748,33816,0.4403721950002364
4: combinations,burma14,adaptive + Adam,16,True,0.039723141739392114,34736,0.404777899999317
4: combinations,burma14,adaptive + Adam,17,True,0.14234125789948843,34735,0.45240880599885713
4: combinations,burma14,adaptive + Adam,18,True,0.053265121877821245,33996,0.37853306900069583
4: combinations,burma14,adaptive + Adam,19,True,0.003912127595546194,32992,0.4202999199987971
4: combinations,burma14,ALM (λ = 0.5) + Adam,0,True,0.15648510382184772,44079,0.44761319199824356
4: combinations,burma14,ALM (λ = 0.5) + Adam,1,True,0.2994282275052663,45666,0.4281127789981838
4: combinations,burma14,ALM (λ = 0.5) + Adam,2,True,0.24736683719530544,46344,0.44633370700103114
4: combinations,burma14,ALM (λ = 0.5) + Adam,3,True,0.15678603671381283,42105,0.4183901100004732
4: combinations,burma14,ALM (λ = 0.5) + Adam,4,True,0.31357207342762566,46056,0.42835152500265394
4: combinations,burma14,ALM (λ = 0.5) + Adam,5,True,0.1609990972013241,44220,0.4405988679973234
4: combinations,burma14,ALM (λ = 0.5) + Adam,6,True,0.27866385795967497,47950,0.4257840890022635
4: combinations,burma14,ALM (λ = 0.5) + Adam,7,True,0.06680710201625037,40356,0.43574052400072105
4: combinations,burma14,ALM (λ = 0.5) + Adam,8,True,0.07463135720734276,43305,0.44617412200022954
4: combinations,burma14,ALM (λ = 0.5) + Adam,9,True,0.10382184772795666,54432,0.42259511500014924
4: combinations,burma14,ALM (λ = 0.5) + Adam,10,True,0.193499849533554,44148,0.39917897100167465
4: combinations,burma14,ALM (λ = 0.5) + Adam,11,True,0.30334035510081253,46825,0.4286353280003823
4: combinations,burma14,ALM (λ = 0.5) + Adam,12,True,0.1793560036111947,41851,0.42020459799823584
4: combinations,burma14,ALM (λ = 0.5) + Adam,13,True,0.1062293108636774,46469,0.417413174000103
4: combinations,burma14,ALM (λ = 0.5) + Adam,14,True,0.25579295817032804,47560,0.4203667680012586
4: combinations,burma14,ALM (λ = 0.5) + Adam,15,True,0.08034908215467951,44779,0.4091917130026559
4: combinations,burma14,ALM (λ = 0.5) + Adam,16,True,0.2569966897381884,45489,0.3961238219999359
4: combinations,burma14,ALM (λ = 0.5) + Adam,17,True,0.25127896479085166,43682,0.4073306770005729
4: combinations,burma14,ALM (λ = 0.5) + Adam,18,True,0.2314173939211556,42484,0.3785732949982048
4: combinations,burma14,ALM (λ = 0.5) + Adam,19,True,0.13421606981643094,46860,0.38878264500090154
4: combinations,burma14,geometric ramp + momentum τ = 10,0,True,0.15979536563346375,1129748,0.7734373100029188
4: combinations,burma14,geometric ramp + momentum τ = 10,1,True,0.06379777309659945,1079110,0.7318441809984506
4: combinations,burma14,geometric ramp + momentum τ = 10,2,True,0.08937706891363226,1084973,0.7267870470022899
4: combinations,burma14,geometric ramp + momentum τ = 10,3,True,0.16731868793259103,1082794,0.7348109900012787
4: combinations,burma14,geometric ramp + momentum τ = 10,4,True,0.1284983448690942,1050822,0.6920838639998692
4: combinations,burma14,geometric ramp + momentum τ = 10,5,True,0.3406560337044839,1139360,0.8196486849992652
4: combinations,burma14,geometric ramp + momentum τ = 10,6,True,0.1760457417995787,1107895,0.7679780580001534
4: combinations,burma14,geometric ramp + momentum τ = 10,7,True,0.15257297622630153,1088774,0.7428842169974814
4: combinations,burma14,geometric ramp + momentum τ = 10,8,True,0.006921456515197111,1019421,0.7617981290022726
4: combinations,burma14,geometric ramp + momentum τ = 10,9,True,0.08847427023773699,1091997,0.8609391559984942
4: combinations,burma14,geometric ramp + momentum τ = 10,10,True,0.14595245260306952,1032982,0.836977767998178
4: combinations,burma14,geometric ramp + momentum τ = 10,11,True,0.23201925970508577,1081758,0.8576576449995628
4: combinations,burma14,geometric ramp + momentum τ = 10,12,True,0.07764068612699368,1054178,0.845727096999326
4: combinations,burma14,geometric ramp + momentum τ = 10,13,True,0.14956364730665062,1126360,0.8820938289973128
4: combinations,burma14,geometric ramp + momentum τ = 10,14,True,0.03761661149563647,1089747,0.8388377119990764
4: combinations,burma14,geometric ramp + momentum τ = 10,15,True,0.13120674089678003,1021785,0.7661492740007816
4: combinations,burma14,geometric ramp + momentum τ = 10,16,True,0.2226903400541679,1082441,0.8484487470013846
4: combinations,burma14,geometric ramp + momentum τ = 10,17,True,0.08245561239843514,1068729,0.8515301059997
4: combinations,burma14,geometric ramp + momentum τ = 10,18,True,0.22299127294613302,1139801,0.8865634399990086
4: combinations,burma14,geometric ramp + momentum τ = 10,19,True,0.23924164911224796,1123339,0.9462501340021845
4: combinations,ulysses16,baseline,0,True,0.10409680711473976,612930,0.6039993659978791
4: combinations,ulysses16,baseline,1,True,0.06006706516984983,549622,0.5388310779999301
4: combinations,ulysses16,baseline,2,True,0.06619040676483452,588881,0.5906026670018036
4: combinations,ulysses16,baseline,3,True,0.13908733051465227,519561,0.5100170080004318
4: combinations,ulysses16,baseline,4,True,0.1363172474121592,562510,0.5999283460005245
4: combinations,ulysses16,baseline,5,True,0.29654468581425864,543256,0.5305490419996204
4: combinations,ulysses16,baseline,6,True,0.17218253389706956,533152,0.5581512759999896
4: combinations,ulysses16,baseline,7,True,0.1112407056422219,564449,0.5545675880021008
4: combinations,ulysses16,baseline,8,True,0.11255285026971862,557264,0.5442198450000433
4: combinations,ulysses16,baseline,9,True,0.07406327452981484,527458,0.5412199319980573
4: combinations,ulysses16,baseline,10,True,0.23706079603440736,546762,0.5764059079992876
4: combinations,ulysses16,baseline,11,True,0.062399766729844,509172,0.5191172569975606
4: combinations,ulysses16,baseline,12,True,0.04986149584487535,524683,0.6426058879987977
4: combinations,ulysses16,baseline,13,True,0.09709870243475725,513012,0.633836330001941
4: combinations,ulysses16,baseline,14,True,0.16183117072459544,543979,0.6607512409973424
4: combinations,ulysses16,baseline,15,True,0.2688438547893279,560447,0.6570019870014221
4: combinations,ulysses16,baseline,16,True,0.11838460416970403,516520,0.6380962910006929
4: combinations,ulysses16,baseline,17,True,0.11896777955970259,542413,0.6870838100003311
4: combinations,ulysses16,baseline,18,True,0.17334888467706663,552452,0.6627901979991293
4: combinations,ulysses16,baseline,19,True,0.09287068085726782,536912,0.6802238420023059
4: combinations,ulysses16,Adam,0,True,0.1005977547747485,30756,0.4433327430015197
4: combinations,ulysses16,Adam,1,True,0.07114739757982214,31542,0.4853527870000107
4: combinations,ulysses16,Adam,2,True,0.07464644991981338,31736,0.4402925829999731
4: combinations,ulysses16,Adam,3,True,0.11605190260970986,31980,0.46434813999803737
4: combinations,ulysses16,Adam,4,True,0.048549351217378627,31707,0.4480084770002577
4: combinations,ulysses16,Adam,5,True,0.06793993293483015,31749,0.5013355880000745
4: combinations,ulysses16,Adam,6,True,0.09287068085726782,31842,0.4612428669970541
4: combinations,ulysses16,Adam,7,True,0.02988773873742528,30594,0.4454812080002739
4: combinations,ulysses16,Adam,8,True,0.18209651552704476,31534,0.4808678769986727
4: combinations,ulysses16,Adam,9,True,0.09680711473975798,30999,0.4750527249998413
4: combinations,ulysses16,Adam,10,True,0.13515089663216212,32532,0.527185234001081
4: combinations,ulysses16,Adam,11,True,0.12363318267969092,32059,0.5105366210009379
4: combinations,ulysses16,Adam,12,True,0.17101618311707245,32006,0.5389526299986755
4: combinations,ulysses16,Adam,13,True,0.15672838606210818,31031,0.505574066999543
4: combinations,ulysses16,Adam,14,True,0.06589881906983525,31140,0.4509387769976456
4: combinations,ulysses16,Adam,15,True,0.09359965009476601,30494,0.4606704420002643
4: combinations,ulysses16,Adam,16,True,0.14550225980463624,31578,0.5282319839971024
4: combinations,ulysses16,Adam,17,True,0.09039218544977402,31119,0.5638419799979602
4: combinations,ulysses16,Adam,18,True,0.1334013704621665,31528,0.5131236030028958
4: combinations,ulysses16,Adam,19,True,0.04388394809739029,31006,0.5102232220015139
4: combinations,ulysses16,geometric ramp + Adam,0,True,0.09943140399475142,40095,0.49562582799990196
4: combinations,ulysses16,geometric ramp + Adam,1,True,0.22845895903192887,41227,0.5634175499981211
4: combinations,ulysses16,geometric ramp + Adam,2,True,0.11853039801720368,42500,0.46966659299869207
4: combinations,ulysses16,geometric ramp + Adam,3,True,0.1268406473246829,40587,0.5624788549976074
4: combinations,ulysses16,geometric ramp + Adam,4,True,0.15410409680711473,40619,0.5412198220001301
4: combinations,ulysses16,geometric ramp + Adam,5,True,0.12756961656218108,40040,0.5468177390030178
4: combinations,ulysses16,geometric ramp + Adam,6,True,0.10322204402974194,40480,0.5199027779999597
4: combinations,ulysses16,geometric ramp + Adam,7,True,0.017349467852456626,39106,0.5131078539998271
4: combinations,ulysses16,geometric ramp + Adam,8,True,0.24857850998687855,41249,0.48537419899730594
4: combinations,ulysses16,geometric ramp + Adam,9,True,0.14564805365213587,39582,0.5005763580011262
4: combinations,ulysses16,geometric ramp + Adam,10,True,0.11080332409972299,41067,0.48252675799813005
4: combinations,ulysses16,geometric ramp + Adam,11,True,0.10570053943723574,41069,0.5065511549983057
4: combinations,ulysses16,geometric ramp + Adam,12,True,0.25295232541186763,40231,0.5186449039974832
4: combinations,ulysses16,geometric ramp + Adam,13,True,0.017641055547455896,39507,0.5740350980013318
4: combinations,ulysses16,geometric ramp + Adam,14,True,0.04811196967487972,39890,0.49249791100010043
4: combinations,ulysses16,geometric ramp + Adam,15,True,0.027846624872430382,39943,0.5367022589998669
4: combinations,ulysses16,geometric ramp + Adam,16,True,0.16183117072459544,40235,0.4645978370026569
4: combinations,ulysses16,geometric ramp + Adam,17,True,0.16037323224959907,40533,0.54685784600224
4: combinations,ulysses16,geometric ramp + Adam,18,True,0.16358069689459104,40558,0.5045074189984007
4: combinations,ulysses16,geometric ramp + Adam,19,True,0.10817903484472956,41114,0.5214728380015003
4: combinations,ulysses16,in-run ramp + Adam,0,True,0.046362443504884096,27654,0.504401066002174
4: combinations,ulysses16,in-run ramp + Adam,1,True,0.159206881469602,28969,0.529809108000336
4: combinations,ulysses16,in-run ramp + Adam,2,True,0.031783058754920546,27836,0.5196638820016233
4: combinations,ulysses16,in-run ramp + Adam,3,True,0.03163726490742091,28127,0.4962410230000387
4: combinations,ulysses16,in-run ramp + Adam,4,True,0.03294940953491762,27844,0.5171687440015376
4: combinations,ulysses16,in-run ramp + Adam,5,True,0.08149876075229626,29174,0.5285545910010114
4: combinations,ulysses16,in-run ramp + Adam,6,True,0.1313602565971716,29058,0.46690630900047836
4: combinations,ulysses16,in-run ramp + Adam,7,True,0.08106137920979735,27913,0.5490640210009587
4: combinations,ulysses16,in-run ramp + Adam,8,True,0.024784954074938036,28415,0.57347942600245
4: combinations,ulysses16,in-run ramp + Adam,9,True,0.09345385624726636,29282,0.5277790489999461
4: combinations,ulysses16,in-run ramp + Adam,10,True,0.07100160373232249,29141,0.5595907269998861
4: combinations,ulysses16,in-run ramp + Adam,11,True,0.07100160373232249,28301,0.5454747020012292
4: combinations,ulysses16,in-run ramp + Adam,12,True,0.05029887738737425,27900,0.5376859799980593
4: combinations,ulysses16,in-run ramp + Adam,13,True,0.15250036448461876,28859,0.5667237269990437
4: combinations,ulysses16,in-run ramp + Adam,14,True,0.04796617582738009,28531,0.5707025800002157
4: combinations,ulysses16,in-run ramp + Adam,15,True,0.029012975652427466,28474,0.5360900300001958
4: combinations,ulysses16,in-run ramp + Adam,16,True,0.09374544394226564,29131,0.49553440300223883
4: combinations,ulysses16,in-run ramp + Adam,17,True,0.016328910919959177,28538,0.49607426399961696
4: combinations,ulysses16,in-run ramp + Adam,18,True,0.25032803615687416,29747,0.5213091760015232
4: combinations,ulysses16,in-run ramp + Adam,19,True,0.042571803469893574,28285,0.5575996320003469
4: combinations,ulysses16,adaptive + Adam,0,True,0.2396850852894008,36237,0.525382850002643
4: combinations,ulysses16,adaptive + Adam,1,True,0.06385770520484035,36330,0.5393742759988527
4: combinations,ulysses16,adaptive + Adam,2,True,0.2134421927394664,36169,0.44173226400016574
4: combinations,ulysses16,adaptive + Adam,3,True,0.12377897652719055,36728,0.5313816130001214
4: combinations,ulysses16,adaptive + Adam,4,True,0.09272488700976819,36426,0.5377192529995227
4: combinations,ulysses16,adaptive + Adam,5,True,0.2417261991543957,36327,0.4936338010011241
4: combinations,ulysses16,adaptive + Adam,6,True,0.19478058025951306,35544,0.5281580730006681
4: combinations,ulysses16,adaptive + Adam,7,True,0.1654760169120863,35855,0.5393965179973748
4: combinations,ulysses16,adaptive + Adam,8,True,0.10453418865723867,36419,0.4982347529985418
4: combinations,ulysses16,adaptive + Adam,9,True,0.13354716430966612,37139,0.5489108789988677
4: combinations,ulysses16,adaptive + Adam,10,True,0.08922583466977693,37445,0.5776625789985701
4: combinations,ulysses16,adaptive + Adam,11,True,0.11925936725470185,36873,0.55053326900088
4: combinations,ulysses16,adaptive + Adam,12,True,0.28561014725178596,37205,0.5174042639991967
4: combinations,ulysses16,adaptive + Adam,13,True,0.1650386353695874,37965,0.5442198439995991
4: combinations,ulysses16,adaptive + Adam,14,True,0.15949846916460125,37042,0.6028009559995553
4: combinations,ulysses16,adaptive + Adam,15,True,0.05394372357486514,35353,0.48738423900067573
4: combinations,ulysses16,adaptive + Adam,16,True,0.06546143752733635,37693,0.5669253619998926
4: combinations,ulysses16,adaptive + Adam,17,True,0.16853768770957867,36461,0.5581643920013448
4: combinations,ulysses16,adaptive + Adam,18,True,0.13413033969966467,37533,0.5591423799996846
4: combinations,ulysses16,adaptive + Adam,19,True,0.1605190260970987,36559,0.4902530110011867
4: combinations,ulysses16,ALM (λ = 0.5) + Adam,0,True,0.2764251348593089,44604,0.5053542679997918
4: combinations,ulysses16,ALM (λ = 0.5) + Adam,1,True,0.32409972299168976,43690,0.48849432000133675
4: combinations,ulysses16,ALM (λ = 0.5) + Adam,2,True,0.3157894736842105,42608,0.5199808469988056
4: combinations,ulysses16,ALM (λ = 0.5) + Adam,3,True,0.2306458667444234,42588,0.5006161540004541
4: combinations,ulysses16,ALM (λ = 0.5) + Adam,4,True,0.12377897652719055,40862,0.5378382510025403
4: combinations,ulysses16,ALM (λ = 0.5) + Adam,5,True,0.19507216795451232,44595,0.4423773769995023
4: combinations,ulysses16,ALM (λ = 0.5) + Adam,6,True,0.2649074209068377,44819,0.5169185350023326
4: combinations,ulysses16,ALM (λ = 0.5) + Adam,7,True,0.32657821839918355,45601,0.4857865560006758
4: combinations,ulysses16,ALM (λ = 0.5) + Adam,8,True,0.22481411284443797,42493,0.4680639409998548
4: combinations,ulysses16,ALM (λ = 0.5) + Adam,9,True,0.2847353841667882,43758,0.48366150600122637
4: combinations,ulysses16,ALM (λ = 0.5) + Adam,10,True,0.11211546872721971,44950,0.47252041599858785
4: combinations,ulysses16,ALM (λ = 0.5) + Adam,11,True,0.16474704767458814,44337,0.4842105050011014
4: combinations,ulysses16,ALM (λ = 0.5) + Adam,12,True,0.24726636535938185,44560,0.4798253150001983
4: combinations,ulysses16,ALM (λ = 0.5) + Adam,13,True,0.32701559994168244,45558,0.484647560002486
4: combinations,ulysses16,ALM (λ = 0.5) + Adam,14,True,0.12917334888467707,43510,0.4598928870000236
4: combinations,ulysses16,ALM (λ = 0.5) + Adam,15,True,0.1261116780871847,43171,0.44488438699772814
4: combinations,ulysses16,ALM (λ = 0.5) + Adam,16,True,0.11940516110220149,45410,0.457140006001282
4: combinations,ulysses16,ALM (λ = 0.5) + Adam,17,True,0.29712786120425716,43301,0.4527437849974376
4: combinations,ulysses16,ALM (λ = 0.5) + Adam,18,True,0.19055255868202362,42453,0.4526981680028257
4: combinations,ulysses16,ALM (λ = 0.5) + Adam,19,True,0.24682898381688292,45431,0.4283085730021412
4: combinations,ulysses16,geometric ramp + momentum τ = 10,0,True,0.0997229916897507,1228702,1.0436114180010918
4: combinations,ulysses16,geometric ramp + momentum τ = 10,1,True,0.14025368129464938,1230080,1.0654524339988711
4: combinations,ulysses16,geometric ramp + momentum τ = 10,2,True,0.05044467123487389,1231061,1.078151751000405
4: combinations,ulysses16,geometric ramp + momentum τ = 10,3,True,0.022014870972444964,1223327,1.0592631270010315
4: combinations,ulysses16,geometric ramp + momentum τ = 10,4,True,0.12902755503717744,1254651,1.159648772001674
4: combinations,ulysses16,geometric ramp + momentum τ = 10,5,True,0.07479224376731301,1199617,1.084214084999985
4: combinations,ulysses16,geometric ramp + momentum τ = 10,6,True,0.14564805365213587,1237075,1.1040167760002078
4: combinations,ulysses16,geometric ramp + momentum τ = 10,7,True,0.2421635806968946,1242775,1.1387828990009439
4: combinations,ulysses16,geometric ramp + momentum τ = 10,8,True,0.18428342323953928,1216000,1.0844001610021223
4: combinations,ulysses16,geometric ramp + momentum τ = 10,9,True,0.08558098848228604,1228795,1.1342250699999568
4: combinations,ulysses16,geometric ramp + momentum τ = 10,10,True,0.2937746027117656,1245944,1.1380056339985458
4: combinations,ulysses16,geometric ramp + momentum τ = 10,11,True,0.22933372211692665,1261653,1.1226164569998218
4: combinations,ulysses16,geometric ramp + momentum τ = 10,12,True,0.12742382271468145,1230051,1.1620719610000378
4: combinations,ulysses16,geometric ramp + momentum τ = 10,13,True,0.040239101909899405,1194931,1.1047169140001643
4: combinations,ulysses16,geometric ramp + momentum τ = 10,14,True,0.2270010205569325,1225818,1.1186633329998585
4: combinations,ulysses16,geometric ramp + momentum τ = 10,15,True,0.10817903484472956,1261842,1.2217151019976882
4: combinations,ulysses16,geometric ramp + momentum τ = 10,16,True,0.15672838606210818,1203569,1.1672289260022808
4: combinations,ulysses16,geometric ramp + momentum τ = 10,17,True,0.10380521941974048,1218595,1.2224811660016712
4: combinations,ulysses16,geometric ramp + momentum τ = 10,18,True,0.15410409680711473,1165039,1.090248677002819
4: combinations,ulysses16,geometric ramp + momentum τ = 10,19,True,0.09870243475725324,1256464,1.2145884940000542
4: combinations,ulysses22,baseline,0,True,0.4848139170112648,876931,1.5494883959981962
4: combinations,ulysses22,baseline,1,True,0.4136603450734351,897590,1.7054101009998703
4: combinations,ulysses22,baseline,2,True,0.4793954085270212,804159,1.537426876999234
4: combinations,ulysses22,baseline,3,True,0.2388421502923143,877512,1.6154824110017216
4: combinations,ulysses22,baseline,4,True,0.3440752887494653,800125,1.52177215300253
4: combinations,ulysses22,baseline,5,True,0.20319406815913305,842562,1.59323735399812
4: combinations,ulysses22,baseline,6,True,0.43262512476828746,841813,1.5756756859991583
4: combinations,ulysses22,baseline,7,True,0.420932553828604,904125,1.6912015410016465
4: combinations,ulysses22,baseline,8,True,0.27320690146870097,858331,1.6175237220013514
4: combinations,ulysses22,baseline,9,True,0.41465849137316413,859662,1.646729010000854
4: combinations,ulysses22,baseline,10,True,0.3962640809924426,885488,1.631353108001349
4: combinations,ulysses22,baseline,11,True,0.4317695707970911,858149,1.6129900989981252
4: combinations,ulysses22,baseline,12,True,0.18080707257949521,820910,1.5735664659987378
4: combinations,ulysses22,baseline,13,True,0.28604021103664623,888868,1.7971791999989364
4: combinations,ulysses22,baseline,14,True,0.32682161699700557,858794,1.6869242770007986
4: combinations,ulysses22,baseline,15,True,0.2572365606730358,808573,1.6644018699989829
4: combinations,ulysses22,baseline,16,True,0.28718094966490804,882526,1.6695322830018995
4: combinations,ulysses22,baseline,17,True,0.46100099814629975,889562,1.7340304819990706
4: combinations,ulysses22,baseline,18,True,0.479538000855554,943668,1.8459510279972164
4: combinations,ulysses22,baseline,19,True,0.45258805076286895,828742,1.6809295419989212
4: combinations,ulysses22,Adam,0,True,0.3236845857692856,37849,0.7751546709987451
4: combinations,ulysses22,Adam,1,True,0.3664622843291031,38108,0.9376583060002304
4: combinations,ulysses22,Adam,2,True,0.432339940111222,37502,0.8239635700010695
4: combinations,ulysses22,Adam,3,True,0.1582774846713247,37173,0.8337775420004618
4: combinations,ulysses22,Adam,4,True,0.4552973050049907,37397,0.8797548900001857
4: combinations,ulysses22,Adam,5,True,0.39754741194923715,37488,0.8264856989990221
4: combinations,ulysses22,Adam,6,True,0.5354341936403821,38960,0.9635231710017251
4: combinations,ulysses22,Adam,7,True,0.4746898616854413,39148,0.9108023480002885
4: combinations,ulysses22,Adam,8,True,0.26850135462712105,37551,0.8637685510002484
4: combinations,ulysses22,Adam,9,True,0.5395693711678312,37873,0.8569726650021039
4: combinations,ulysses22,Adam,10,True,0.3985455582489662,37577,0.9653589079971425
4: combinations,ulysses22,Adam,11,True,0.33780122629402537,37330,0.966110244000447
4: combinations,ulysses22,Adam,12,True,0.20618850705832026,37699,1.0116258580019348
4: combinations,ulysses22,Adam,13,True,0.30386425210323686,37853,1.0168516440025996
4: combinations,ulysses22,Adam,14,True,0.4483102809068872,37031,1.1166024259982805
4: combinations,ulysses22,Adam,15,True,0.44731213460715813,37701,1.0067419249971863
4: combinations,ulysses22,Adam,16,True,0.3895622415514045,37532,1.1026416570020956
4: combinations,ulysses22,Adam,17,True,0.2692143162697847,37883,1.0319165519977105
4: combinations,ulysses22,Adam,18,True,0.33295308712391275,38086,1.0743242369971995
4: combinations,ulysses22,Adam,19,True,0.35876229858833597,38205,1.098028993998014
4: combinations,ulysses22,geometric ramp + Adam,0,True,0.18337373449308428,47554,1.1620424860011553
4: combinations,ulysses22,geometric ramp + Adam,1,True,0.4299158705261657,46600,1.0623515780025627
4: combinations,ulysses22,geometric ramp + Adam,2,True,0.294453158420077,45441,1.144295433001389
4: combinations,ulysses22,geometric ramp + Adam,3,True,0.31541423071438757,44808,1.1093830089994299
4: combinations,ulysses22,geometric ramp + Adam,4,True,0.38842150292314276,46176,1.1144313470031193
4: combinations,ulysses22,geometric ramp + Adam,5,True,0.4123770141166405,46795,1.201490666000609
4: combinations,ulysses22,geometric ramp + Adam,6,True,0.31313275345786395,45028,1.0848065169993788
4: combinations,ulysses22,geometric ramp + Adam,7,True,0.2826179951518608,47386,1.2323888290011382
4: combinations,ulysses22,geometric ramp + Adam,8,True,0.19036075859118778,45422,1.2149754929996561
4: combinations,ulysses22,geometric ramp + Adam,9,True,0.3281049479538001,45566,1.2182830940000713
4: combinations,ulysses22,geometric ramp + Adam,10,True,0.3714530158277485,45908,1.190018463999877
4: combinations,ulysses22,geometric ramp + Adam,11,True,0.1795237416227007,46966,1.12384786000257
4: combinations,ulysses22,geometric ramp + Adam,12,True,0.2837587337801226,46035,1.1837598839993007
4: combinations,ulysses22,geometric ramp + Adam,13,True,0.4135177527449023,48744,1.2604173569998238
4: combinations,ulysses22,geometric ramp + Adam,14,True,0.365464138029374,45900,1.2289026670005114
4: combinations,ulysses22,geometric ramp + Adam,15,True,0.20875516897190932,46557,1.2091012790006062
4: combinations,ulysses22,geometric ramp + Adam,16,True,0.1956366747468986,46070,1.2301080389988783
4: combinations,ulysses22,geometric ramp + Adam,17,True,0.3599030372165977,45627,1.3402138380006363
4: combinations,ulysses22,geometric ramp + Adam,18,True,0.34507343504919435,45083,1.2678347299988673
4: combinations,ulysses22,geometric ramp + Adam,19,True,0.19791815200342222,45958,1.1337977130024228
4: combinations,ulysses22,in-run ramp + Adam,0,True,0.24953657493226863,34101,1.2550948370007973
4: combinations,ulysses22,in-run ramp + Adam,1,True,0.3047198060744332,33280,1.2439468939992366
4: combinations,ulysses22,in-run ramp + Adam,2,True,0.1732496791672608,32997,1.3037400909997814
4: combinations,ulysses22,in-run ramp + Adam,3,True,0.22101810922572365,32837,1.323322730997461
4: combinations,ulysses22,in-run ramp + Adam,4,True,0.1269071723941252,31994,1.167935686000419
4: combinations,ulysses22,in-run ramp + Adam,5,True,0.2951661200627406,32336,1.2092833970018546
4: combinations,ulysses22,in-run ramp + Adam,6,True,0.10594610009981463,32667,1.2400565200005076
4: combinations,ulysses22,in-run ramp + Adam,7,True,0.1504349066020248,32555,1.2985010800002783
4: combinations,ulysses22,in-run ramp + Adam,8,True,0.23984029659204334,33165,1.2235631840012502
4: combinations,ulysses22,in-run ramp + Adam,9,True,0.22344217881078,32912,1.3838133509998443
4: combinations,ulysses22,in-run ramp + Adam,10,True,0.1137886781691145,32700,1.292123724000703
4: combinations,ulysses22,in-run ramp + Adam,11,True,0.43989733352345645,34266,1.258205910999095
4: combinations,ulysses22,in-run ramp + Adam,12,True,0.27990874090973905,32591,1.2133823590011161
4: combinations,ulysses22,in-run ramp + Adam,13,True,0.2620846998431484,32598,1.2294340619992
4: combinations,ulysses22,in-run ramp + Adam,14,True,0.25024953657493226,32311,1.278752001999237
4: combinations,ulysses22,in-run ramp + Adam,15,True,0.3339512334236418,33394,1.231164749002346
4: combinations,ulysses22,in-run ramp + Adam,16,True,0.21702552402680736,33753,1.2690920130007726
4: combinations,ulysses22,in-run ramp + Adam,17,True,0.15300156851561386,32547,1.270196864999889
4: combinations,ulysses22,in-run ramp + Adam,18,True,0.2074718380151148,32694,1.3673107269969478
4: combinations,ulysses22,in-run ramp + Adam,19,True,0.36147155283045773,32409,1.2767742830001225
4: combinations,ulysses22,adaptive + Adam,0,True,0.4517324967916726,41635,1.332810490999691
4: combinations,ulysses22,adaptive + Adam,1,True,0.2961642663624697,41481,1.262104270997952
4: combinations,ulysses22,adaptive + Adam,2,True,0.26236988450021387,41601,1.2903880769990792
4: combinations,ulysses22,adaptive + Adam,3,True,0.2619421075146157,41088,1.2444624390009267
4: combinations,ulysses22,adaptive + Adam,4,True,0.2801939255668045,41975,1.3517365059997246
4: combinations,ulysses22,adaptive + Adam,5,True,0.40567517467560243,42789,1.3513926390005508
4: combinations,ulysses22,adaptive + Adam,6,True,0.21517182375588192,42129,1.2482477929988818
4: combinations,ulysses22,adaptive + Adam,7,True,0.26422358477113933,41421,1.2315001899987692
4: combinations,ulysses22,adaptive + Adam,8,True,0.3225438471410238,39803,1.16290154699891
4: combinations,ulysses22,adaptive + Adam,9,True,0.22101810922572365,41479,1.2898365129985905
4: combinations,ulysses22,adaptive + Adam,10,True,0.31070868387280764,42139,1.2109634869993897
4: combinations,ulysses22,adaptive + Adam,11,True,0.27192357051190646,41251,1.2475639149997733
4: combinations,ulysses22,adaptive + Adam,12,True,0.13788678169114502,40661,1.3043530819995794
4: combinations,ulysses22,adaptive + Adam,13,True,0.5318693854270641,41678,1.1662902019998
4: combinations,ulysses22,adaptive + Adam,14,True,0.365464138029374,43313,1.143414299000142
4: combinations,ulysses22,adaptive + Adam,15,True,0.19421075146157138,41830,1.2787654979983927
4: combinations,ulysses22,adaptive + Adam,16,True,0.3417938114929417,41588,1.238473375000467
4: combinations,ulysses22,adaptive + Adam,17,True,0.3109938685298731,41755,1.2186461179990147
4: combinations,ulysses22,adaptive + Adam,18,True,0.3067160986738913,41193,1.1603268870021566
4: combinations,ulysses22,adaptive + Adam,19,True,0.22059033224012548,39928,1.186983665000298
4: combinations,ulysses22,ALM (λ = 0.5) + Adam,0,True,0.6486525024953658,49428,1.2858823770002346
4: combinations,ulysses22,ALM (λ = 0.5) + Adam,1,True,0.3962640809924426,47467,1.214554007998231
4: combinations,ulysses22,ALM (λ = 0.5) + Adam,2,True,0.46285469841722515,48851,1.2154689970011532
4: combinations,ulysses22,ALM (λ = 0.5) + Adam,3,True,0.3791530015685156,46787,1.1831662399999914
4: combinations,ulysses22,ALM (λ = 0.5) + Adam,4,True,0.47126764580065594,47817,1.2072607209993294
4: combinations,ulysses22,ALM (λ = 0.5) + Adam,5,True,0.47255097675745045,47556,1.1631606219998503
4: combinations,ulysses22,ALM (λ = 0.5) + Adam,6,True,0.3492086125766434,48160,1.1044491119973827
4: combinations,ulysses22,ALM (λ = 0.5) + Adam,7,True,0.5107657208042208,48916,1.126972610996745
4: combinations,ulysses22,ALM (λ = 0.5) + Adam,8,True,0.3683159846000285,58209,1.2105906249998952
4: combinations,ulysses22,ALM (λ = 0.5) + Adam,9,True,0.3195494082418366,46951,1.190815786998428
4: combinations,ulysses22,ALM (λ = 0.5) + Adam,10,True,0.46841579923000143,47453,1.1168280860001687
4: combinations,ulysses22,ALM (λ = 0.5) + Adam,11,True,0.49907314986453727,49053,1.0981618380028522
4: combinations,ulysses22,ALM (λ = 0.5) + Adam,12,True,0.42720661628404394,47118,1.0431493859978218
4: combinations,ulysses22,ALM (λ = 0.5) + Adam,13,True,0.5134749750463425,48590,1.0799572010000702
4: combinations,ulysses22,ALM (λ = 0.5) + Adam,14,True,0.48353058605447025,45990,1.0185941330018977
4: combinations,ulysses22,ALM (λ = 0.5) + Adam,15,True,0.38742335662341365,48522,1.0456187140007387
4: combinations,ulysses22,ALM (λ = 0.5) + Adam,16,True,0.5163268216169971,46917,0.9394809890000033
4: combinations,ulysses22,ALM (λ = 0.5) + Adam,17,True,0.4015399971481534,46810,0.890890237998974
4: combinations,ulysses22,ALM (λ = 0.5) + Adam,18,True,0.43504919435334377,46492,0.8708005990010861
4: combinations,ulysses22,ALM (λ = 0.5) + Adam,19,True,0.2964494510195351,47567,0.8682408980021137
4: combinations,ulysses22,geometric ramp + momentum τ = 10,0,True,0.24497362041922144,1491104,2.51669971299998
4: combinations,ulysses22,geometric ramp + momentum τ = 10,1,True,0.3476400969627834,1518358,2.6478761750004196
4: combinations,ulysses22,geometric ramp + momentum τ = 10,2,True,0.27634393269642094,1505887,2.593436487000872
4: combinations,ulysses22,geometric ramp + momentum τ = 10,3,True,0.3580493369456723,1434853,2.5252605809982924
4: combinations,ulysses22,geometric ramp + momentum τ = 10,4,True,0.248823613289605,1454419,2.562573250997957
4: combinations,ulysses22,geometric ramp + momentum τ = 10,5,True,0.3738770854128048,1511260,2.634874650000711
4: combinations,ulysses22,geometric ramp + momentum τ = 10,6,True,0.517895337230857,1463160,2.5348193870013347
4: combinations,ulysses22,geometric ramp + momentum τ = 10,7,True,0.35833452160273777,1495301,2.56036389899964
4: combinations,ulysses22,geometric ramp + momentum τ = 10,8,True,0.3169827463282475,1461073,2.5936131449998356
4: combinations,ulysses22,geometric ramp + momentum τ = 10,9,True,0.3721659774704121,1473693,2.5235691889974987
4: combinations,ulysses22,geometric ramp + momentum τ = 10,10,True,0.15913303864252104,1480540,2.481581465999625
4: combinations,ulysses22,geometric ramp + momentum τ = 10,11,True,0.32225866248395835,1492481,2.620040262998373
4: combinations,ulysses22,geometric ramp + momentum τ = 10,12,True,0.2880365036361044,1427726,2.5429394929997216
4: combinations,ulysses22,geometric ramp + momentum τ = 10,13,True,0.372736346784543,1474248,2.608281925000483
4: combinations,ulysses22,geometric ramp + momentum τ = 10,14,True,0.3273919863111365,1498989,2.5802223770006094
4: combinations,ulysses22,geometric ramp + momentum τ = 10,15,True,0.4782546698987594,1481565,2.6331167710013688
4: combinations,ulysses22,geometric ramp + momentum τ = 10,16,True,0.28276058748039357,1470465,2.5621552119991975
4: combinations,ulysses22,geometric ramp + momentum τ = 10,17,True,0.5257379153001569,1454495,2.608189508999203
4: combinations,ulysses22,geometric ramp + momentum τ = 10,18,True,0.4783972622272922,1476621,2.615675042001385
4: combinations,ulysses22,geometric ramp + momentum τ = 10,19,True,0.2121773848566947,1465463,2.543159102999198
4: combinations,bayg29,baseline,0,True,0.7459627329192546,841393,2.96881238199785
4: combinations,bayg29,baseline,1,True,0.5881987577639751,848872,2.9679171120005776
4: combinations,bayg29,baseline,2,True,0.5782608695652174,835230,2.884800326999539
4: combinations,bayg29,baseline,3,True,0.7490683229813665,837703,2.9491673839984287
4: combinations,bayg29,baseline,4,True,0.8490683229813665,853930,2.947885954999947
4: combinations,bayg29,baseline,5,True,0.5577639751552795,830484,2.858986458999425
4: combinations,bayg29,baseline,6,True,0.7968944099378882,800298,2.769951684997068
4: combinations,bayg29,baseline,7,True,0.6372670807453417,868613,2.960892999002681
4: combinations,bayg29,baseline,8,True,0.724223602484472,898804,3.0514088540003286
4: combinations,bayg29,baseline,9,True,0.8167701863354038,780097,2.6896277159976307
4: combinations,bayg29,baseline,10,True,0.6049689440993788,834891,2.823225503998401
4: combinations,bayg29,baseline,11,True,0.7906832298136646,845952,2.8712421679992985
4: combinations,bayg29,baseline,12,True,0.6614906832298136,798325,2.8581142429975444
4: combinations,bayg29,baseline,13,True,0.36770186335403726,835400,2.945550803000515
4: combinations,bayg29,baseline,14,True,0.815527950310559,866238,2.9045609969980433
4: combinations,bayg29,baseline,15,True,0.7478260869565218,866611,2.9922962870004994
4: combinations,bayg29,baseline,16,True,0.6503105590062112,820834,2.778758264001226
4: combinations,bayg29,baseline,17,True,0.6577639751552795,811952,2.8137368539973977
4: combinations,bayg29,baseline,18,True,0.6509316770186335,873049,2.992565051001293
4: combinations,bayg29,baseline,19,True,0.7950310559006211,832688,2.9014216469986422
4: combinations,bayg29,Adam,0,True,0.7291925465838509,37675,0.5622123870016367
4: combinations,bayg29,Adam,1,True,0.6372670807453417,37747,0.5405598309989728
4: combinations,bayg29,Adam,2,True,0.5906832298136646,38242,0.5939759229986521
4: combinations,bayg29,Adam,3,True,0.7062111801242236,37898,0.5786134360023425
4: combinations,bayg29,Adam,4,True,0.7683229813664596,38206,0.5465636640001321
4: combinations,bayg29,Adam,5,True,0.9161490683229814,38205,0.580603559003066
4: combinations,bayg29,Adam,6,True,0.6627329192546584,38121,0.6231339299993124
4: combinations,bayg29,Adam,7,True,0.5770186335403726,38276,0.6142829170021287
4: combinations,bayg29,Adam,8,True,0.7900621118012422,37575,0.6364923260007345
4: combinations,bayg29,Adam,9,True,0.6925465838509317,37982,0.6730274299989105
4: combinations,bayg29,Adam,10,True,0.7440993788819876,38141,0.6394964159990195
4: combinations,bayg29,Adam,11,True,0.6739130434782609,37852,0.6510744509978394
4: combinations,bayg29,Adam,12,True,0.5813664596273292,38054,0.80406465499982
4: combinations,bayg29,Adam,13,True,0.6322981366459627,38001,0.8421343619993422
4: combinations,bayg29,Adam,14,True,0.7111801242236024,37530,0.8630685030002496
4: combinations,bayg29,Adam,15,True,0.8478260869565217,38527,0.8602371130000392
4: combinations,bayg29,Adam,16,True,0.6937888198757765,38334,0.900327801999083
4: combinations,bayg29,Adam,17,True,0.622360248447205,37773,0.9134918970012222
4: combinations,bayg29,Adam,18,True,0.7347826086956522,37721,0.8883956909994595
4: combinations,bayg29,Adam,19,True,0.6546583850931676,38365,0.9201527750010428
4: combinations,bayg29,geometric ramp + Adam,0,True,0.6012422360248447,54445,0.9237497680005617
4: combinations,bayg29,geometric ramp + Adam,1,True,0.7652173913043478,55247,0.9481623570027296
4: combinations,bayg29,geometric ramp + Adam,2,True,0.7440993788819876,54527,0.9508789079991402
4: combinations,bayg29,geometric ramp + Adam,3,True,0.675776397515528,55991,0.9634796570026083
4: combinations,bayg29,geometric ramp + Adam,4,True,0.7012422360248447,54759,0.9989582519992837
4: combinations,bayg29,geometric ramp + Adam,5,True,0.4012422360248447,53999,0.8851410620009119
4: combinations,bayg29,geometric ramp + Adam,6,True,0.5391304347826087,54712,0.981286384001578
4: combinations,bayg29,geometric ramp + Adam,7,True,0.5670807453416149,55544,0.9429786530017736
4: combinations,bayg29,geometric ramp + Adam,8,True,0.6180124223602484,54339,0.9866559040019638
4: combinations,bayg29,geometric ramp + Adam,9,True,0.508695652173913,55184,0.9967275600029097
4: combinations,bayg29,geometric ramp + Adam,10,True,0.5180124223602485,55298,1.028345006001473
4: combinations,bayg29,geometric ramp + Adam,11,True,0.5031055900621118,54849,0.9710646710009314
4: combinations,bayg29,geometric ramp + Adam,12,True,0.6118012422360248,55423,0.9338142200031143
4: combinations,bayg29,geometric ramp + Adam,13,True,0.4472049689440994,55535,0.9690702899970347
4: combinations,bayg29,geometric ramp + Adam,14,True,0.5472049689440994,55662,0.9840716250000696
4: combinations,bayg29,geometric ramp + Adam,15,True,0.5093167701863354,55821,1.006295011000475
4: combinations,bayg29,geometric ramp + Adam,16,True,0.5664596273291925,54593,0.9945402200028184
4: combinations,bayg29,geometric ramp + Adam,17,True,0.5149068322981366,54968,1.0369970190004096
4: combinations,bayg29,geometric ramp + Adam,18,True,0.422360248447205,54873,1.008222835000197
4: combinations,bayg29,geometric ramp + Adam,19,True,0.5118012422360249,55098,1.0381073610005842
4: combinations,bayg29,in-run ramp + Adam,0,True,0.41366459627329194,31842,0.9743113949989493
4: combinations,bayg29,in-run ramp + Adam,1,True,0.41739130434782606,31904,0.9530181469999661
4: combinations,bayg29,in-run ramp + Adam,2,True,0.48695652173913045,32150,0.9837690380009008
4: combinations,bayg29,in-run ramp + Adam,3,True,0.5236024844720497,31675,0.9964462620009726
4: combinations,bayg29,in-run ramp + Adam,4,True,0.4472049689440994,31706,0.9692013000021689
4: combinations,bayg29,in-run ramp + Adam,5,True,0.391304347826087,31700,0.9736019590018259
4: combinations,bayg29,in-run ramp + Adam,6,True,0.45527950310559007,31846,0.9477471239988517
4: combinations,bayg29,in-run ramp + Adam,7,True,0.537888198757764,32250,0.9688124770000286
4: combinations,bayg29,in-run ramp + Adam,8,True,0.31614906832298134,31706,0.9509363279976242
4: combinations,bayg29,in-run ramp + Adam,9,True,0.42049689440993787,32237,1.012438771998859
4: combinations,bayg29,in-run ramp + Adam,10,True,0.30496894409937886,31664,0.9641562300021178
4: combinations,bayg29,in-run ramp + Adam,11,True,0.5546583850931677,32508,1.0172079549993214
4: combinations,bayg29,in-run ramp + Adam,12,True,0.45652173913043476,31540,0.9467548080028791
4: combinations,bayg29,in-run ramp + Adam,13,True,0.422360248447205,32088,0.9644313860007969
4: combinations,bayg29,in-run ramp + Adam,14,True,0.47763975155279503,32386,0.9518466780027666
4: combinations,bayg29,in-run ramp + Adam,15,True,0.37577639751552794,32040,0.9579889150008967
4: combinations,bayg29,in-run ramp + Adam,16,True,0.46024844720496894,31574,0.9563291140002548
4: combinations,bayg29,in-run ramp + Adam,17,True,0.4503105590062112,31908,1.021519794001506
4: combinations,bayg29,in-run ramp + Adam,18,True,0.47018633540372673,32273,0.9941958010022063
4: combinations,bayg29,in-run ramp + Adam,19,True,0.4937888198757764,31790,1.106145984998875
4: combinations,bayg29,adaptive + Adam,0,True,0.6366459627329193,48292,1.1421667649992742
4: combinations,bayg29,adaptive + Adam,1,True,0.6875776397515528,46457,1.163418724998337
4: combinations,bayg29,adaptive + Adam,2,True,0.5105590062111801,47647,1.1794066250004107
4: combinations,bayg29,adaptive + Adam,3,True,0.3732919254658385,45805,1.1653004809995764
4: combinations,bayg29,adaptive + Adam,4,True,0.575776397515528,46406,1.157265035999444
4: combinations,bayg29,adaptive + Adam,5,True,0.5161490683229814,48148,1.093541008001921
4: combinations,bayg29,adaptive + Adam,6,True,0.462111801242236,48066,1.125675081002555
4: combinations,bayg29,adaptive + Adam,7,True,0.49751552795031057,47490,1.1389127869988442
4: combinations,bayg29,adaptive + Adam,8,True,0.44782608695652176,45930,1.091257685002347
4: combinations,bayg29,adaptive + Adam,9,True,0.5639751552795031,47556,1.2028174810002383
4: combinations,bayg29,adaptive + Adam,10,True,0.5590062111801242,47270,1.1716137850016821
4: combinations,bayg29,adaptive + Adam,11,True,0.49006211180124226,48119,1.1856107310013613
4: combinations,bayg29,adaptive + Adam,12,True,0.55527950310559,46160,1.137707824997051
4: combinations,bayg29,adaptive + Adam,13,True,0.5,47790,1.1759676039982878
4: combinations,bayg29,adaptive + Adam,14,True,0.4217391304347826,45871,1.1413501950009959
4: combinations,bayg29,adaptive + Adam,15,True,0.4993788819875776,46263,1.155619150998973
4: combinations,bayg29,adaptive + Adam,16,True,0.5813664596273292,46242,1.1614463359983347
4: combinations,bayg29,adaptive + Adam,17,True,0.570807453416149,45251,1.169038993997674
4: combinations,bayg29,adaptive + Adam,18,True,0.5937888198757764,46666,1.143958720000228
4: combinations,bayg29,adaptive + Adam,19,True,0.6695652173913044,45094,1.115464520000387
4: combinations,bayg29,ALM (λ = 0.5) + Adam,0,False,,61995,1.2714796260006551
4: combinations,bayg29,ALM (λ = 0.5) + Adam,1,False,,62762,1.2834202830017603
4: combinations,bayg29,ALM (λ = 0.5) + Adam,2,True,1.1521739130434783,62451,1.2456236179968982
4: combinations,bayg29,ALM (λ = 0.5) + Adam,3,False,,61339,1.2422335900009784
4: combinations,bayg29,ALM (λ = 0.5) + Adam,4,False,,61740,1.2239378900012525
4: combinations,bayg29,ALM (λ = 0.5) + Adam,5,False,,62194,1.244210117001785
4: combinations,bayg29,ALM (λ = 0.5) + Adam,6,True,0.8633540372670807,60801,1.2048769670000183
4: combinations,bayg29,ALM (λ = 0.5) + Adam,7,False,,61848,1.1926832360004482
4: combinations,bayg29,ALM (λ = 0.5) + Adam,8,False,,60910,1.2034894149983302
4: combinations,bayg29,ALM (λ = 0.5) + Adam,9,False,,62502,1.2160633620005683
4: combinations,bayg29,ALM (λ = 0.5) + Adam,10,False,,61707,1.1579698030000145
4: combinations,bayg29,ALM (λ = 0.5) + Adam,11,False,,70254,1.1479916060015967
4: combinations,bayg29,ALM (λ = 0.5) + Adam,12,True,0.6614906832298136,62528,0.8852821910004423
4: combinations,bayg29,ALM (λ = 0.5) + Adam,13,False,,63550,0.8451433519985585
4: combinations,bayg29,ALM (λ = 0.5) + Adam,14,False,,61874,0.8213716860009299
4: combinations,bayg29,ALM (λ = 0.5) + Adam,15,False,,61633,0.7807144459984556
4: combinations,bayg29,ALM (λ = 0.5) + Adam,16,False,,62385,0.8321509839988721
4: combinations,bayg29,ALM (λ = 0.5) + Adam,17,False,,61956,0.7747127270013152
4: combinations,bayg29,ALM (λ = 0.5) + Adam,18,True,0.8900621118012423,62683,0.7720785540004726
4: combinations,bayg29,ALM (λ = 0.5) + Adam,19,False,,63061,0.7963376700026856
4: combinations,bayg29,geometric ramp + momentum τ = 10,0,True,0.5608695652173913,1537652,4.6164966380019905
4: combinations,bayg29,geometric ramp + momentum τ = 10,1,True,0.5496894409937888,1555158,4.650788775001274
4: combinations,bayg29,geometric ramp + momentum τ = 10,2,True,0.5739130434782609,1567498,4.777696228997229
4: combinations,bayg29,geometric ramp + momentum τ = 10,3,True,0.631055900621118,1579601,4.735969825000211
4: combinations,bayg29,geometric ramp + momentum τ = 10,4,True,0.7739130434782608,1570642,4.761120045001007
4: combinations,bayg29,geometric ramp + momentum τ = 10,5,True,0.8173913043478261,1586719,4.735423041001923
4: combinations,bayg29,geometric ramp + momentum τ = 10,6,True,0.5906832298136646,1555271,4.6007073470027535
4: combinations,bayg29,geometric ramp + momentum τ = 10,7,True,0.7571428571428571,1573031,4.81457187399792
4: combinations,bayg29,geometric ramp + momentum τ = 10,8,True,0.6807453416149069,1567010,4.743168070999673
4: combinations,bayg29,geometric ramp + momentum τ = 10,9,True,0.5677018633540373,1556342,4.683629660001316
4: combinations,bayg29,geometric ramp + momentum τ = 10,10,True,0.41490683229813663,1518553,4.525786041998799
4: combinations,bayg29,geometric ramp + momentum τ = 10,11,True,0.6273291925465838,1535151,4.652338405998307
4: combinations,bayg29,geometric ramp + momentum τ = 10,12,True,0.493167701863354,1566579,4.774422393998975
4: combinations,bayg29,geometric ramp + momentum τ = 10,13,True,0.6602484472049689,1540584,4.750419518000854
4: combinations,bayg29,geometric ramp + momentum τ = 10,14,True,0.6124223602484472,1572657,4.725672007996764
4: combinations,bayg29,geometric ramp + momentum τ = 10,15,True,0.632919254658385,1575574,4.783768302000681
4: combinations,bayg29,geometric ramp + momentum τ = 10,16,True,0.631055900621118,1553119,4.790054994999082
4: combinations,bayg29,geometric ramp + momentum τ = 10,17,True,0.5385093167701863,1572082,4.808822077000514
4: combinations,bayg29,geometric ramp + momentum τ = 10,18,True,0.7354037267080745,1583190,4.79176304000066
4: combinations,bayg29,geometric ramp + momentum τ = 10,19,True,0.7739130434782608,1608141,5.000724287001503
4: combinations,jeu_100_25_1,baseline,0,True,0.558034270934368,2000000,0.7910053510022408
4: combinations,jeu_100_25_1,baseline,1,True,0.309569996766893,1990001,0.7406768990003911
4: combinations,jeu_100_25_1,baseline,2,True,0.25493048819915937,2000000,0.7592924509990553
4: combinations,jeu_100_25_1,baseline,3,True,0.3904515572798793,2000000,0.7753215600023395
4: combinations,jeu_100_25_1,baseline,4,True,0.42870999030067897,2000000,0.786080519999814
4: combinations,jeu_100_25_1,baseline,5,True,0.28914753745015626,2000000,0.7529784359976475
4: combinations,jeu_100_25_1,baseline,6,True,0.33468046125660095,2000000,0.7849854980013333
4: combinations,jeu_100_25_1,baseline,7,True,0.3352731975428387,1990001,0.7533275929999945
4: combinations,jeu_100_25_1,baseline,8,True,0.3355965082444229,2000000,0.7780845099987346
4: combinations,jeu_100_25_1,baseline,9,True,0.2929194956353055,2000000,0.7969544280022092
4: combinations,jeu_100_25_1,baseline,10,True,0.32950749003125335,2000000,0.7712893159987289
4: combinations,jeu_100_25_1,baseline,11,True,0.3101088479362,2000000,0.8074463370030571
4: combinations,jeu_100_25_1,baseline,12,True,0.2848367280957,2000000,0.7468785589990148
4: combinations,jeu_100_25_1,baseline,13,True,0.4332902252397888,2000000,0.7632410559999698
4: combinations,jeu_100_25_1,baseline,14,True,0.47488953551029206,2000000,0.7447721950011328
4: combinations,jeu_100_25_1,baseline,15,True,0.44870136868197,2000000,0.7515828190007596
4: combinations,jeu_100_25_1,baseline,16,True,0.30337320831986203,2000000,0.7118227620012476
4: combinations,jeu_100_25_1,baseline,17,True,0.3326328268132342,2000000,0.7197410039989336
4: combinations,jeu_100_25_1,baseline,18,True,0.37665696734561915,2000000,0.7476354360005644
4: combinations,jeu_100_25_1,baseline,19,True,0.24981140209074254,1990001,0.7325086609998834
4: combinations,jeu_100_25_1,Adam,0,True,0.1930164888457808,64472,0.061731972000416135
4: combinations,jeu_100_25_1,Adam,1,True,0.1397779933182455,66155,0.07563221400050679
4: combinations,jeu_100_25_1,Adam,2,True,0.20821209182023925,65427,0.06413500399867189
4: combinations,jeu_100_25_1,Adam,3,True,0.12415130940834142,65916,0.0749316750006983
4: combinations,jeu_100_25_1,Adam,4,True,0.1037288500916047,64981,0.07798596100110444
4: combinations,jeu_100_25_1,Adam,5,True,0.13228796206487767,64573,0.09408983399771387
4: combinations,jeu_100_25_1,Adam,6,True,0.16488845780795344,63226,0.09151240899882396
4: combinations,jeu_100_25_1,Adam,7,True,0.11617631210259727,64518,0.096168605999992
4: combinations,jeu_100_25_1,Adam,8,True,0.09176635413298846,62742,0.07842329699997208
4: combinations,jeu_100_25_1,Adam,9,True,0.10448324172863455,64335,0.06603416199868661
4: combinations,jeu_100_25_1,Adam,10,True,0.09440672486259295,64209,0.06940884200230357
4: combinations,jeu_100_25_1,Adam,11,True,0.08842547688328484,63427,0.0626654959996813
4: combinations,jeu_100_25_1,Adam,12,True,0.15869166936092252,63342,0.06640537299972493
4: combinations,jeu_100_25_1,Adam,13,True,0.15599741351438734,67720,0.06444496599942795
4: combinations,jeu_100_25_1,Adam,14,True,0.2032546610626145,64027,0.06094067999947583
4: combinations,jeu_100_25_1,Adam,15,True,0.14678305851923698,64697,0.0680058209982235
4: combinations,jeu_100_25_1,Adam,16,True,0.11913999353378597,63740,0.07652120200145873
4: combinations,jeu_100_25_1,Adam,17,True,0.1066386464058627,66245,0.07159800400040695
4: combinations,jeu_100_25_1,Adam,18,True,0.10631533570427848,65074,0.0675396799997543
4: combinations,jeu_100_25_1,Adam,19,True,0.2696411251212415,65256,0.09406612800012226
4: combinations,jeu_100_25_1,geometric ramp + Adam,0,True,0.1583683586593383,62917,0.09346542099956423
4: combinations,jeu_100_25_1,geometric ramp + Adam,1,True,0.17081582067033085,62747,0.12151174300015555
4: combinations,jeu_100_25_1,geometric ramp + Adam,2,True,0.14214893846319646,63276,0.08798743199804449
4: combinations,jeu_100_25_1,geometric ramp + Adam,3,True,0.1381614398103244,61738,0.12076254200292169
4: combinations,jeu_100_25_1,geometric ramp + Adam,4,True,0.1957646298092467,60726,0.10802814799899352
4: combinations,jeu_100_25_1,geometric ramp + Adam,5,True,0.20524841038905053,62709,0.1260735809992184
4: combinations,jeu_100_25_1,geometric ramp + Adam,6,True,0.1267377950210152,63942,0.10681413800193695
4: combinations,jeu_100_25_1,geometric ramp + Adam,7,True,0.18207781010884794,62911,0.13888992100328323
4: combinations,jeu_100_25_1,geometric ramp + Adam,8,True,0.1066386464058627,61016,0.11306624499775353
4: combinations,jeu_100_25_1,geometric ramp + Adam,9,True,0.14602866688220714,60891,0.12000745899786125
4: combinations,jeu_100_25_1,geometric ramp + Adam,10,True,0.08028882422674857,60270,0.11882957800116856
4: combinations,jeu_100_25_1,geometric ramp + Adam,11,True,0.09898695980170277,62825,0.12898582500201883
4: combinations,jeu_100_25_1,geometric ramp + Adam,12,True,0.10335165427308977,60505,0.1192476069991244
4: combinations,jeu_100_25_1,geometric ramp + Adam,13,True,0.1036210798577433,61846,0.12550761900274665
4: combinations,jeu_100_25_1,geometric ramp + Adam,14,True,0.10038797284190107,62745,0.12780087099963566
4: combinations,jeu_100_25_1,geometric ramp + Adam,15,True,0.145328160362108,61796,0.12773366300098132
4: combinations,jeu_100_25_1,geometric ramp + Adam,16,True,0.15147106369220822,61504,0.1355481559985492
4: combinations,jeu_100_25_1,geometric ramp + Adam,17,True,0.12113374286022201,63043,0.13288453499990283
4: combinations,jeu_100_25_1,geometric ramp + Adam,18,True,0.11019506412328915,63363,0.12733240599845885
4: combinations,jeu_100_25_1,geometric ramp + Adam,19,True,0.15756008190537774,61919,0.1374137500024517
4: combinations,jeu_100_25_1,in-run ramp + Adam,0,True,0.061321263067140856,51103,0.1471727579992148
4: combinations,jeu_100_25_1,in-run ramp + Adam,1,True,0.0808276753960556,54288,0.13653445999807445
4: combinations,jeu_100_25_1,in-run ramp + Adam,2,True,0.1251212415130941,54402,0.1385070899996208
4: combinations,jeu_100_25_1,in-run ramp + Adam,3,True,0.08233645867011531,54481,0.161055958000361
4: combinations,jeu_100_25_1,in-run ramp + Adam,4,True,0.08438409311348205,52558,0.13584068400086835
4: combinations,jeu_100_25_1,in-run ramp + Adam,5,True,0.05679491324496174,53193,0.16649059299743385
4: combinations,jeu_100_25_1,in-run ramp + Adam,6,True,0.05657937277723893,62576,0.15488547700078925
4: combinations,jeu_100_25_1,in-run ramp + Adam,7,True,0.1196249595861623,55853,0.17809881400171435
4: combinations,jeu_100_25_1,in-run ramp + Adam,8,True,0.0922513201853648,52644,0.14535031599734793
4: combinations,jeu_100_25_1,in-run ramp + Adam,9,True,0.08239034378704602,61104,0.16165705599996727
4: combinations,jeu_100_25_1,in-run ramp + Adam,10,True,0.09618493372130618,51888,0.16311627399772988
4: combinations,jeu_100_25_1,in-run ramp + Adam,11,True,0.09489169091496928,51925,0.1482136980012001
4: combinations,jeu_100_25_1,in-run ramp + Adam,12,True,0.08050436469447139,61770,0.1752559719971032
4: combinations,jeu_100_25_1,in-run ramp + Adam,13,True,0.09241297553615692,53357,0.15400639699873864
4: combinations,jeu_100_25_1,in-run ramp + Adam,14,True,0.051945252721198404,53462,0.1581970050028758
4: combinations,jeu_100_25_1,in-run ramp + Adam,15,True,0.05512447462010993,54024,0.16274899299969547
4: combinations,jeu_100_25_1,in-run ramp + Adam,16,True,0.037827352085354024,52036,0.15365707900127745
4: combinations,jeu_100_25_1,in-run ramp + Adam,17,True,0.09295182670546395,52583,0.14439908799977275
4: combinations,jeu_100_25_1,in-run ramp + Adam,18,True,0.08454574846427416,53488,0.15855166199980886
4: combinations,jeu_100_25_1,in-run ramp + Adam,19,True,0.08675503825843302,52648,0.16464112799803843
4: combinations,jeu_100_25_1,adaptive + Adam,0,True,0.09478392068110787,64258,0.16626469099719543
4: combinations,jeu_100_25_1,adaptive + Adam,1,True,0.23294536049143227,65206,0.1563039270004083
4: combinations,jeu_100_25_1,adaptive + Adam,2,True,0.24145920896648346,66476,0.15962780799964094
4: combinations,jeu_100_25_1,adaptive + Adam,3,True,0.13492833279448216,63962,0.16003796199947828
4: combinations,jeu_100_25_1,adaptive + Adam,4,True,0.14371160685418688,63705,0.15260118200239958
4: combinations,jeu_100_25_1,adaptive + Adam,5,True,0.23736394007974998,65445,0.14409184100077255
4: combinations,jeu_100_25_1,adaptive + Adam,6,True,0.110949455760319,65357,0.15595203500197385
4: combinations,jeu_100_25_1,adaptive + Adam,7,True,0.16424183640478499,66099,0.16125334499884048
4: combinations,jeu_100_25_1,adaptive + Adam,8,True,0.14958508459963357,64724,0.15213281699834624
4: combinations,jeu_100_25_1,adaptive + Adam,9,True,0.12237310054962819,64538,0.16333221700188005
4: combinations,jeu_100_25_1,adaptive + Adam,10,True,0.14861515249488091,65955,0.1688541889998305
4: combinations,jeu_100_25_1,adaptive + Adam,11,True,0.11299709020368574,64328,0.16613834899908397
4: combinations,jeu_100_25_1,adaptive + Adam,12,True,0.1699536587994396,65666,0.16004090799833648
4: combinations,jeu_100_25_1,adaptive + Adam,13,True,0.13870029097963144,66055,0.17309236700020847
4: combinations,jeu_100_25_1,adaptive + Adam,14,True,0.21834249380321155,66270,0.15115199199863127
4: combinations,jeu_100_25_1,adaptive + Adam,15,True,0.1685526457592413,65645,0.16478001300129108
4: combinations,jeu_100_25_1,adaptive + Adam,16,True,0.09014980062506736,65316,0.17546006200063857
4: combinations,jeu_100_25_1,adaptive + Adam,17,True,0.10927901713546719,66884,0.1670509530013078
4: combinations,jeu_100_25_1,adaptive + Adam,18,True,0.17776700075439164,64994,0.18090746099915123
4: combinations,jeu_100_25_1,adaptive + Adam,19,True,0.15244099579696088,65599,0.18508642700180644
4: combinations,jeu_100_25_1,ALM (λ = 0.5) + Adam,0,True,0.10927901713546719,60364,0.17959306000193465
4: combinations,jeu_100_25_1,ALM (λ = 0.5) + Adam,1,True,0.16645112619894384,63894,0.1768484649983293
4: combinations,jeu_100_25_1,ALM (λ = 0.5) + Adam,2,True,0.17959909473003557,64575,0.20335944399994332
4: combinations,jeu_100_25_1,ALM (λ = 0.5) + Adam,3,True,0.14592089664834573,62498,0.19423810400257935
4: combinations,jeu_100_25_1,ALM (λ = 0.5) + Adam,4,True,0.1599310270503287,61744,0.2023984270017536
4: combinations,jeu_100_25_1,ALM (λ = 0.5) + Adam,5,True,0.19506412328914755,64459,0.1902292929989926
4: combinations,jeu_100_25_1,ALM (λ = 0.5) + Adam,6,True,0.1440888026727018,62632,0.2163188770027773
4: combinations,jeu_100_25_1,ALM (λ = 0.5) + Adam,7,True,0.17701260911736177,62632,0.19074566100243828
4: combinations,jeu_100_25_1,ALM (λ = 0.5) + Adam,8,True,0.09586162301972195,61190,0.19912685599774704
4: combinations,jeu_100_25_1,ALM (λ = 0.5) + Adam,9,True,0.11504472464705248,62544,0.18708699000126217
4: combinations,jeu_100_25_1,ALM (λ = 0.5) + Adam,10,True,0.06180622911951719,62156,0.1975382909986365
4: combinations,jeu_100_25_1,ALM (λ = 0.5) + Adam,11,True,0.13013255738764953,63070,0.1909281900007045
4: combinations,jeu_100_25_1,ALM (λ = 0.5) + Adam,12,True,0.1672055178359737,63499,0.19308229599846527
4: combinations,jeu_100_25_1,ALM (λ = 0.5) + Adam,13,True,0.09241297553615692,82104,0.1907589160000498
4: combinations,jeu_100_25_1,ALM (λ = 0.5) + Adam,14,True,0.14910011854725724,64204,0.16372332500031916
4: combinations,jeu_100_25_1,ALM (λ = 0.5) + Adam,15,True,0.13169522577863993,63150,0.15400374200180522
4: combinations,jeu_100_25_1,ALM (λ = 0.5) + Adam,16,True,0.3084384093113482,62395,0.16739011100071366
4: combinations,jeu_100_25_1,ALM (λ = 0.5) + Adam,17,True,0.15610518374824872,61022,0.162116193001566
4: combinations,jeu_100_25_1,ALM (λ = 0.5) + Adam,18,True,0.09182023924991917,62671,0.1369775959974504
4: combinations,jeu_100_25_1,ALM (λ = 0.5) + Adam,19,True,0.17270179976290548,63622,0.1301354130009713
4: combinations,jeu_100_25_1,geometric ramp + momentum τ = 10,0,True,0.43593059596939326,2000000,0.7652439140001661
4: combinations,jeu_100_25_1,geometric ramp + momentum τ = 10,1,True,0.23159823256816467,2000000,0.7411446629994316
4: combinations,jeu_100_25_1,geometric ramp + momentum τ = 10,2,True,0.3702446384308654,2000000,0.7318669150008645
4: combinations,jeu_100_25_1,geometric ramp + momentum τ = 10,3,True,0.35962927039551673,2000000,0.780588636000175
4: combinations,jeu_100_25_1,geometric ramp + momentum τ = 10,4,True,0.4188490139023602,2000000,0.7702989730023546
4: combinations,jeu_100_25_1,geometric ramp + momentum τ = 10,5,False,,2000000,0.7695617950012092
4: combinations,jeu_100_25_1,geometric ramp + momentum τ = 10,6,True,0.4219204655674103,2000000,0.773901337001007
4: combinations,jeu_100_25_1,geometric ramp + momentum τ = 10,7,True,0.42854833494988687,2000000,0.7722846469987417
4: combinations,jeu_100_25_1,geometric ramp + momentum τ = 10,8,True,0.35779717641987285,2000000,0.7608601870015264
4: combinations,jeu_100_25_1,geometric ramp + momentum τ = 10,9,True,0.2695333548873801,2000000,0.75789626400001
4: combinations,jeu_100_25_1,geometric ramp + momentum τ = 10,10,True,0.4683155512447462,1990001,0.7552654770006484
4: combinations,jeu_100_25_1,geometric ramp + momentum τ = 10,11,True,0.43307468477206595,2000000,0.7874394370010123
4: combinations,jeu_100_25_1,geometric ramp + momentum τ = 10,12,True,0.2997090203685742,2000000,0.7399060469979304
4: combinations,jeu_100_25_1,geometric ramp + momentum τ = 10,13,True,0.2539605560944067,2000000,0.7865627319988562
4: combinations,jeu_100_25_1,geometric ramp + momentum τ = 10,14,True,0.6212953982110141,2000000,0.7231315819990414
4: combinations,jeu_100_25_1,geometric ramp + momentum τ = 10,15,True,0.4232675934906779,2000000,0.739538955000171
4: combinations,jeu_100_25_1,geometric ramp + momentum τ = 10,16,True,0.4626576139670223,2000000,0.7922907169995597
4: combinations,jeu_100_25_1,geometric ramp + momentum τ = 10,17,True,0.4494557603189999,2000000,0.7795316560004721
4: combinations,jeu_100_25_1,geometric ramp + momentum τ = 10,18,True,0.36523332255630997,2000000,0.7684782939977595
4: combinations,jeu_100_25_1,geometric ramp + momentum τ = 10,19,True,0.3558573122103675,2000000,0.7399821120015986
4: combinations,jeu_200_25_1,baseline,0,False,,2000000,1.3896064319997095
4: combinations,jeu_200_25_1,baseline,1,True,0.6636340068772898,2000000,1.3861235459989985
4: combinations,jeu_200_25_1,baseline,2,True,0.603220489040848,2000000,1.386434048999945
4: combinations,jeu_200_25_1,baseline,3,True,0.555206636633552,2000000,1.3467316030000802
4: combinations,jeu_200_25_1,baseline,4,True,0.5789445365655617,2000000,1.2385619849992509
4: combinations,jeu_200_25_1,baseline,5,False,,2000000,1.294016541000019
4: combinations,jeu_200_25_1,baseline,6,True,0.5512886358411473,2000000,1.3094266979969689
4: combinations,jeu_200_25_1,baseline,7,True,0.6560376832435764,2000000,1.262876435997896
4: combinations,jeu_200_25_1,baseline,8,False,,2000000,1.2722721399986767
4: combinations,jeu_200_25_1,baseline,9,True,0.7432462177351901,2000000,1.2430936230011866
4: combinations,jeu_200_25_1,baseline,10,True,0.6352737464598588,2000000,1.221467338000366
4: combinations,jeu_200_25_1,baseline,11,False,,2000000,1.25314617299955
4: combinations,jeu_200_25_1,baseline,12,False,,2000000,1.2502634240008774
4: combinations,jeu_200_25_1,baseline,13,False,,2000000,1.2631145010018372
4: combinations,jeu_200_25_1,baseline,14,True,0.5758580715218572,2000000,1.1895729530006065
4: combinations,jeu_200_25_1,baseline,15,True,0.5574909142490988,2000000,1.23172958899886
4: combinations,jeu_200_25_1,baseline,16,False,,2000000,1.2147997579995717
4: combinations,jeu_200_25_1,baseline,17,True,0.6905561995881452,2000000,1.2226256219983043
4: combinations,jeu_200_25_1,baseline,18,False,,2000000,1.2442074319988023
4: combinations,jeu_200_25_1,baseline,19,False,,2000000,1.179579627001658
4: combinations,jeu_200_25_1,Adam,0,True,0.046370346456924005,75751,0.1432018909981707
4: combinations,jeu_200_25_1,Adam,1,True,0.03063964664622067,63943,0.10975607999716885
4: combinations,jeu_200_25_1,Adam,2,True,0.04544587435983976,65090,0.11608880100175156
4: combinations,jeu_200_25_1,Adam,3,True,0.035413640121110736,67246,0.1478675860016665
4: combinations,jeu_200_25_1,Adam,4,True,0.04076481723333382,66369,0.1388497349980753
4: combinations,jeu_200_25_1,Adam,5,True,0.0444627056216708,65239,0.15656455499993172
4: combinations,jeu_200_25_1,Adam,6,True,0.04486379933574968,66374,0.16587563699795282
4: combinations,jeu_200_25_1,Adam,7,True,0.02378681379958032,65498,0.19129834699924686
4: combinations,jeu_200_25_1,Adam,8,True,0.04152298218067804,65210,0.23119266900175717
4: combinations,jeu_200_25_1,Adam,9,True,0.03321251608043396,67506,0.2532316629985871
4: combinations,jeu_200_25_1,Adam,10,True,0.04001154367274666,67487,0.24741788399842335
4: combinations,jeu_200_25_1,Adam,11,True,0.043044203462123544,69843,0.2963470419999794
4: combinations,jeu_200_25_1,Adam,12,True,0.038744674502668254,66243,0.2705004720010038
4: combinations,jeu_200_25_1,Adam,13,True,0.03257663580201623,64671,0.27496867000081693
4: combinations,jeu_200_25_1,Adam,14,True,0.03413209679076115,67577,0.3004731360015285
4: combinations,jeu_200_25_1,Adam,15,True,0.036797902573358576,67125,0.2967931540006248
4: combinations,jeu_200_25_1,Adam,16,True,0.03571690610004843,67782,0.28118520899806754
4: combinations,jeu_200_25_1,Adam,17,True,0.03594680127763022,64040,0.30149857500146027
4: combinations,jeu_200_25_1,Adam,18,True,0.026795016655171908,67714,0.3016352869999537
4: combinations,jeu_200_25_1,Adam,19,True,0.04224690742072285,64766,0.29396196300149313
4: combinations,jeu_200_25_1,geometric ramp + Adam,0,True,0.03056627584486478,68017,0.3225541899992095
4: combinations,jeu_200_25_1,geometric ramp + Adam,1,True,0.02474063421720692,63663,0.3071055600012187
4: combinations,jeu_200_25_1,geometric ramp + Adam,2,True,0.03751204503988926,65060,0.32860139600234106
4: combinations,jeu_200_25_1,geometric ramp + Adam,3,True,0.04906060917330672,65747,0.30844634199820575
4: combinations,jeu_200_25_1,geometric ramp + Adam,4,True,0.03327121272151868,66669,0.3113566130014078
4: combinations,jeu_200_25_1,geometric ramp + Adam,5,True,0.026071091415127104,66136,0.3119000410006265
4: combinations,jeu_200_25_1,geometric ramp + Adam,6,True,0.026521098996776578,64417,0.28943281899773865
4: combinations,jeu_200_25_1,geometric ramp + Adam,7,True,0.03268424631067154,65232,0.30936302400004934
4: combinations,jeu_200_25_1,geometric ramp + Adam,8,True,0.03612289120088436,65471,0.3070343639992643
4: combinations,jeu_200_25_1,geometric ramp + Adam,9,True,0.027572747149544368,66197,0.34152185499988263
4: combinations,jeu_200_25_1,geometric ramp + Adam,10,True,0.031979886617654975,68361,0.32827597399955266
4: combinations,jeu_200_25_1,geometric ramp + Adam,11,True,0.046566001927206384,69066,0.35058370099795866
4: combinations,jeu_200_25_1,geometric ramp + Adam,12,True,0.03995773841841901,63343,0.32688639799744124
4: combinations,jeu_200_25_1,geometric ramp + Adam,13,True,0.03606908594655671,66079,0.31268903899763245
4: combinations,jeu_200_25_1,geometric ramp + Adam,14,True,0.026545555930561873,65673,0.33076194299792405
4: combinations,jeu_200_25_1,geometric ramp + Adam,15,True,0.03352556483288577,65407,0.34124946399970213
4: combinations,jeu_200_25_1,geometric ramp + Adam,16,True,0.03501254640703186,66049,0.30972828100129846
4: combinations,jeu_200_25_1,geometric ramp + Adam,17,True,0.043357252214575356,63811,0.34664403300121194
4: combinations,jeu_200_25_1,geometric ramp + Adam,18,True,0.03565820945896371,65336,0.3657525369999348
4: combinations,jeu_200_25_1,geometric ramp + Adam,19,True,0.022872124476010194,65507,0.33052528199914377
4: combinations,jeu_200_25_1,in-run ramp + Adam,0,True,0.03873978311591119,58680,0.33863510900118854
4: combinations,jeu_200_25_1,in-run ramp + Adam,1,True,0.034357100581585885,57266,0.3814638490002835
4: combinations,jeu_200_25_1,in-run ramp + Adam,2,True,0.035800059674918436,57687,0.38854565099973115
4: combinations,jeu_200_25_1,in-run ramp + Adam,3,True,0.03843162575021644,58528,0.3798949709998851
4: combinations,jeu_200_25_1,in-run ramp + Adam,4,True,0.03466036656052358,57135,0.4055276320032135
4: combinations,jeu_200_25_1,in-run ramp + Adam,5,True,0.03798161816856697,58931,0.3817079049986205
4: combinations,jeu_200_25_1,in-run ramp + Adam,6,True,0.03731638956960688,54704,0.4247570570005337
4: combinations,jeu_200_25_1,in-run ramp + Adam,7,True,0.02898635792233456,57464,0.38100582400147687
4: combinations,jeu_200_25_1,in-run ramp + Adam,8,True,0.03347665096531518,57407,0.4182972329981567
4: combinations,jeu_200_25_1,in-run ramp + Adam,9,True,0.0365533332355056,58918,0.4214595259982161
4: combinations,jeu_200_25_1,in-run ramp + Adam,10,True,0.03146139962140666,57707,0.4213295070003369
4: combinations,jeu_200_25_1,in-run ramp + Adam,11,True,0.03933164091351539,62171,0.45032760899994173
4: combinations,jeu_200_25_1,in-run ramp + Adam,12,True,0.027093391247352536,58329,0.39166851899790345
4: combinations,jeu_200_25_1,in-run ramp + Adam,13,True,0.031045631747056608,57921,0.4433324210003775
4: combinations,jeu_200_25_1,in-run ramp + Adam,14,True,0.036015280692229056,59514,0.42103217800104176
4: combinations,jeu_200_25_1,in-run ramp + Adam,15,True,0.0325081563874174,58978,0.3957621410008869
4: combinations,jeu_200_25_1,in-run ramp + Adam,16,True,0.03596636682465846,55683,0.47056715399958193
4: combinations,jeu_200_25_1,in-run ramp + Adam,17,True,0.03237608894497679,58636,0.41484170900002937
4: combinations,jeu_200_25_1,in-run ramp + Adam,18,True,0.026716754467058956,56082,0.44869415699940873
4: combinations,jeu_200_25_1,in-run ramp + Adam,19,True,0.02736241751899081,59229,0.44623659100034274
4: combinations,jeu_200_25_1,adaptive + Adam,0,True,0.03917511653728949,69995,0.4439771129982546
4: combinations,jeu_200_25_1,adaptive + Adam,1,True,0.034004920735077604,67014,0.37560036400100216
4: combinations,jeu_200_25_1,adaptive + Adam,2,True,0.033809265264795225,70257,0.45139018899863004
4: combinations,jeu_200_25_1,adaptive + Adam,3,True,0.03922892179161714,69989,0.4993342039997515
4: combinations,jeu_200_25_1,adaptive + Adam,4,True,0.036881056148228585,68977,0.48039262899692403
4: combinations,jeu_200_25_1,adaptive + Adam,5,True,0.038118576997764636,68137,0.45257533399853855
4: combinations,jeu_200_25_1,adaptive + Adam,6,True,0.02570423740834764,65947,0.4735610550014826
4: combinations,jeu_200_25_1,adaptive + Adam,7,True,0.036025063465743176,66663,0.4455552399995213
4: combinations,jeu_200_25_1,adaptive + Adam,8,True,0.034968523926218326,67994,0.4457490999993752
4: combinations,jeu_200_25_1,adaptive + Adam,9,True,0.02927494974100107,68978,0.44212877199970535
4: combinations,jeu_200_25_1,adaptive + Adam,10,True,0.03454786466511121,68265,0.4122438449994661
4: combinations,jeu_200_25_1,adaptive + Adam,11,True,0.031358680499508414,69711,0.5167914330013446
4: combinations,jeu_200_25_1,adaptive + Adam,12,True,0.04351377659080126,66287,0.5014523119971273
4: combinations,jeu_200_25_1,adaptive + Adam,13,True,0.04108275737254269,66171,0.4619709469989175
4: combinations,jeu_200_25_1,adaptive + Adam,14,True,0.037086494392025084,69441,0.47934578800050076
4: combinations,jeu_200_25_1,adaptive + Adam,15,True,0.048180159557036015,67943,0.5126118859989219
4: combinations,jeu_200_25_1,adaptive + Adam,16,True,0.04734373242157884,64684,0.4236832950009557
4: combinations,jeu_200_25_1,adaptive + Adam,17,True,0.04054470482926614,67709,0.475062704001175
4: combinations,jeu_200_25_1,adaptive + Adam,18,True,0.02968093484183701,67792,0.44143434500074363
4: combinations,jeu_200_25_1,adaptive + Adam,19,True,0.043269207252948284,66739,0.45458966300066095
4: combinations,jeu_200_25_1,ALM (λ = 0.5) + Adam,0,True,0.04627251872178281,66036,0.41713010300009046
4: combinations,jeu_200_25_1,ALM (λ = 0.5) + Adam,1,True,0.037585415841245154,63663,0.47034918700228445
4: combinations,jeu_200_25_1,ALM (λ = 0.5) + Adam,2,True,0.048816039835453746,64087,0.433741654996993
4: combinations,jeu_200_25_1,ALM (λ = 0.5) + Adam,3,True,0.04364095264648481,65153,0.4572443059987563
4: combinations,jeu_200_25_1,ALM (λ = 0.5) + Adam,4,True,0.03788868182018284,64783,0.4773876469989773
4: combinations,jeu_200_25_1,ALM (λ = 0.5) + Adam,5,True,0.04040285461331142,66965,0.4317233280016808
4: combinations,jeu_200_25_1,ALM (λ = 0.5) + Adam,6,True,0.03662181265010443,66668,0.4884295569972892
4: combinations,jeu_200_25_1,ALM (λ = 0.5) + Adam,7,True,0.0394392514221707,64248,0.44307230500271544
4: combinations,jeu_200_25_1,ALM (λ = 0.5) + Adam,8,True,0.048576361884357835,61740,0.447144716999901
4: combinations,jeu_200_25_1,ALM (λ = 0.5) + Adam,9,True,0.04535782939821269,66522,0.4741765809994831
4: combinations,jeu_200_25_1,ALM (λ = 0.5) + Adam,10,True,0.03220489040847971,65594,0.4483615919998556
4: combinations,jeu_200_25_1,ALM (λ = 0.5) + Adam,11,True,0.04904104362627849,68950,0.4376085639996745
4: combinations,jeu_200_25_1,ALM (λ = 0.5) + Adam,12,True,0.04465346970519612,62313,0.44440447999659227
4: combinations,jeu_200_25_1,ALM (λ = 0.5) + Adam,13,True,0.03584897354248903,63698,0.45046895899940864
4: combinations,jeu_200_25_1,ALM (λ = 0.5) + Adam,14,True,0.047324166874550606,66453,0.4015073089976795
4: combinations,jeu_200_25_1,ALM (λ = 0.5) + Adam,15,True,0.04044198570736789,65340,0.3632071120009641
4: combinations,jeu_200_25_1,ALM (λ = 0.5) + Adam,16,True,0.04950572536819914,64299,0.38115707199904136
4: combinations,jeu_200_25_1,ALM (λ = 0.5) + Adam,17,True,0.05083618256611932,61692,0.3607239480006683
4: combinations,jeu_200_25_1,ALM (λ = 0.5) + Adam,18,True,0.034811999549992416,65605,0.3516346690012142
4: combinations,jeu_200_25_1,ALM (λ = 0.5) + Adam,19,True,0.04518173947495854,64708,0.35643844899823307
4: combinations,jeu_200_25_1,geometric ramp + momentum τ = 10,0,False,,2000000,1.3840356159998919
4: combinations,jeu_200_25_1,geometric ramp + momentum τ = 10,1,False,,2000000,1.318025377997401
4: combinations,jeu_200_25_1,geometric ramp + momentum τ = 10,2,True,0.5993171624087145,2000000,1.3416133930004435
4: combinations,jeu_200_25_1,geometric ramp + momentum τ = 10,3,True,0.617694102454987,2000000,1.3917286360010621
4: combinations,jeu_200_25_1,geometric ramp + momentum τ = 10,4,True,0.6763516124456445,2000000,1.3576825890013424
4: combinations,jeu_200_25_1,geometric ramp + momentum τ = 10,5,True,0.6099363630582907,2000000,1.3611068119971605
4: combinations,jeu_200_25_1,geometric ramp + momentum τ = 10,6,True,0.6678944047426886,2000000,1.335935803999746
4: combinations,jeu_200_25_1,geometric ramp + momentum τ = 10,7,False,,2000000,1.421669239000039
4: combinations,jeu_200_25_1,geometric ramp + momentum τ = 10,8,True,0.616207120880841,2000000,1.3796648039970023
4: combinations,jeu_200_25_1,geometric ramp + momentum τ = 10,9,False,,2000000,1.3925774080016708
4: combinations,jeu_200_25_1,geometric ramp + momentum τ = 10,10,False,,2000000,1.3755418459986686
4: combinations,jeu_200_25_1,geometric ramp + momentum τ = 10,11,True,0.6709564128526079,2000000,1.4010264440003084
4: combinations,jeu_200_25_1,geometric ramp + momentum τ = 10,12,True,0.6323829368864367,2000000,1.384392908999871
4: combinations,jeu_200_25_1,geometric ramp + momentum τ = 10,13,True,0.6977563208945368,2000000,1.4293522109983314
4: combinations,jeu_200_25_1,geometric ramp + momentum τ = 10,14,True,0.5385123336317079,2000000,1.430340899998555
4: combinations,jeu_200_25_1,geometric ramp + momentum τ = 10,15,True,0.598700847677325,2000000,1.40720689400041
4: combinations,jeu_200_25_1,geometric ramp + momentum τ = 10,16,False,,2000000,1.3843193180000526
4: combinations,jeu_200_25_1,geometric ramp + momentum τ = 10,17,True,0.632823161694572,2000000,1.4026776479986438
4: combinations,jeu_200_25_1,geometric ramp + momentum τ = 10,18,False,,2000000,1.396992935999151
4: combinations,jeu_200_25_1,geometric ramp + momentum τ = 10,19,True,0.6425423471808492,2000000,1.4045350380001764
4: combinations,jeu_300_50_1,baseline,0,True,0.401603883290902,2000000,2.0124377620013547
4: combinations,jeu_300_50_1,baseline,1,True,0.39917487859846235,2000000,2.0437460579996696
4: combinations,jeu_300_50_1,baseline,2,True,0.4915101708484375,2000000,2.028185424002004
4: combinations,jeu_300_50_1,baseline,3,True,0.5007450635884989,2000000,1.9361115530009556
4: combinations,jeu_300_50_1,baseline,4,True,0.4685524729293563,2000000,2.0211151240000618
4: combinations,jeu_300_50_1,baseline,5,True,0.42800543068571173,2000000,1.9645098180008063
4: combinations,jeu_300_50_1,baseline,6,True,0.4103109009133603,2000000,2.0396753900022304
4: combinations,jeu_300_50_1,baseline,7,True,0.4599564843906743,2000000,1.9769099529985397
4: combinations,jeu_300_50_1,baseline,8,True,0.4573463269825996,2000000,1.9980679330001294
4: combinations,jeu_300_50_1,baseline,9,True,0.48780335775323885,2000000,2.003648997997516
4: combinations,jeu_300_50_1,baseline,10,False,,2000000,2.016201303998969
4: combinations,jeu_300_50_1,baseline,11,True,0.43749939128791787,2000000,2.004039935000037
4: combinations,jeu_300_50_1,baseline,12,False,,2000000,1.761388650000299
4: combinations,jeu_300_50_1,baseline,13,True,0.4708217515714511,2000000,1.7995665130001726
4: combinations,jeu_300_50_1,baseline,14,True,0.42764312525444165,2000000,1.7695826380004291
4: combinations,jeu_300_50_1,baseline,15,False,,2000000,1.753795701002673
4: combinations,jeu_300_50_1,baseline,16,False,,2000000,1.8164468590002798
4: combinations,jeu_300_50_1,baseline,17,True,0.40276676685255924,2000000,1.847863631999644
4: combinations,jeu_300_50_1,baseline,18,True,0.42379411701686276,2000000,1.8043256270029815
4: combinations,jeu_300_50_1,baseline,19,True,0.41855627129274864,2000000,1.7574230120007996
4: combinations,jeu_300_50_1,Adam,0,True,0.14357618835207517,73716,0.3162538409997069
4: combinations,jeu_300_50_1,Adam,1,True,0.16353610100919594,76699,0.2842722480017983
4: combinations,jeu_300_50_1,Adam,2,True,0.18804820610114556,78268,0.31240795199846616
4: combinations,jeu_300_50_1,Adam,3,True,0.1370858566478177,77791,0.3292277219989046
4: combinations,jeu_300_50_1,Adam,4,True,0.16827334191698531,86826,0.3187343409990717
4: combinations,jeu_300_50_1,Adam,5,True,0.1520786787149455,76304,0.3332444680017943
4: combinations,jeu_300_50_1,Adam,6,True,0.13097341340413224,84241,0.3840250829998695
4: combinations,jeu_300_50_1,Adam,7,True,0.12726465243027082,76612,0.38843818599707447
4: combinations,jeu_300_50_1,Adam,8,True,0.1569795414304052,76038,0.39247010100007174
4: combinations,jeu_300_50_1,Adam,9,True,0.13702936816659816,77252,0.35843243899944355
4: combinations,jeu_300_50_1,Adam,10,True,0.1376799596399541,85110,0.3816148769983556
4: combinations,jeu_300_50_1,Adam,11,True,0.19325488576665584,75989,0.3848719510024239
4: combinations,jeu_300_50_1,Adam,12,True,0.1655502075464715,74575,0.35731664700142574
4: combinations,jeu_300_50_1,Adam,13,True,0.12322864784106868,77853,0.36407438999958686
4: combinations,jeu_300_50_1,Adam,14,True,0.15511152579283533,73396,0.3596601550016203
4: combinations,jeu_300_50_1,Adam,15,True,0.16769871771147632,76356,0.35676351000074646
4: combinations,jeu_300_50_1,Adam,16,True,0.1448656840268106,74735,0.3623137760005193
4: combinations,jeu_300_50_1,Adam,17,True,0.1771050237738591,85112,0.3649139240005752
4: combinations,jeu_300_50_1,Adam,18,True,0.09501557328990863,77917,0.38486339500013855
4: combinations,jeu_300_50_1,Adam,19,True,0.1294073189592874,76548,0.39241023599970504
4: combinations,jeu_300_50_1,geometric ramp + Adam,0,True,0.1323992605852596,75664,0.40782148499783943
4: combinations,jeu_300_50_1,geometric ramp + Adam,1,True,0.14725183538866998,74145,0.4289468940005463
4: combinations,jeu_300_50_1,geometric ramp + Adam,2,True,0.12942290198858933,77459,0.4023987520013179
4: combinations,jeu_300_50_1,geometric ramp + Adam,3,True,0.12653809368906793,77397,0.41007211599935545
4: combinations,jeu_300_50_1,geometric ramp + Adam,4,True,0.16388282341116406,84203,0.5400849130019196
4: combinations,jeu_300_50_1,geometric ramp + Adam,5,True,0.13526459009815361,75976,0.513003544001549
4: combinations,jeu_300_50_1,geometric ramp + Adam,6,True,0.09162626441673695,77835,0.5464494349980669
4: combinations,jeu_300_50_1,geometric ramp + Adam,7,True,0.164095142185403,77405,0.5438087189977523
4: combinations,jeu_300_50_1,geometric ramp + Adam,8,True,0.16276668893741272,76606,0.5275600100030715
4: combinations,jeu_300_50_1,geometric ramp + Adam,9,True,0.14741350931767758,79621,0.5314195239989203
4: combinations,jeu_300_50_1,geometric ramp + Adam,10,True,0.12665107065150696,79521,0.5514288610029325
4: combinations,jeu_300_50_1,geometric ramp + Adam,11,True,0.15591794755921065,75911,0.6096013700007461
4: combinations,jeu_300_50_1,geometric ramp + Adam,12,True,0.13095393461750482,75987,0.5803941899976053
4: combinations,jeu_300_50_1,geometric ramp + Adam,13,True,0.11243545217081338,79467,0.5798638660016877
4: combinations,jeu_300_50_1,geometric ramp + Adam,14,True,0.13164737942144109,75667,0.5114752740009862
4: combinations,jeu_300_50_1,geometric ramp + Adam,15,True,0.11763628820033542,78418,0.5779563110008894
4: combinations,jeu_300_50_1,geometric ramp + Adam,16,True,0.09574797566709975,79445,0.5631198309965839
4: combinations,jeu_300_50_1,geometric ramp + Adam,17,True,0.1372981754220566,77275,0.5447937620010634
4: combinations,jeu_300_50_1,geometric ramp + Adam,18,True,0.15129952724984855,76428,0.5784396449998894
4: combinations,jeu_300_50_1,geometric ramp + Adam,19,True,0.1291501989758054,76211,0.5317300880014955
4: combinations,jeu_300_50_1,in-run ramp + Adam,0,True,0.13127338671819455,62189,0.5750058029989304
4: combinations,jeu_300_50_1,in-run ramp + Adam,1,True,0.160844132697286,66269,0.5388973139997688
4: combinations,jeu_300_50_1,in-run ramp + Adam,2,True,0.17372350641533837,64170,0.55023064100169
4: combinations,jeu_300_50_1,in-run ramp + Adam,3,True,0.14413717740694496,65432,0.5877768569989712
4: combinations,jeu_300_50_1,in-run ramp + Adam,4,True,0.1421737157149007,67437,0.5567293189997145
4: combinations,jeu_300_50_1,in-run ramp + Adam,5,True,0.10272917279436829,64198,0.5408570189974853
4: combinations,jeu_300_50_1,in-run ramp + Adam,6,True,0.16494052152503316,62880,0.5384051340006408
4: combinations,jeu_300_50_1,in-run ramp + Adam,7,True,0.1573827523135929,64285,0.5700493110016396
4: combinations,jeu_300_50_1,in-run ramp + Adam,8,True,0.1519092132712869,61699,0.6322454399996786
4: combinations,jeu_300_50_1,in-run ramp + Adam,9,True,0.12749644999113716,63264,0.5836717029997089
4: combinations,jeu_300_50_1,in-run ramp + Adam,10,True,0.20134247797436203,61741,0.5670240209983604
4: combinations,jeu_300_50_1,in-run ramp + Adam,11,True,0.15754247836393775,63858,0.584285135002574
4: combinations,jeu_300_50_1,in-run ramp + Adam,12,True,0.15748793776138098,62553,0.5811856820000685
4: combinations,jeu_300_50_1,in-run ramp + Adam,13,True,0.1610739823794896,62459,0.535626584001875
4: combinations,jeu_300_50_1,in-run ramp + Adam,14,True,0.15776648441015312,63917,0.5988268719993357
4: combinations,jeu_300_50_1,in-run ramp + Adam,15,True,0.1481868171467863,65769,0.5698873919973266
4: combinations,jeu_300_50_1,in-run ramp + Adam,16,True,0.10288695096605043,65016,0.6078363080014242
4: combinations,jeu_300_50_1,in-run ramp + Adam,17,True,0.1547979173281338,65015,0.5867386129975785
4: combinations,jeu_300_50_1,in-run ramp + Adam,18,True,0.13463542529008782,64010,0.6184251819977362
4: combinations,jeu_300_50_1,in-run ramp + Adam,19,True,0.17316446523913132,64237,0.556400670997391
4: combinations,jeu_300_50_1,adaptive + Adam,0,True,0.14466505252454814,79015,0.6463022219977574
4: combinations,jeu_300_50_1,adaptive + Adam,1,True,0.15834890013031308,76627,0.612531228998705
4: combinations,jeu_300_50_1,adaptive + Adam,2,True,0.1319979975807347,76962,0.6774765809968812
4: combinations,jeu_300_50_1,adaptive + Adam,3,True,0.1657060378394909,74685,0.591109544999199
4: combinations,jeu_300_50_1,adaptive + Adam,4,True,0.17929638726944422,78805,0.6501164599976619
4: combinations,jeu_300_50_1,adaptive + Adam,5,True,0.13058773342890925,89432,0.5926602079998702
4: combinations,jeu_300_50_1,adaptive + Adam,6,True,0.1603746939395651,77909,0.6142628189991228
4: combinations,jeu_300_50_1,adaptive + Adam,7,True,0.1900973744543505,77705,0.681257125997945
4: combinations,jeu_300_50_1,adaptive + Adam,8,True,0.14970811038238807,79222,0.6266495179988851
4: combinations,jeu_300_50_1,adaptive + Adam,9,True,0.1359716700527291,77983,0.7206730649995734
4: combinations,jeu_300_50_1,adaptive + Adam,10,True,0.18638666560182632,76757,0.7165168330029701
4: combinations,jeu_300_50_1,adaptive + Adam,11,True,0.1342341622855629,77778,0.6911948950000806
4: combinations,jeu_300_50_1,adaptive + Adam,12,True,0.10985840870000525,78234,0.692842083000869
4: combinations,jeu_300_50_1,adaptive + Adam,13,True,0.13277909692449438,76941,0.695222611000645
4: combinations,jeu_300_50_1,adaptive + Adam,14,True,0.24457954065125376,79456,0.6969058379982016
4: combinations,jeu_300_50_1,adaptive + Adam,15,True,0.10269411097843893,78401,0.7168029990025389
4: combinations,jeu_300_50_1,adaptive + Adam,16,True,0.16049935817398062,76285,0.7237346840011014
4: combinations,jeu_300_50_1,adaptive + Adam,17,True,0.12884438202575485,75928,0.6886051170004066
4: combinations,jeu_300_50_1,adaptive + Adam,18,True,0.11801028090358195,77314,0.7481851359989378
4: combinations,jeu_300_50_1,adaptive + Adam,19,True,0.13642942153847354,78204,0.7046438139987004
4: combinations,jeu_300_50_1,ALM (λ = 0.5) + Adam,0,True,0.12452593503045509,75001,0.737634966000769
4: combinations,jeu_300_50_1,ALM (λ = 0.5) + Adam,1,True,0.19810510363688424,74803,0.7013299930003996
4: combinations,jeu_300_50_1,ALM (λ = 0.5) + Adam,2,True,0.28205867400107915,75866,0.6777710640017176
4: combinations,jeu_300_50_1,ALM (λ = 0.5) + Adam,3,True,0.12516873498916006,73029,0.7137942000008479
4: combinations,jeu_300_50_1,ALM (λ = 0.5) + Adam,4,True,0.24786755983396283,76255,0.71612864099734
4: combinations,jeu_300_50_1,ALM (λ = 0.5) + Adam,5,True,0.20161907674447144,74817,0.6933178920007776
4: combinations,jeu_300_50_1,ALM (λ = 0.5) + Adam,6,True,0.1875398097701698,74690,0.6977391210020869
4: combinations,jeu_300_50_1,ALM (λ = 0.5) + Adam,7,True,0.13272650420060034,74451,0.683506994999334
4: combinations,jeu_300_50_1,ALM (λ = 0.5) + Adam,8,True,0.15251305565673703,74103,0.6836257020004268
4: combinations,jeu_300_50_1,ALM (λ = 0.5) + Adam,9,True,0.2268285223976828,75607,0.6041965129988967
4: combinations,jeu_300_50_1,ALM (λ = 0.5) + Adam,10,True,0.2083840593401756,72838,0.5892256959996303
4: combinations,jeu_300_50_1,ALM (λ = 0.5) + Adam,11,True,0.21953371680571274,74219,0.6323538479991839
4: combinations,jeu_300_50_1,ALM (λ = 0.5) + Adam,12,True,0.2484791937340639,75525,0.6252597220009193
4: combinations,jeu_300_50_1,ALM (λ = 0.5) + Adam,13,True,0.1757395608312767,76459,0.6197334820026299
4: combinations,jeu_300_50_1,ALM (λ = 0.5) + Adam,14,True,0.15702629051831105,73873,0.6239382570020098
4: combinations,jeu_300_50_1,ALM (λ = 0.5) + Adam,15,True,0.21802411084208742,76547,0.6056031210027868
4: combinations,jeu_300_50_1,ALM (λ = 0.5) + Adam,16,True,0.16886549703045897,82252,0.5813423420004256
4: combinations,jeu_300_50_1,ALM (λ = 0.5) + Adam,17,True,0.13919540923956764,75444,0.5848235140001634
4: combinations,jeu_300_50_1,ALM (λ = 0.5) + Adam,18,True,0.09526490175873964,74354,0.5736535190007999
4: combinations,jeu_300_50_1,ALM (λ = 0.5) + Adam,19,True,0.16156874355982617,73290,0.5336367920026532
4: combinations,jeu_300_50_1,geometric ramp + momentum τ = 10,0,False,,2000000,1.6178786609998497
4: combinations,jeu_300_50_1,geometric ramp + momentum τ = 10,1,False,,2000000,1.7071219329991436
4: combinations,jeu_300_50_1,geometric ramp + momentum τ = 10,2,False,,2000000,1.2929123009998875
4: combinations,jeu_300_50_1,geometric ramp + momentum τ = 10,3,False,,2000000,1.3209886820004613
4: combinations,jeu_300_50_1,geometric ramp + momentum τ = 10,4,False,,2000000,1.5537244100014505
4: combinations,jeu_300_50_1,geometric ramp + momentum τ = 10,5,False,,2000000,1.2737714649992995
4: combinations,jeu_300_50_1,geometric ramp + momentum τ = 10,6,True,0.4882669528749715,2000000,1.3736508519978088
4: combinations,jeu_300_50_1,geometric ramp + momentum τ = 10,7,False,,2000000,1.3591850900011195
4: combinations,jeu_300_50_1,geometric ramp + momentum τ = 10,8,False,,2000000,1.412557237999863
4: combinations,jeu_300_50_1,geometric ramp + momentum τ = 10,9,False,,2000000,1.2094134559993108
4: combinations,jeu_300_50_1,geometric ramp + momentum τ = 10,10,False,,2000000,1.4740028020023601
4: combinations,jeu_300_50_1,geometric ramp + momentum τ = 10,11,False,,2000000,1.4439588120003464
4: combinations,jeu_300_50_1,geometric ramp + momentum τ = 10,12,False,,2000000,1.3400044480003999
4: combinations,jeu_300_50_1,geometric ramp + momentum τ = 10,13,True,0.5744235740067279,2000000,1.352388120998512
4: combinations,jeu_300_50_1,geometric ramp + momentum τ = 10,14,True,0.4853509785168462,2000000,1.3614550470010727
4: combinations,jeu_300_50_1,geometric ramp + momentum τ = 10,15,False,,2000000,1.2705573540006299
4: combinations,jeu_300_50_1,geometric ramp + momentum τ = 10,16,True,0.51674883468159,2000000,1.3360661730002903
4: combinations,jeu_300_50_1,geometric ramp + momentum τ = 10,17,False,,2000000,1.256262296999921
4: combinations,jeu_300_50_1,geometric ramp + momentum τ = 10,18,False,,2000000,1.415050372001133
4: combinations,jeu_300_50_1,geometric ramp + momentum τ = 10,19,False,,2000000,1.413695021001331
5: hierarchical,ulysses16,baseline,0,False,,1206939,3.741782540000713
5: hierarchical,ulysses16,baseline,1,False,,1224806,3.492537504997017
5: hierarchical,ulysses16,baseline,2,False,,1273651,3.515244404999976
5: hierarchical,ulysses16,baseline,3,False,,1229687,3.763617714997963
5: hierarchical,ulysses16,baseline,4,False,,1265571,3.6334906589981983
5: hierarchical,ulysses16,baseline,5,False,,1193342,3.7680217499982973
5: hierarchical,ulysses16,baseline,6,False,,1248352,3.677158842998324
5: hierarchical,ulysses16,baseline,7,False,,1186753,3.6414438059982785
5: hierarchical,ulysses16,baseline,8,False,,1240663,3.7224218350020237
5: hierarchical,ulysses16,baseline,9,False,,1250229,3.612635006000346
5: hierarchical,ulysses16,baseline,10,False,,1269697,3.759784278998268
5: hierarchical,ulysses16,baseline,11,False,,1240811,3.7013685339989024
5: hierarchical,ulysses16,baseline,12,False,,1200736,3.6677624370022386
5: hierarchical,ulysses16,baseline,13,False,,1234891,3.675395992999256
5: hierarchical,ulysses16,baseline,14,False,,1279797,3.7629560400018818
5: hierarchical,ulysses16,baseline,15,False,,1194938,3.6807735190013773
5: hierarchical,ulysses16,baseline,16,False,,1228308,3.6420563669998955
5: hierarchical,ulysses16,baseline,17,False,,1244370,3.6924141540002893
5: hierarchical,ulysses16,baseline,18,False,,1263752,3.7695326670000213
5: hierarchical,ulysses16,baseline,19,False,,1219488,3.6467342450014257
5: hierarchical,ulysses16,core: geometric ramp,0,False,,2062924,3.9554265570004645
5: hierarchical,ulysses16,core: geometric ramp,1,False,,1986470,3.9921784849975666
5: hierarchical,ulysses16,core: geometric ramp,2,False,,2051412,3.9512146580018452
5: hierarchical,ulysses16,core: geometric ramp,3,False,,2029817,3.9986059370021394
5: hierarchical,ulysses16,core: geometric ramp,4,False,,2045666,3.923022166996816
5: hierarchical,ulysses16,core: geometric ramp,5,False,,2050304,3.947826243998861
5: hierarchical,ulysses16,core: geometric ramp,6,False,,2078735,3.921420735998254
5: hierarchical,ulysses16,core: geometric ramp,7,False,,2100880,3.961430659997859
5: hierarchical,ulysses16,core: geometric ramp,8,False,,2061183,3.924792117999459
5: hierarchical,ulysses16,core: geometric ramp,9,False,,2082302,3.9959518249997927
5: hierarchical,ulysses16,core: geometric ramp,10,False,,2010883,3.958686685997236
5: hierarchical,ulysses16,core: geometric ramp,11,False,,2029134,3.92703912199795
5: hierarchical,ulysses16,core: geometric ramp,12,False,,2027966,4.197694450002018
5: hierarchical,ulysses16,core: geometric ramp,13,False,,2061906,4.023942552001245
5: hierarchical,ulysses16,core: geometric ramp,14,False,,2124557,4.053165403001913
5: hierarchical,ulysses16,core: geometric ramp,15,False,,2006695,4.027496392998728
5: hierarchical,ulysses16,core: geometric ramp,16,False,,2029691,4.064016737997008
5: hierarchical,ulysses16,core: geometric ramp,17,False,,2081319,4.049151923998579
5: hierarchical,ulysses16,core: geometric ramp,18,False,,2072451,4.0763056310024695
5: hierarchical,ulysses16,core: geometric ramp,19,False,,2034432,4.021294180998666
5: hierarchical,ulysses16,sweeps: geometric ramp,0,False,,1966687,4.028727124998113
5: hierarchical,ulysses16,sweeps: geometric ramp,1,False,,1915875,3.8978178440011106
5: hierarchical,ulysses16,sweeps: geometric ramp,2,False,,2089372,4.079070625000895
5: hierarchical,ulysses16,sweeps: geometric ramp,3,False,,1804259,3.9691513030011265
5: hierarchical,ulysses16,sweeps: geometric ramp,4,False,,2021349,3.969941634000861
5: hierarchical,ulysses16,sweeps: geometric ramp,5,False,,1949245,4.009994960000768
5: hierarchical,ulysses16,sweeps: geometric ramp,6,False,,2031854,3.9747191130009014
5: hierarchical,ulysses16,sweeps: geometric ramp,7,False,,1925296,4.004345413999545
5: hierarchical,ulysses16,sweeps: geometric ramp,8,False,,1968688,4.0517698869989545
5: hierarchical,ulysses16,sweeps: geometric ramp,9,False,,1872533,3.8883516150017385
5: hierarchical,ulysses16,sweeps: geometric ramp,10,False,,1965111,4.055741406002198
5: hierarchical,ulysses16,sweeps: geometric ramp,11,False,,1915122,3.9387922800015076
5: hierarchical,ulysses16,sweeps: geometric ramp,12,False,,1854417,3.9338605369994184
5: hierarchical,ulysses16,sweeps: geometric ramp,13,False,,1897771,3.89127889899828
5: hierarchical,ulysses16,sweeps: geometric ramp,14,False,,1989506,3.94680754699948
5: hierarchical,ulysses16,sweeps: geometric ramp,15,False,,1917225,3.926144421999197
5: hierarchical,ulysses16,sweeps: geometric ramp,16,False,,1945247,3.963481758997659
5: hierarchical,ulysses16,sweeps: geometric ramp,17,False,,1969015,3.9556714950012974
5: hierarchical,ulysses16,sweeps: geometric ramp,18,False,,1984016,3.9393495960030123
5: hierarchical,ulysses16,sweeps: geometric ramp,19,False,,1930104,3.9081433249994006
5: hierarchical,ulysses16,core: Adam,0,False,,161837,3.3580706360007753
5: hierarchical,ulysses16,core: Adam,1,False,,144057,3.484509153997351
5: hierarchical,ulysses16,core: Adam,2,False,,151815,3.392096704999858
5: hierarchical,ulysses16,core: Adam,3,False,,92915,3.452202299999044
5: hierarchical,ulysses16,core: Adam,4,False,,150177,3.303521018999163
5: hierarchical,ulysses16,core: Adam,5,False,,131857,3.3413070530004916
5: hierarchical,ulysses16,core: Adam,6,False,,100988,3.3237602219996916
5: hierarchical,ulysses16,core: Adam,7,False,,132343,3.2912710800010245
5: hierarchical,ulysses16,core: Adam,8,False,,173083,3.450253666000208
5: hierarchical,ulysses16,core: Adam,9,False,,130392,3.302921662998415
5: hierarchical,ulysses16,core: Adam,10,False,,149897,3.515021868999611
5: hierarchical,ulysses16,core: Adam,11,False,,130564,3.5604444359996705
5: hierarchical,ulysses16,core: Adam,12,False,,121947,3.416339278999658
5: hierarchical,ulysses16,core: Adam,13,False,,149543,3.468995528997766
5: hierarchical,ulysses16,core: Adam,14,False,,188655,3.4735258059990883
5: hierarchical,ulysses16,core: Adam,15,False,,130364,3.4771872729979805
5: hierarchical,ulysses16,core: Adam,16,False,,209167,3.495266279001953
5: hierarchical,ulysses16,core: Adam,17,False,,122102,3.392516206000437
5: hierarchical,ulysses16,core: Adam,18,False,,170501,3.466271744000551
5: hierarchical,ulysses16,core: Adam,19,False,,160564,3.420628094998392
5: hierarchical,ulysses16,Jacobi (lower states),0,False,,755458,3.6187744269991526
5: hierarchical,ulysses16,Jacobi (lower states),1,False,,725301,3.587092677000328
5: hierarchical,ulysses16,Jacobi (lower states),2,False,,737795,3.637018569999782
5: hierarchical,ulysses16,Jacobi (lower states),3,False,,619611,3.6261271280018263
5: hierarchical,ulysses16,Jacobi (lower states),4,False,,740206,3.6337863030021254
5: hierarchical,ulysses16,Jacobi (lower states),5,False,,716005,3.6017354280011205
5: hierarchical,ulysses16,Jacobi (lower states),6,False,,650403,3.585853650001809
5: hierarchical,ulysses16,Jacobi (lower states),7,False,,754944,3.544655475001491
5: hierarchical,ulysses16,Jacobi (lower states),8,False,,748770,3.5984373460014467
5: hierarchical,ulysses16,Jacobi (lower states),9,False,,755356,3.55311052199977
5: hierarchical,ulysses16,Jacobi (lower states),10,False,,782549,3.5580153349983448
5: hierarchical,ulysses16,Jacobi (lower states),11,False,,705249,3.57860498899754
5: hierarchical,ulysses16,Jacobi (lower states),12,False,,771567,3.5469219660008093
5: hierarchical,ulysses16,Jacobi (lower states),13,False,,723915,3.5967978430016956
5: hierarchical,ulysses16,Jacobi (lower states),14,False,,767001,3.5778456979969633
5: hierarchical,ulysses16,Jacobi (lower states),15,False,,713740,3.5972091289986565
5: hierarchical,ulysses16,Jacobi (lower states),16,False,,732076,3.4885315600004105
5: hierarchical,ulysses16,Jacobi (lower states),17,False,,665214,3.4714086300009512
5: hierarchical,ulysses16,Jacobi (lower states),18,False,,750150,3.60204135299864
5: hierarchical,ulysses16,Jacobi (lower states),19,False,,680119,3.6155817059989204
5: hierarchical,ulysses16,Gauss-Seidel,0,True,0.3972882344365068,843658,3.3003992329977336
5: hierarchical,ulysses16,Gauss-Seidel,1,True,0.3972882344365068,869691,3.4736722159977944
5: hierarchical,ulysses16,Gauss-Seidel,2,True,0.4099722991689751,788094,3.314235281999572
5: hierarchical,ulysses16,Gauss-Seidel,3,True,0.7327598775331681,1478623,3.468012090001139
5: hierarchical,ulysses16,Gauss-Seidel,4,True,0.44889925645137774,797465,3.486188012000639
5: hierarchical,ulysses16,Gauss-Seidel,5,True,0.7073917480682316,908989,3.5900116650009295
5: hierarchical,ulysses16,Gauss-Seidel,6,True,0.3972882344365068,826159,3.6642290750023676
5: hierarchical,ulysses16,Gauss-Seidel,7,True,0.4589590319288526,828920,3.557824610001262
5: hierarchical,ulysses16,Gauss-Seidel,8,True,0.3972882344365068,855245,3.500198714002181
5: hierarchical,ulysses16,Gauss-Seidel,9,True,0.4983233707537542,875087,3.495450721002271
5: hierarchical,ulysses16,Gauss-Seidel,10,True,0.4003499052339991,829597,3.4619200079978327
5: hierarchical,ulysses16,Gauss-Seidel,11,True,0.3972882344365068,811555,3.568547971000953
5: hierarchical,ulysses16,Gauss-Seidel,12,True,0.44889925645137774,810099,3.459444688000076
5: hierarchical,ulysses16,Gauss-Seidel,13,True,0.41478349613646304,825769,3.5251235329997144
5: hierarchical,ulysses16,Gauss-Seidel,14,True,0.4003499052339991,801578,3.5563216080008715
5: hierarchical,ulysses16,Gauss-Seidel,15,True,0.4003499052339991,780529,3.4680976730014663
5: hierarchical,ulysses16,Gauss-Seidel,16,True,0.4134713515089663,813384,3.5449742340024386
5: hierarchical,ulysses16,Gauss-Seidel,17,True,0.21038052194197404,1053771,3.582397285001207
5: hierarchical,ulysses16,Gauss-Seidel,18,True,0.4400058317539,815890,3.5092827629996464
5: hierarchical,ulysses16,Gauss-Seidel,19,True,0.545997958886135,808770,3.5069335939988378
5: hierarchical,ulysses16,Gauss-Seidel + geometric ramp,0,True,0.5048840938912378,3029441,3.6511387809987355
5: hierarchical,ulysses16,Gauss-Seidel + geometric ramp,1,True,0.49249161685376874,3103534,3.602742581999337
5: hierarchical,ulysses16,Gauss-Seidel + geometric ramp,2,True,0.3972882344365068,3087925,3.6596776789992873
5: hierarchical,ulysses16,Gauss-Seidel + geometric ramp,3,True,0.7498177576906254,3401557,3.6407388180014095
5: hierarchical,ulysses16,Gauss-Seidel + geometric ramp,4,True,0.4449628225688876,3146392,3.651407584999106
5: hierarchical,ulysses16,Gauss-Seidel + geometric ramp,5,True,0.8359819215629101,3704974,3.650402954997844
5: hierarchical,ulysses16,Gauss-Seidel + geometric ramp,6,True,0.4156582592214609,3138027,3.6687907119994634
5: hierarchical,ulysses16,Gauss-Seidel + geometric ramp,7,True,0.49045050298877385,3062700,3.6499454109980434
5: hierarchical,ulysses16,Gauss-Seidel + geometric ramp,8,True,0.3631724741215921,3189111,3.6339451060011925
5: hierarchical,ulysses16,Gauss-Seidel + geometric ramp,9,True,0.510424260096224,3191857,3.7307230869992054
5: hierarchical,ulysses16,Gauss-Seidel + geometric ramp,10,True,0.4130339699664674,3136524,3.808627192000131
5: hierarchical,ulysses16,Gauss-Seidel + geometric ramp,11,True,0.410409680711474,3158869,3.6903729930018017
5: hierarchical,ulysses16,Gauss-Seidel + geometric ramp,12,True,0.41070126840647325,3093839,3.688868088000163
5: hierarchical,ulysses16,Gauss-Seidel + geometric ramp,13,True,0.4035573698789911,3098282,3.676763827999821
5: hierarchical,ulysses16,Gauss-Seidel + geometric ramp,14,True,0.41274238227146814,3125229,3.6767855500002042
5: hierarchical,ulysses16,Gauss-Seidel + geometric ramp,15,True,0.3402828400641493,3141579,3.765616905002389
5: hierarchical,ulysses16,Gauss-Seidel + geometric ramp,16,True,0.4013704621664966,3135581,3.5987151869994705
5: hierarchical,ulysses16,Gauss-Seidel + geometric ramp,17,True,0.24332993147689166,3919392,3.9372971240009065
5: hierarchical,ulysses16,Gauss-Seidel + geometric ramp,18,True,0.505175681586237,3058086,3.808764394001628
5: hierarchical,ulysses16,Gauss-Seidel + geometric ramp,19,True,0.5608689313310978,3236967,3.6830051639990415
5: hierarchical,ulysses16,Gauss-Seidel + Adam,0,True,0.40909753608397725,117020,3.5029705109991482
5: hierarchical,ulysses16,Gauss-Seidel + Adam,1,True,0.3972882344365068,127962,3.569217349999235
5: hierarchical,ulysses16,Gauss-Seidel + Adam,2,True,0.4003499052339991,116866,3.5389460060032434
5: hierarchical,ulysses16,Gauss-Seidel + Adam,3,True,0.7323224959906692,142771,3.606593951997638
5: hierarchical,ulysses16,Gauss-Seidel + Adam,4,True,0.44889925645137774,125639,3.612962000999687
5: hierarchical,ulysses16,Gauss-Seidel + Adam,5,True,0.7075375419157311,225196,3.574845754999842
5: hierarchical,ulysses16,Gauss-Seidel + Adam,6,True,0.3972882344365068,117828,3.577542318998894
5: hierarchical,ulysses16,Gauss-Seidel + Adam,7,True,0.4589590319288526,116732,3.642902594001498
5: hierarchical,ulysses16,Gauss-Seidel + Adam,8,True,0.3972882344365068,118128,3.555448700000852
5: hierarchical,ulysses16,Gauss-Seidel + Adam,9,True,0.4983233707537542,120662,3.6717625410019537
5: hierarchical,ulysses16,Gauss-Seidel + Adam,10,True,0.4003499052339991,117426,3.648732272999041
5: hierarchical,ulysses16,Gauss-Seidel + Adam,11,True,0.3732322495990669,117338,3.6344803590000083
5: hierarchical,ulysses16,Gauss-Seidel + Adam,12,True,0.4400058317539,115228,3.776071341999341
5: hierarchical,ulysses16,Gauss-Seidel + Adam,13,True,0.3972882344365068,117600,3.78961590399922
5: hierarchical,ulysses16,Gauss-Seidel + Adam,14,True,0.4003499052339991,117515,3.8712038779995055
5: hierarchical,ulysses16,Gauss-Seidel + Adam,15,True,0.4099722991689751,117048,3.74319008999737
5: hierarchical,ulysses16,Gauss-Seidel + Adam,16,True,0.4057442775914856,137168,3.9203334680023545
5: hierarchical,ulysses16,Gauss-Seidel + Adam,17,True,0.25922146085435194,122039,3.742564724998374
5: hierarchical,ulysses16,Gauss-Seidel + Adam,18,True,0.3972882344365068,117582,3.79978594700151
5: hierarchical,ulysses16,Gauss-Seidel + Adam,19,True,0.5420615250036448,137976,3.8688365039997734
5: hierarchical,jeu_100_25_1,baseline,0,False,,5013048,3.212937113999942
5: hierarchical,jeu_100_25_1,baseline,1,False,,4936970,3.3125667839995003
5: hierarchical,jeu_100_25_1,baseline,2,False,,4896250,3.0979276260004553
5: hierarchical,jeu_100_25_1,baseline,3,False,,4985830,3.222691634000512
5: hierarchical,jeu_100_25_1,baseline,4,False,,4916909,3.1892323969987046
5: hierarchical,jeu_100_25_1,baseline,5,False,,4978407,3.204388670001208
5: hierarchical,jeu_100_25_1,baseline,6,False,,5042749,3.2663651479997498
5: hierarchical,jeu_100_25_1,baseline,7,False,,4967184,3.285095650000585
5: hierarchical,jeu_100_25_1,baseline,8,False,,4996108,3.2076104450025014
5: hierarchical,jeu_100_25_1,baseline,9,False,,5069728,3.21039486600057
5: hierarchical,jeu_100_25_1,baseline,10,False,,4921948,3.2346712149992527
5: hierarchical,jeu_100_25_1,baseline,11,False,,4956456,3.1362288540003647
5: hierarchical,jeu_100_25_1,baseline,12,False,,4865263,3.197146229998907
5: hierarchical,jeu_100_25_1,baseline,13,False,,4967572,3.2315989540002192
5: hierarchical,jeu_100_25_1,baseline,14,False,,4929329,3.28131955400022
5: hierarchical,jeu_100_25_1,baseline,15,False,,5066370,3.250614721000602
5: hierarchical,jeu_100_25_1,baseline,16,False,,4865467,3.2661737220005307
5: hierarchical,jeu_100_25_1,baseline,17,False,,4987510,3.2177462030012975
5: hierarchical,jeu_100_25_1,baseline,18,False,,5042299,3.2657207870033744
5: hierarchical,jeu_100_25_1,baseline,19,False,,4986354,3.2227107799990335
5: hierarchical,jeu_100_25_1,core: geometric ramp,0,False,,5904703,3.406157063000137
5: hierarchical,jeu_100_25_1,core: geometric ramp,1,False,,5707386,3.3986862960009603
5: hierarchical,jeu_100_25_1,core: geometric ramp,2,False,,5619187,3.313624685000832
5: hierarchical,jeu_100_25_1,core: geometric ramp,3,False,,5801421,3.3108573270001216
5: hierarchical,jeu_100_25_1,core: geometric ramp,4,False,,5584236,3.380726698000217
5: hierarchical,jeu_100_25_1,core: geometric ramp,5,False,,5821386,3.3175591029976204
5: hierarchical,jeu_100_25_1,core: geometric ramp,6,False,,5802591,3.4670875430019805
5: hierarchical,jeu_100_25_1,core: geometric ramp,7,False,,5833739,3.45521504700082
5: hierarchical,jeu_100_25_1,core: geometric ramp,8,False,,5871973,3.3638694059991394
5: hierarchical,jeu_100_25_1,core: geometric ramp,9,False,,5984933,3.405750354999327
5: hierarchical,jeu_100_25_1,core: geometric ramp,10,False,,5765449,3.3815461650010548
5: hierarchical,jeu_100_25_1,core: geometric ramp,11,False,,5782354,3.393201687002147
5: hierarchical,jeu_100_25_1,core: geometric ramp,12,False,,5613754,3.19795958299801
5: hierarchical,jeu_100_25_1,core: geometric ramp,13,False,,5732099,3.293484769998031
5: hierarchical,jeu_100_25_1,core: geometric ramp,14,False,,5972469,3.3191789080010494
5: hierarchical,jeu_100_25_1,core: geometric ramp,15,False,,5922017,3.351478769000096
5: hierarchical,jeu_100_25_1,core: geometric ramp,16,False,,5697961,3.3150255420005124
5: hierarchical,jeu_100_25_1,core: geometric ramp,17,False,,5833381,3.349682557000051
5: hierarchical,jeu_100_25_1,core: geometric ramp,18,False,,5695222,3.371585339999001
5: hierarchical,jeu_100_25_1,core: geometric ramp,19,False,,5703653,3.330498579001869
5: hierarchical,jeu_100_25_1,sweeps: geometric ramp,0,False,,6030788,3.3853356749968952
5: hierarchical,jeu_100_25_1,sweeps: geometric ramp,1,False,,5666636,3.3122871500017936
5: hierarchical,jeu_100_25_1,sweeps: geometric ramp,2,False,,5615861,3.3044345540001814
5: hierarchical,jeu_100_25_1,sweeps: geometric ramp,3,False,,5571971,3.302619276000769
5: hierarchical,jeu_100_25_1,sweeps: geometric ramp,4,False,,5674011,3.3215800559992203
5: hierarchical,jeu_100_25_1,sweeps: geometric ramp,5,False,,5799111,3.320038571000623
5: hierarchical,jeu_100_25_1,sweeps: geometric ramp,6,False,,5686642,3.287308517999918
5: hierarchical,jeu_100_25_1,sweeps: geometric ramp,7,False,,6003442,3.3445221870024398
5: hierarchical,jeu_100_25_1,sweeps: geometric ramp,8,False,,5704356,3.428136042002734
5: hierarchical,jeu_100_25_1,sweeps: geometric ramp,9,False,,6066469,3.4075105390002136
5: hierarchical,jeu_100_25_1,sweeps: geometric ramp,10,False,,5727054,3.2622419190010987
5: hierarchical,jeu_100_25_1,sweeps: geometric ramp,11,False,,6070913,3.425630903999263
5: hierarchical,jeu_100_25_1,sweeps: geometric ramp,12,False,,5753725,3.3155212689998734
5: hierarchical,jeu_100_25_1,sweeps: geometric ramp,13,False,,5723105,3.3052003880002303
5: hierarchical,jeu_100_25_1,sweeps: geometric ramp,14,False,,5932524,3.230033072999504
5: hierarchical,jeu_100_25_1,sweeps: geometric ramp,15,False,,5777409,3.401517517002503
5: hierarchical,jeu_100_25_1,sweeps: geometric ramp,16,False,,5617120,3.337075997998909
5: hierarchical,jeu_100_25_1,sweeps: geometric ramp,17,False,,5774709,3.2266547170002013
5: hierarchical,jeu_100_25_1,sweeps: geometric ramp,18,False,,5738282,3.3563456800002314
5: hierarchical,jeu_100_25_1,sweeps: geometric ramp,19,False,,5641394,3.4373899749989505
5: hierarchical,jeu_100_25_1,core: Adam,0,False,,86089,2.9854494539977168
5: hierarchical,jeu_100_25_1,core: Adam,1,False,,73155,2.997212951999245
5: hierarchical,jeu_100_25_1,core: Adam,2,False,,83897,3.040869565000321
5: hierarchical,jeu_100_25_1,core: Adam,3,False,,98977,2.9965462280015345
5: hierarchical,jeu_100_25_1,core: Adam,4,False,,117264,3.072787344997778
5: hierarchical,jeu_100_25_1,core: Adam,5,False,,74065,3.037763628999528
5: hierarchical,jeu_100_25_1,core: Adam,6,False,,85719,2.99559051200049
5: hierarchical,jeu_100_25_1,core: Adam,7,False,,76965,3.096878600998025
5: hierarchical,jeu_100_25_1,core: Adam,8,False,,94772,3.0408307610014162
5: hierarchical,jeu_100_25_1,core: Adam,9,False,,78109,2.9899485709975124
5: hierarchical,jeu_100_25_1,core: Adam,10,False,,78067,3.079201592001482
5: hierarchical,jeu_100_25_1,core: Adam,11,False,,76320,2.9730549989981228
5: hierarchical,jeu_100_25_1,core: Adam,12,False,,86662,2.993720389000373
5: hierarchical,jeu_100_25_1,core: Adam,13,False,,94505,3.051478977999068
5: hierarchical,jeu_100_25_1,core: Adam,14,False,,84726,3.036971726000047
5: hierarchical,jeu_100_25_1,core: Adam,15,False,,108782,2.930897902999277
5: hierarchical,jeu_100_25_1,core: Adam,16,False,,73666,2.9414430239994545
5: hierarchical,jeu_100_25_1,core: Adam,17,False,,85678,3.0349924540023494
5: hierarchical,jeu_100_25_1,core: Adam,18,False,,79103,2.979217976997461
5: hierarchical,jeu_100_25_1,core: Adam,19,False,,76749,2.9913375559990527
5: hierarchical,jeu_100_25_1,Jacobi (lower states),0,False,,3879722,3.0856930669979192
5: hierarchical,jeu_100_25_1,Jacobi (lower states),1,False,,3948823,3.089009574003285
5: hierarchical,jeu_100_25_1,Jacobi (lower states),2,False,,3989145,3.0496569159986393
5: hierarchical,jeu_100_25_1,Jacobi (lower states),3,False,,3923253,3.01760534999994
5: hierarchical,jeu_100_25_1,Jacobi (lower states),4,False,,3809010,3.125804804996733
5: hierarchical,jeu_100_25_1,Jacobi (lower states),5,False,,4245798,3.1697398590004013
5: hierarchical,jeu_100_25_1,Jacobi (lower states),6,False,,3869518,3.1120776339994336
5: hierarchical,jeu_100_25_1,Jacobi (lower states),7,False,,3836389,3.1443639089993667
5: hierarchical,jeu_100_25_1,Jacobi (lower states),8,False,,4026328,3.168832374998601
5: hierarchical,jeu_100_25_1,Jacobi (lower states),9,False,,4076648,3.1625915600016015
5: hierarchical,jeu_100_25_1,Jacobi (lower states),10,False,,3919436,3.069098686999496
5: hierarchical,jeu_100_25_1,Jacobi (lower states),11,False,,3872553,3.15787113999977
5: hierarchical,jeu_100_25_1,Jacobi (lower states),12,False,,3963066,3.179740078001487
5: hierarchical,jeu_100_25_1,Jacobi (lower states),13,False,,3793000,3.1267222479982593
5: hierarchical,jeu_100_25_1,Jacobi (lower states),14,False,,3956362,3.1198055210006714
5: hierarchical,jeu_100_25_1,Jacobi (lower states),15,False,,4098750,3.051335905001906
5: hierarchical,jeu_100_25_1,Jacobi (lower states),16,False,,4000180,3.1457400690014765
5: hierarchical,jeu_100_25_1,Jacobi (lower states),17,False,,3909657,3.120925071001693
5: hierarchical,jeu_100_25_1,Jacobi (lower states),18,False,,4007015,3.0925683950008533
5: hierarchical,jeu_100_25_1,Jacobi (lower states),19,False,,3785926,3.036225760999514
5: hierarchical,jeu_100_25_1,Gauss-Seidel,0,True,0.8176527643064986,8632944,3.202308444000664
5: hierarchical,jeu_100_25_1,Gauss-Seidel,1,True,0.8681431188705679,8892445,3.315233960001933
5: hierarchical,jeu_100_25_1,Gauss-Seidel,2,True,0.2703955167582714,8481135,3.283355463998305
5: hierarchical,jeu_100_25_1,Gauss-Seidel,3,True,0.8127492186658045,8859110,3.262410801999067
5: hierarchical,jeu_100_25_1,Gauss-Seidel,4,False,,8699038,3.2418902099998377
5: hierarchical,jeu_100_25_1,Gauss-Seidel,5,True,0.8066063153357043,8868552,3.239815364999231
5: hierarchical,jeu_100_25_1,Gauss-Seidel,6,True,0.8229873908826382,8727916,3.3223912169996765
5: hierarchical,jeu_100_25_1,Gauss-Seidel,7,False,,9108937,3.35644716400202
5: hierarchical,jeu_100_25_1,Gauss-Seidel,8,True,0.2936200021554047,8176957,3.366083135999361
5: hierarchical,jeu_100_25_1,Gauss-Seidel,9,True,0.5740920357797177,9234077,3.3896895950019825
5: hierarchical,jeu_100_25_1,Gauss-Seidel,10,True,0.7899019290871861,8874657,3.3310008289990947
5: hierarchical,jeu_100_25_1,Gauss-Seidel,11,True,0.7688328483672809,8886166,3.393431917000271
5: hierarchical,jeu_100_25_1,Gauss-Seidel,12,True,0.8118870567949132,8950069,3.2831599609999103
5: hierarchical,jeu_100_25_1,Gauss-Seidel,13,True,0.29211121888134495,8504642,3.253184209999745
5: hierarchical,jeu_100_25_1,Gauss-Seidel,14,True,0.3135574954197651,8211910,3.313552506999258
5: hierarchical,jeu_100_25_1,Gauss-Seidel,15,False,,8566984,3.2510067599978356
5: hierarchical,jeu_100_25_1,Gauss-Seidel,16,False,,8449270,3.236578771000495
5: hierarchical,jeu_100_25_1,Gauss-Seidel,17,True,0.256816467291734,8927500,3.282767590997537
5: hierarchical,jeu_100_25_1,Gauss-Seidel,18,True,0.4811402090742537,9301706,3.289235901000211
5: hierarchical,jeu_100_25_1,Gauss-Seidel,19,True,0.46319646513632934,8965600,3.2491383600026893
5: hierarchical,jeu_100_25_1,Gauss-Seidel + geometric ramp,0,True,0.8176527643064986,12808803,3.4556516209995607
5: hierarchical,jeu_100_25_1,Gauss-Seidel + geometric ramp,1,True,0.8074145920896648,13350446,3.462016493002011
5: hierarchical,jeu_100_25_1,Gauss-Seidel + geometric ramp,2,True,0.20831986205410066,13187646,3.5460004759988806
5: hierarchical,jeu_100_25_1,Gauss-Seidel + geometric ramp,3,True,0.829938570966699,13443766,3.522135072002129
5: hierarchical,jeu_100_25_1,Gauss-Seidel + geometric ramp,4,True,0.1572367712037935,13295914,3.5306894980021752
5: hierarchical,jeu_100_25_1,Gauss-Seidel + geometric ramp,5,True,0.8236878974027374,13273577,3.4882945270001073
5: hierarchical,jeu_100_25_1,Gauss-Seidel + geometric ramp,6,True,0.8208319862054101,13270034,3.486020791999181
5: hierarchical,jeu_100_25_1,Gauss-Seidel + geometric ramp,7,True,0.4509106584761289,13441987,3.547893463000946
5: hierarchical,jeu_100_25_1,Gauss-Seidel + geometric ramp,8,True,0.29308115098609766,12861491,3.4100125300028594
5: hierarchical,jeu_100_25_1,Gauss-Seidel + geometric ramp,9,True,0.486905916585839,13417349,3.6619727939978475
5: hierarchical,jeu_100_25_1,Gauss-Seidel + geometric ramp,10,True,0.7723892660847074,13579083,3.578078041999106
5: hierarchical,jeu_100_25_1,Gauss-Seidel + geometric ramp,11,False,,13551373,3.4534805120019882
5: hierarchical,jeu_100_25_1,Gauss-Seidel + geometric ramp,12,True,0.7695872400043108,13347769,3.8556096290012647
5: hierarchical,jeu_100_25_1,Gauss-Seidel + geometric ramp,13,True,0.2179114128677659,13452054,3.9463195239986817
5: hierarchical,jeu_100_25_1,Gauss-Seidel + geometric ramp,14,True,0.20384739734885224,12904682,3.846501325002464
5: hierarchical,jeu_100_25_1,Gauss-Seidel + geometric ramp,15,True,0.8081689837266947,13134770,4.011866034998093
5: hierarchical,jeu_100_25_1,Gauss-Seidel + geometric ramp,16,True,0.81393469123828,12860160,3.8423155460004637
5: hierarchical,jeu_100_25_1,Gauss-Seidel + geometric ramp,17,True,0.1643496066386464,13706500,4.070513644001039
5: hierarchical,jeu_100_25_1,Gauss-Seidel + geometric ramp,18,True,0.44880913891583146,13364663,4.226619921999372
5: hierarchical,jeu_100_25_1,Gauss-Seidel + geometric ramp,19,True,0.4449294104968208,13258109,4.289419864999218
5: hierarchical,jeu_100_25_1,Gauss-Seidel + Adam,0,True,0.8081689837266947,134373,3.13058113200168
5: hierarchical,jeu_100_25_1,Gauss-Seidel + Adam,1,True,0.7722276107339153,166435,3.2436621460001334
5: hierarchical,jeu_100_25_1,Gauss-Seidel + Adam,2,True,0.2555771096023278,184764,3.313587242999347
5: hierarchical,jeu_100_25_1,Gauss-Seidel + Adam,3,True,0.787369328591443,155185,3.3490609590007807
5: hierarchical,jeu_100_25_1,Gauss-Seidel + Adam,4,True,0.18029960125013472,181219,3.427792293998209
5: hierarchical,jeu_100_25_1,Gauss-Seidel + Adam,5,True,0.7813880806121349,163440,3.130694177998521
5: hierarchical,jeu_100_25_1,Gauss-Seidel + Adam,6,True,0.7973380752236232,160371,3.230688755000301
5: hierarchical,jeu_100_25_1,Gauss-Seidel + Adam,7,True,0.4615799116284082,201046,3.36816171800092
5: hierarchical,jeu_100_25_1,Gauss-Seidel + Adam,8,True,0.35354025218234725,195614,3.553197117998934
5: hierarchical,jeu_100_25_1,Gauss-Seidel + Adam,9,True,0.5200991486151525,181018,3.6145026439990033
5: hierarchical,jeu_100_25_1,Gauss-Seidel + Adam,10,True,0.7705032869921328,164625,3.612352785999974
5: hierarchical,jeu_100_25_1,Gauss-Seidel + Adam,11,True,0.7815497359629271,161612,3.6151210660027573
5: hierarchical,jeu_100_25_1,Gauss-Seidel + Adam,12,True,0.7771311563746093,153884,3.6412178940008744
5: hierarchical,jeu_100_25_1,Gauss-Seidel + Adam,13,True,0.2336997521284621,186990,3.6243996060002246
5: hierarchical,jeu_100_25_1,Gauss-Seidel + Adam,14,True,0.18256277616122427,208649,3.707065030001104
5: hierarchical,jeu_100_25_1,Gauss-Seidel + Adam,15,True,0.7987929733807523,118978,3.5612198279995937
5: hierarchical,jeu_100_25_1,Gauss-Seidel + Adam,16,True,0.8081689837266947,136577,3.5870471200032625
5: hierarchical,jeu_100_25_1,Gauss-Seidel + Adam,17,True,0.21381614398103244,225398,3.6318113999986963
5: hierarchical,jeu_100_25_1,Gauss-Seidel + Adam,18,True,0.3962172647914646,192394,3.615174899001431
5: hierarchical,jeu_100_25_1,Gauss-Seidel + Adam,19,True,0.4730574415346481,177630,3.5724145000021963
5: hierarchical,G1,baseline,0,True,0.023657949070887817,991589,8.460214683000231
5: hierarchical,G1,baseline,1,True,0.022797660013764626,1022380,8.542347679001978
5: hierarchical,G1,baseline,2,True,0.022797660013764626,1090738,8.861210936000134
5: hierarchical,G1,baseline,3,True,0.021593255333792156,1032344,8.53112867100208
5: hierarchical,G1,baseline,4,True,0.023141775636613904,1039596,8.517371762998664
5: hierarchical,G1,baseline,5,True,0.023141775636613904,963593,9.212747306999518
5: hierarchical,G1,baseline,6,True,0.022453544390915348,1052315,8.898210466999444
5: hierarchical,G1,baseline,7,True,0.022797660013764626,1057288,9.262752680999256
5: hierarchical,G1,baseline,8,True,0.022797660013764626,1015335,8.76398004099974
5: hierarchical,G1,baseline,9,True,0.023141775636613904,1033068,8.793977843000903
5: hierarchical,G1,baseline,10,True,0.021249139710942878,1063894,8.423188741999184
5: hierarchical,G1,baseline,11,True,0.022969717825189265,1030414,8.789265166997211
5: hierarchical,G1,baseline,12,True,0.023141775636613904,1055360,8.749821724999492
5: hierarchical,G1,baseline,13,True,0.023141775636613904,939171,9.103895836000447
5: hierarchical,G1,baseline,14,True,0.022969717825189265,972882,8.390509405999182
5: hierarchical,G1,baseline,15,True,0.02210942876806607,1006150,8.637619561002793
5: hierarchical,G1,baseline,16,True,0.022625602202339987,948960,8.168553645999054
5: hierarchical,G1,baseline,17,True,0.024174122505161735,1055812,8.20834955099781
5: hierarchical,G1,baseline,18,True,0.02348589125946318,1038039,7.977019428999483
5: hierarchical,G1,baseline,19,True,0.024174122505161735,988642,8.91643031300191
5: hierarchical,G1,core: geometric ramp,0,True,0.023657949070887817,991589,8.704522423999151
5: hierarchical,G1,core: geometric ramp,1,True,0.022797660013764626,1022380,8.624636813001416
5: hierarchical,G1,core: geometric ramp,2,True,0.022797660013764626,1090738,8.065045334999013
5: hierarchical,G1,core: geometric ramp,3,True,0.021593255333792156,1032344,8.72965272500005
5: hierarchical,G1,core: geometric ramp,4,True,0.023141775636613904,1039596,8.470211505999032
5: hierarchical,G1,core: geometric ramp,5,True,0.023141775636613904,963593,7.98418278799727
5: hierarchical,G1,core: geometric ramp,6,True,0.022453544390915348,1052315,8.349542523003038
5: hierarchical,G1,core: geometric ramp,7,True,0.022797660013764626,1057288,8.650615505001042
5: hierarchical,G1,core: geometric ramp,8,True,0.022797660013764626,1015335,8.691429836002499
5: hierarchical,G1,core: geometric ramp,9,True,0.023141775636613904,1033068,8.765700478001236
5: hierarchical,G1,core: geometric ramp,10,True,0.021249139710942878,1063894,8.470183632001863
5: hierarchical,G1,core: geometric ramp,11,True,0.022969717825189265,1030414,8.644771388000663
5: hierarchical,G1,core: geometric ramp,12,True,0.023141775636613904,1055360,8.719441102002747
5: hierarchical,G1,core: geometric ramp,13,True,0.023141775636613904,939171,8.556453013003193
5: hierarchical,G1,core: geometric ramp,14,True,0.022969717825189265,972882,8.543993274000968
5: hierarchical,G1,core: geometric ramp,15,True,0.02210942876806607,1006150,8.86325324900099
5: hierarchical,G1,core: geometric ramp,16,True,0.022625602202339987,948960,8.39727671700166
5: hierarchical,G1,core: geometric ramp,17,True,0.024174122505161735,1055812,8.882617541999934
5: hierarchical,G1,core: geometric ramp,18,True,0.02348589125946318,1038039,8.808389742000145
5: hierarchical,G1,core: geometric ramp,19,True,0.024174122505161735,988642,8.227420623999933
5: hierarchical,G1,sweeps: geometric ramp,0,True,0.023657949070887817,991589,8.43743760000143
5: hierarchical,G1,sweeps: geometric ramp,1,True,0.022797660013764626,1022380,7.988678166999307
5: hierarchical,G1,sweeps: geometric ramp,2,True,0.022797660013764626,1090738,8.270141957997112
5: hierarchical,G1,sweeps: geometric ramp,3,True,0.021593255333792156,1032344,8.62094690199956
5: hierarchical,G1,sweeps: geometric ramp,4,True,0.023141775636613904,1039596,8.743797974999325
5: hierarchical,G1,sweeps: geometric ramp,5,True,0.023141775636613904,963593,8.127567216000898
5: hierarchical,G1,sweeps: geometric ramp,6,True,0.022453544390915348,1052315,8.95234147500014
5: hierarchical,G1,sweeps: geometric ramp,7,True,0.022797660013764626,1057288,8.217369958001655
5: hierarchical,G1,sweeps: geometric ramp,8,True,0.022797660013764626,1015335,8.645818910001253
5: hierarchical,G1,sweeps: geometric ramp,9,True,0.023141775636613904,1033068,8.708474365997972
5: hierarchical,G1,sweeps: geometric ramp,10,True,0.021249139710942878,1063894,8.382385280998278
5: hierarchical,G1,sweeps: geometric ramp,11,True,0.022969717825189265,1030414,8.43968517400208
5: hierarchical,G1,sweeps: geometric ramp,12,True,0.023141775636613904,1055360,8.270054000000528
5: hierarchical,G1,sweeps: geometric ramp,13,True,0.023141775636613904,939171,8.775371689000167
5: hierarchical,G1,sweeps: geometric ramp,14,True,0.022969717825189265,972882,8.541046231999644
5: hierarchical,G1,sweeps: geometric ramp,15,True,0.02210942876806607,1006150,8.30866748599874
5: hierarchical,G1,sweeps: geometric ramp,16,True,0.022625602202339987,948960,8.575286040002538
5: hierarchical,G1,sweeps: geometric ramp,17,True,0.024174122505161735,1055812,8.726795044996834
5: hierarchical,G1,sweeps: geometric ramp,18,True,0.02348589125946318,1038039,7.820172805000766
5: hierarchical,G1,sweeps: geometric ramp,19,True,0.024174122505161735,988642,8.293920876996708
5: hierarchical,G1,core: Adam,0,True,0.024002064693737096,3896641,10.584166435000952
5: hierarchical,G1,core: Adam,1,True,0.02348589125946318,3966161,11.187387704001594
5: hierarchical,G1,core: Adam,2,True,0.022969717825189265,3868495,11.189327751002565
5: hierarchical,G1,core: Adam,3,True,0.023657949070887817,3887285,11.294683814001473
5: hierarchical,G1,core: Adam,4,True,0.02348589125946318,3887397,11.258525990000635
5: hierarchical,G1,core: Adam,5,True,0.02348589125946318,3936667,10.911170326999127
5: hierarchical,G1,core: Adam,6,True,0.023141775636613904,3955839,11.629641084000468
5: hierarchical,G1,core: Adam,7,True,0.023657949070887817,3760539,11.226932599001884
5: hierarchical,G1,core: Adam,8,True,0.02348589125946318,3849420,11.47836012499829
5: hierarchical,G1,core: Adam,9,True,0.02348589125946318,3596041,10.946932945997105
5: hierarchical,G1,core: Adam,10,True,0.023657949070887817,3858716,10.957224581998162
5: hierarchical,G1,core: Adam,11,True,0.023141775636613904,3888282,11.095240382001066
5: hierarchical,G1,core: Adam,12,True,0.02348589125946318,3927464,10.957841750998341
5: hierarchical,G1,core: Adam,13,True,0.022453544390915348,3799188,11.298684058001527
5: hierarchical,G1,core: Adam,14,True,0.02331383344803854,3896414,10.677579695999157
5: hierarchical,G1,core: Adam,15,True,0.024002064693737096,3858712,10.722146567000891
5: hierarchical,G1,core: Adam,16,True,0.022453544390915348,3955056,11.028020022000419
5: hierarchical,G1,core: Adam,17,True,0.023141775636613904,3937345,11.269604068998888
5: hierarchical,G1,core: Adam,18,True,0.02348589125946318,3918518,11.005210556999373
5: hierarchical,G1,core: Adam,19,True,0.02348589125946318,3995778,11.03176601100131
5: hierarchical,G1,Jacobi (lower states),0,True,0.1539917412250516,911501,6.6782550560019445
5: hierarchical,G1,Jacobi (lower states),1,True,0.1693909153475568,809432,6.246800961998815
5: hierarchical,G1,Jacobi (lower states),2,True,0.15313145216792842,788766,6.4355835120004485
5: hierarchical,G1,Jacobi (lower states),3,True,0.18909153475567791,740576,6.174265494999418
5: hierarchical,G1,Jacobi (lower states),4,True,0.13334480385409497,875391,6.570526739997149
5: hierarchical,G1,Jacobi (lower states),5,True,0.14401238816242257,806368,6.567614284998854
5: hierarchical,G1,Jacobi (lower states),6,True,0.13902271163110805,801458,6.129620043000614
5: hierarchical,G1,Jacobi (lower states),7,True,0.1379043358568479,850178,6.114021907000279
5: hierarchical,G1,Jacobi (lower states),8,True,0.1379043358568479,955899,6.460047738997673
5: hierarchical,G1,Jacobi (lower states),9,True,0.172143840330351,801126,5.8548063000016555
5: hierarchical,G1,Jacobi (lower states),10,True,0.15932553337921543,853211,6.066910153000208
5: hierarchical,G1,Jacobi (lower states),11,True,0.17059532002752925,798538,6.337240068998653
5: hierarchical,G1,Jacobi (lower states),12,True,0.1677563661390227,785355,7.291180918000464
5: hierarchical,G1,Jacobi (lower states),13,True,0.13274260151410874,898564,8.256581145000382
5: hierarchical,G1,Jacobi (lower states),14,True,0.13626978664831382,957458,8.095967624001787
5: hierarchical,G1,Jacobi (lower states),15,True,0.1467653131452168,806290,7.780915819999791
5: hierarchical,G1,Jacobi (lower states),16,True,0.1423778389538885,918829,6.753876749000483
5: hierarchical,G1,Jacobi (lower states),17,True,0.16526152787336545,759604,6.618909544002236
5: hierarchical,G1,Jacobi (lower states),18,True,0.15338953888506537,895789,6.722244292999676
5: hierarchical,G1,Jacobi (lower states),19,True,0.14874397797660013,968849,6.870173025999975
5: hierarchical,G1,Gauss-Seidel,0,True,0.01987267721954577,1777549,6.760439900001074
5: hierarchical,G1,Gauss-Seidel,1,True,0.021163110805230558,1826958,6.921278501999041
5: hierarchical,G1,Gauss-Seidel,2,True,0.018926359256710254,1618111,6.9181827869979315
5: hierarchical,G1,Gauss-Seidel,3,True,0.02064693737095664,1715739,6.685724859999027
5: hierarchical,G1,Gauss-Seidel,4,True,0.01952856159669649,2045890,6.761037412001315
5: hierarchical,G1,Gauss-Seidel,5,True,0.01565726083964212,1787392,6.518377480002528
5: hierarchical,G1,Gauss-Seidel,6,True,0.018066070199587062,1957757,6.701505553999596
5: hierarchical,G1,Gauss-Seidel,7,True,0.015915347556779078,1846281,6.641696997998224
5: hierarchical,G1,Gauss-Seidel,8,True,0.02830350997935306,1834041,8.963365611001791
5: hierarchical,G1,Gauss-Seidel,9,True,0.01944253269098417,1868922,8.786253983002098
5: hierarchical,G1,Gauss-Seidel,10,True,0.023571920165175498,1595289,8.33817384899885
5: hierarchical,G1,Gauss-Seidel,11,True,0.017119752236751547,1874228,8.519404257000133
5: hierarchical,G1,Gauss-Seidel,12,True,0.019270474879559532,1785580,8.373075211002288
5: hierarchical,G1,Gauss-Seidel,13,True,0.016775636613902273,1904966,9.070287605001795
5: hierarchical,G1,Gauss-Seidel,14,True,0.019098417068134893,1649961,8.733946069001831
5: hierarchical,G1,Gauss-Seidel,15,True,0.017377838953888506,1767783,8.486525821001123
5: hierarchical,G1,Gauss-Seidel,16,True,0.023055746730901584,1869588,8.543031556000642
5: hierarchical,G1,Gauss-Seidel,17,True,0.01944253269098417,1915488,9.148099464000552
5: hierarchical,G1,Gauss-Seidel,18,True,0.013420509291121816,1731339,8.634381575000589
5: hierarchical,G1,Gauss-Seidel,19,True,0.025550584996558844,1663497,8.695495164996828
5: hierarchical,G1,Gauss-Seidel + geometric ramp,0,True,0.01987267721954577,1777549,8.870919557997695
5: hierarchical,G1,Gauss-Seidel + geometric ramp,1,True,0.021163110805230558,1826958,8.66916009200213
5: hierarchical,G1,Gauss-Seidel + geometric ramp,2,True,0.018926359256710254,1618111,8.486461116997816
5: hierarchical,G1,Gauss-Seidel + geometric ramp,3,True,0.02064693737095664,1715739,8.154759809000097
5: hierarchical,G1,Gauss-Seidel + geometric ramp,4,True,0.01952856159669649,2045890,8.762583131003339
5: hierarchical,G1,Gauss-Seidel + geometric ramp,5,True,0.01565726083964212,1787392,8.576648072998069
5: hierarchical,G1,Gauss-Seidel + geometric ramp,6,True,0.018066070199587062,1957757,8.690789963002317
5: hierarchical,G1,Gauss-Seidel + geometric ramp,7,True,0.015915347556779078,1846281,8.675631156998861
5: hierarchical,G1,Gauss-Seidel + geometric ramp,8,True,0.02830350997935306,1834041,8.714753625001322
5: hierarchical,G1,Gauss-Seidel + geometric ramp,9,True,0.01944253269098417,1868922,8.501437375998648
5: hierarchical,G1,Gauss-Seidel + geometric ramp,10,True,0.023571920165175498,1595289,8.402532280000742
5: hierarchical,G1,Gauss-Seidel + geometric ramp,11,True,0.017119752236751547,1874228,8.403229521998583
5: hierarchical,G1,Gauss-Seidel + geometric ramp,12,True,0.019270474879559532,1785580,8.425858292997873
5: hierarchical,G1,Gauss-Seidel + geometric ramp,13,True,0.016775636613902273,1904966,8.356651066998893
5: hierarchical,G1,Gauss-Seidel + geometric ramp,14,True,0.019098417068134893,1649961,8.200545268999122
5: hierarchical,G1,Gauss-Seidel + geometric ramp,15,True,0.017377838953888506,1767783,8.158957168998313
5: hierarchical,G1,Gauss-Seidel + geometric ramp,16,True,0.023055746730901584,1869588,8.179673816001014
5: hierarchical,G1,Gauss-Seidel + geometric ramp,17,True,0.01944253269098417,1915488,8.20220687300025
5: hierarchical,G1,Gauss-Seidel + geometric ramp,18,True,0.013420509291121816,1731339,8.111761724001553
5: hierarchical,G1,Gauss-Seidel + geometric ramp,19,True,0.025550584996558844,1663497,8.082752790996892
5: hierarchical,G1,Gauss-Seidel + Adam,0,True,0.03131452167928424,2159913,7.324886325000989
5: hierarchical,G1,Gauss-Seidel + Adam,1,True,0.016775636613902273,1589265,6.938916395996785
5: hierarchical,G1,Gauss-Seidel + Adam,2,True,0.02073296627666896,1072666,6.5866806890007865
5: hierarchical,G1,Gauss-Seidel + Adam,3,True,0.020044735030970404,572768,6.066468037999584
5: hierarchical,G1,Gauss-Seidel + Adam,4,True,0.01970061940812113,2115323,6.796889351000573
5: hierarchical,G1,Gauss-Seidel + Adam,5,True,0.017721954576737784,1750663,6.6967355989982025
5: hierarchical,G1,Gauss-Seidel + Adam,6,True,0.022539573296627667,1059080,6.219927480000479
5: hierarchical,G1,Gauss-Seidel + Adam,7,True,0.021679284239504472,1577766,6.459089197000139
5: hierarchical,G1,Gauss-Seidel + Adam,8,True,0.025206469373709565,831624,6.093325338999421
5: hierarchical,G1,Gauss-Seidel + Adam,9,True,0.02641087405368204,1111174,6.121136532998207
5: hierarchical,G1,Gauss-Seidel + Adam,10,True,0.017377838953888506,1562350,6.212256361999607
5: hierarchical,G1,Gauss-Seidel + Adam,11,True,0.024088093599449415,978700,6.054797126002086
5: hierarchical,G1,Gauss-Seidel + Adam,12,True,0.022969717825189265,751867,5.739209027997276
5: hierarchical,G1,Gauss-Seidel + Adam,13,True,0.016517549896765314,1251702,5.983797044998937
5: hierarchical,G1,Gauss-Seidel + Adam,14,True,0.017807983482450104,1751422,5.974053056001139
5: hierarchical,G1,Gauss-Seidel + Adam,15,True,0.021249139710942878,875330,5.692626615000336
5: hierarchical,G1,Gauss-Seidel + Adam,16,True,0.01436682725395733,1116267,5.602283852000255
5: hierarchical,G1,Gauss-Seidel + Adam,17,True,0.02193737095664143,800984,5.484251687001233
5: hierarchical,G1,Gauss-Seidel + Adam,18,True,0.017807983482450104,2531036,5.758201871001802
5: hierarchical,G1,Gauss-Seidel + Adam,19,True,0.026582931865106674,851785,5.196958406002523
5: hierarchical,ulysses16,flat solver,0,True,0.020119550954949703,1340549,1.337809913999081
5: hierarchical,ulysses16,flat solver,1,True,0.03528211109491179,1331246,1.355376432002231
5: hierarchical,ulysses16,flat solver,2,True,0.0068523108324828694,1325855,1.310868043001392
5: hierarchical,ulysses16,flat solver,3,True,0.013413033969966468,1343034,1.3160150270014128
5: hierarchical,ulysses16,flat solver,4,True,0.07377168683481557,1385082,1.3633786030004558
5: hierarchical,ulysses16,flat solver,5,True,0.059046508237352385,1264311,1.222019253000326
5: hierarchical,ulysses16,flat solver,6,True,0.04650823735238373,1288139,1.2946232200010854
5: hierarchical,ulysses16,flat solver,7,True,0.0266802740924333,1324848,1.3595816170018225
5: hierarchical,ulysses16,flat solver,8,True,0.0513194343198717,1325513,1.3163092600007076
5: hierarchical,ulysses16,flat solver,9,True,0.013121446274967197,1415097,1.4030426259996602
5: hierarchical,ulysses16,flat solver,10,True,0.042717597317393205,1372765,1.378961951002566
5: hierarchical,ulysses16,flat solver,11,True,0.027700831024930747,1296864,1.30355234200033
5: hierarchical,ulysses16,flat solver,12,True,0.05758856976235603,1301797,1.298216125996987
5: hierarchical,ulysses16,flat solver,13,True,0.14870972444962824,1369328,1.3512431430026481
5: hierarchical,ulysses16,flat solver,14,True,0.0537979297273655,1320676,1.3087976460010395
5: hierarchical,ulysses16,flat solver,15,True,0.07216795451231958,1351240,1.3529401760024484
5: hierarchical,ulysses16,flat solver,16,True,0.09359965009476601,1371357,1.3720114690004266
5: hierarchical,ulysses16,flat solver,17,True,0.19040676483452398,1313358,1.3022692009981256
5: hierarchical,ulysses16,flat solver,18,True,0.12363318267969092,1426643,1.4022432890014898
5: hierarchical,ulysses16,flat solver,19,True,0.03367837877241581,1405174,1.3510094869998284
5: hierarchical,jeu_100_25_1,flat solver,0,True,0.2567625821748033,4990001,1.8849090110015823
5: hierarchical,jeu_100_25_1,flat solver,1,True,0.3154973596292704,5000000,1.9039622299969778
5: hierarchical,jeu_100_25_1,flat solver,2,True,0.2686173078995581,4990001,1.9163438389987277
5: hierarchical,jeu_100_25_1,flat solver,3,True,0.2532600495743076,4980002,1.8820120460004546
5: hierarchical,jeu_100_25_1,flat solver,4,True,0.19231598232568164,5000000,1.8688538120004523
5: hierarchical,jeu_100_25_1,flat solver,5,True,0.21435499515033948,4990001,1.8424168240017025
5: hierarchical,jeu_100_25_1,flat solver,6,True,0.23429248841469985,4990001,1.8861671759987075
5: hierarchical,jeu_100_25_1,flat solver,7,True,0.20821209182023925,4990001,1.9326578330001212
5: hierarchical,jeu_100_25_1,flat solver,8,True,0.20147645220390129,4990001,1.9231518980013789
5: hierarchical,jeu_100_25_1,flat solver,9,True,0.2724431512016381,5000000,1.868852669998887
5: hierarchical,jeu_100_25_1,flat solver,10,True,0.2120918202392499,5000000,1.8689560279999569
5: hierarchical,jeu_100_25_1,flat solver,11,True,0.23111326651578834,5000000,1.9232910339997034
5: hierarchical,jeu_100_25_1,flat solver,12,True,0.28596831555124474,5000000,1.9009447440002987
5: hierarchical,jeu_100_25_1,flat solver,13,True,0.35655781873046666,5000000,1.600190389999625
5: hierarchical,jeu_100_25_1,flat solver,14,True,0.2624744045694579,5000000,1.8728921589972742
5: hierarchical,jeu_100_25_1,flat solver,15,True,0.19183101627330532,4980002,1.689684191998822
5: hierarchical,jeu_100_25_1,flat solver,16,True,0.2667852139239142,4990001,1.8857141799999226
5: hierarchical,jeu_100_25_1,flat solver,17,True,0.2493803211552969,5000000,1.8916013589987415
5: hierarchical,jeu_100_25_1,flat solver,18,True,0.3445953227718504,5000000,1.4336208869972324
5: hierarchical,jeu_100_25_1,flat solver,19,True,0.28192693178144196,4970003,1.7201360109975212
5: hierarchical,G1,flat solver,0,True,0.005849965588437715,1310216,2.8961150979994272
5: hierarchical,G1,flat solver,1,True,0.008774948382656573,1256584,2.8149597400006314
5: hierarchical,G1,flat solver,2,True,0.0035271851342050927,1308936,2.637055347000569
5: hierarchical,G1,flat solver,3,True,0.0056779077770130765,1317347,3.07921403599903
5: hierarchical,G1,flat solver,4,True,0.0072264280798348245,1311965,3.1303556009988824
5: hierarchical,G1,flat solver,5,True,0.0049036476256022025,1302237,3.211085615999764
5: hierarchical,G1,flat solver,6,True,0.0005161734342739161,1312045,3.0015719620023447
5: hierarchical,G1,flat solver,7,True,0.00653819683413627,1296274,3.144664253999508
5: hierarchical,G1,flat solver,8,True,0.011011699931176875,1329743,3.098042814999644
5: hierarchical,G1,flat solver,9,True,0.0049036476256022025,1227170,2.767421309999918
5: hierarchical,G1,flat solver,10,True,0.008344803854094977,1284009,3.176384115999099
5: hierarchical,G1,flat solver,11,True,0.005419821059876118,1306516,3.3021726820006734
5: hierarchical,G1,flat solver,12,True,0.006796283551273228,1339555,2.851085922000493
5: hierarchical,G1,flat solver,13,True,0.003269098417068135,1361298,3.015724094999314
5: hierarchical,G1,flat solver,14,True,0.005591878871300757,1288533,2.693677846000355
5: hierarchical,G1,flat solver,15,True,0.007656572608396421,1286686,2.5942149849979614
5: hierarchical,G1,flat solver,16,True,0.0014624913971094287,1231170,2.908261337001022
5: hierarchical,G1,flat solver,17,True,0.005075705437026841,1322267,2.849295750998863
5: hierarchical,G1,flat solver,18,True,0.007570543702684102,1282469,2.662739937000879
5: hierarchical,G1,flat solver,19,True,0.006968341362697867,1344755,2.9956940800002485
